1791347865617130325,200,12333973,93347,0,,,,0,POST,http://proxy:8080/extract,Q29udGVudC1MZW5ndGg6IDM2NjQNCkNvbnRlbnQtVHlwZTogYXBwbGljYXRpb24vanNvbg0KRGF0ZTogV2VkLCAwNyBPY3QgMjAyNiAwNDozNzo0NCBHTVQNClNlcnZlci1UaW1pbmc6IHF1ZXVlO2R1cj0wLjAsIGV4dHJhY3Q7ZHVyPTYuMg0KWC1Db250ZW50LVR5cGUtT3B0aW9uczogbm9zbmlmZg0KDQo=
1791347865637706250,200,51367404,147209,0,,,,1,POST,http://proxy:8080/extract,Q29udGVudC1MZW5ndGg6IDQ1MzQ1DQpDb250ZW50LVR5cGU6IGFwcGxpY2F0aW9uL2pzb24NCkRhdGU6IFdlZCwgMDcgT2N0IDIwMjYgMDQ6Mzc6NDQgR01UDQpTZXJ2ZXItVGltaW5nOiBxdWV1ZTtkdXI9MC4wLCBleHRyYWN0O2R1cj01MC4wDQpYLUNvbnRlbnQtVHlwZS1PcHRpb25zOiBub3NuaWZmDQoNCg==
1791347865697221992,200,12632119,93347,0,,,,4,POST,http://proxy:8080/extract,Q29udGVudC1MZW5ndGg6IDM2NjQNCkNvbnRlbnQtVHlwZTogYXBwbGljYXRpb24vanNvbg0KRGF0ZTogV2VkLCAwNyBPY3QgMjAyNiAwNDozNzo0NCBHTVQNClNlcnZlci1UaW1pbmc6IHF1ZXVlO2R1cj0wLjAsIGV4dHJhY3Q7ZHVyPTExLjMNClgtQ29udGVudC1UeXBlLU9wdGlvbnM6IG5vc25pZmYNCg0K
1791347865782926111,200,32249899,93347,0,,,,8,POST,http://proxy:8080/extract,Q29udGVudC1MZW5ndGg6IDM2NjQNCkNvbnRlbnQtVHlwZTogYXBwbGljYXRpb24vanNvbg0KRGF0ZTogV2VkLCAwNyBPY3QgMjAyNiAwNDozNzo0NSBHTVQNClNlcnZlci1UaW1pbmc6IHF1ZXVlO2R1cj0wLjAsIGV4dHJhY3Q7ZHVyPTE0LjkNClgtQ29udGVudC1UeXBlLU9wdGlvbnM6IG5vc25pZmYNCg0K
1791347865730704478,200,85238149,147209,0,,,,5,POST,http://proxy:8080/extract,Q29udGVudC1MZW5ndGg6IDQ1MzQ1DQpDb250ZW50LVR5cGU6IGFwcGxpY2F0aW9uL2pzb24NCkRhdGU6IFdlZCwgMDcgT2N0IDIwMjYgMDQ6Mzc6NDQgR01UDQpTZXJ2ZXItVGltaW5nOiBxdWV1ZTtkdXI9MC4xLCBleHRyYWN0O2R1cj04My41DQpYLUNvbnRlbnQtVHlwZS1PcHRpb25zOiBub3NuaWZmDQoNCg==
1791347865799130973,200,91247062,147209,0,,,,9,POST,http://proxy:8080/extract,Q29udGVudC1MZW5ndGg6IDQ1MzQ1DQpDb250ZW50LVR5cGU6IGFwcGxpY2F0aW9uL2pzb24NCkRhdGU6IFdlZCwgMDcgT2N0IDIwMjYgMDQ6Mzc6NDUgR01UDQpTZXJ2ZXItVGltaW5nOiBxdWV1ZTtkdXI9MC4wLCBleHRyYWN0O2R1cj03My4xDQpYLUNvbnRlbnQtVHlwZS1PcHRpb25zOiBub3NuaWZmDQoNCg==
1791347865864498803,200,46989638,93347,0,,,,12,POST,http://proxy:8080/extract,Q29udGVudC1MZW5ndGg6IDM2NjQNCkNvbnRlbnQtVHlwZTogYXBwbGljYXRpb24vanNvbg0KRGF0ZTogV2VkLCAwNyBPY3QgMjAyNiAwNDozNzo0NSBHTVQNClNlcnZlci1UaW1pbmc6IHF1ZXVlO2R1cj0wLjAsIGV4dHJhY3Q7ZHVyPTUuNw0KWC1Db250ZW50LVR5cGUtT3B0aW9uczogbm9zbmlmZg0KDQo=
1791347865884622260,200,157100466,147209,0,,,,13,POST,http://proxy:8080/extract,Q29udGVudC1MZW5ndGg6IDQ1MzQ1DQpDb250ZW50LVR5cGU6IGFwcGxpY2F0aW9uL2pzb24NCkRhdGU6IFdlZCwgMDcgT2N0IDIwMjYgMDQ6Mzc6NDUgR01UDQpTZXJ2ZXItVGltaW5nOiBxdWV1ZTtkdXI9MC4wLCBleHRyYWN0O2R1cj0xMTcuNw0KWC1Db250ZW50LVR5cGUtT3B0aW9uczogbm9zbmlmZg0KDQo=
1791347865677674022,200,387291435,10063439,0,,,,3,POST,http://proxy:8080/extract,Q29udGVudC1MZW5ndGg6IDQxMzA1DQpDb250ZW50LVR5cGU6IGFwcGxpY2F0aW9uL2pzb24NCkRhdGU6IFdlZCwgMDcgT2N0IDIwMjYgMDQ6Mzc6NDUgR01UDQpTZXJ2ZXItVGltaW5nOiBxdWV1ZTtkdXI9MC4wLCBleHRyYWN0O2R1cj0zNTguOA0KWC1Db250ZW50LVR5cGUtT3B0aW9uczogbm9zbmlmZg0KDQo=
1791347865937009018,200,142269913,93347,0,,,,16,POST,http://proxy:8080/extract,Q29udGVudC1MZW5ndGg6IDM2NjQNCkNvbnRlbnQtVHlwZTogYXBwbGljYXRpb24vanNvbg0KRGF0ZTogV2VkLCAwNyBPY3QgMjAyNiAwNDozNzo0NSBHTVQNClNlcnZlci1UaW1pbmc6IHF1ZXVlO2R1cj0wLjUsIGV4dHJhY3Q7ZHVyPTYuOQ0KWC1Db250ZW50LVR5cGUtT3B0aW9uczogbm9zbmlmZg0KDQo=
1791347866017207301,200,94156104,93347,0,,,,20,POST,http://proxy:8080/extract,Q29udGVudC1MZW5ndGg6IDM2NjQNCkNvbnRlbnQtVHlwZTogYXBwbGljYXRpb24vanNvbg0KRGF0ZTogV2VkLCAwNyBPY3QgMjAyNiAwNDozNzo0NSBHTVQNClNlcnZlci1UaW1pbmc6IHF1ZXVlO2R1cj0wLjAsIGV4dHJhY3Q7ZHVyPTI0LjINClgtQ29udGVudC1UeXBlLU9wdGlvbnM6IG5vc25pZmYNCg0K
1791347865964920458,200,168057931,147209,0,,,,17,POST,http://proxy:8080/extract,Q29udGVudC1MZW5ndGg6IDQ1MzQ1DQpDb250ZW50LVR5cGU6IGFwcGxpY2F0aW9uL2pzb24NCkRhdGU6IFdlZCwgMDcgT2N0IDIwMjYgMDQ6Mzc6NDUgR01UDQpTZXJ2ZXItVGltaW5nOiBxdWV1ZTtkdXI9MC4xLCBleHRyYWN0O2R1cj02My40DQpYLUNvbnRlbnQtVHlwZS1PcHRpb25zOiBub3NuaWZmDQoNCg==
1791347866097487797,200,42982330,93347,0,,,,24,POST,http://proxy:8080/extract,Q29udGVudC1MZW5ndGg6IDM2NjQNCkNvbnRlbnQtVHlwZTogYXBwbGljYXRpb24vanNvbg0KRGF0ZTogV2VkLCAwNyBPY3QgMjAyNiAwNDozNzo0NSBHTVQNClNlcnZlci1UaW1pbmc6IHF1ZXVlO2R1cj0wLjAsIGV4dHJhY3Q7ZHVyPTYuNQ0KWC1Db250ZW50LVR5cGUtT3B0aW9uczogbm9zbmlmZg0KDQo=
1791347866117584350,200,78241786,147209,0,,,,25,POST,http://proxy:8080/extract,Q29udGVudC1MZW5ndGg6IDQ1MzQ1DQpDb250ZW50LVR5cGU6IGFwcGxpY2F0aW9uL2pzb24NCkRhdGU6IFdlZCwgMDcgT2N0IDIwMjYgMDQ6Mzc6NDUgR01UDQpTZXJ2ZXItVGltaW5nOiBxdWV1ZTtkdXI9MC4wLCBleHRyYWN0O2R1cj00NC4xDQpYLUNvbnRlbnQtVHlwZS1PcHRpb25zOiBub3NuaWZmDQoNCg==
1791347866041788736,200,161228992,147209,0,,,,21,POST,http://proxy:8080/extract,Q29udGVudC1MZW5ndGg6IDQ1MzQ1DQpDb250ZW50LVR5cGU6IGFwcGxpY2F0aW9uL2pzb24NCkRhdGU6IFdlZCwgMDcgT2N0IDIwMjYgMDQ6Mzc6NDUgR01UDQpTZXJ2ZXItVGltaW5nOiBxdWV1ZTtkdXI9MC4wLCBleHRyYWN0O2R1cj03OS41DQpYLUNvbnRlbnQtVHlwZS1PcHRpb25zOiBub3NuaWZmDQoNCg==
1791347866177122395,200,36152492,93347,0,,,,28,POST,http://proxy:8080/extract,Q29udGVudC1MZW5ndGg6IDM2NjQNCkNvbnRlbnQtVHlwZTogYXBwbGljYXRpb24vanNvbg0KRGF0ZTogV2VkLCAwNyBPY3QgMjAyNiAwNDozNzo0NSBHTVQNClNlcnZlci1UaW1pbmc6IHF1ZXVlO2R1cj0wLjAsIGV4dHJhY3Q7ZHVyPTYuOQ0KWC1Db250ZW50LVR5cGUtT3B0aW9uczogbm9zbmlmZg0KDQo=
1791347865658636430,200,628585190,736965,0,,,,2,POST,http://proxy:8080/extract,Q29udGVudC1MZW5ndGg6IDc5Mjg5NQ0KQ29udGVudC1UeXBlOiBhcHBsaWNhdGlvbi9qc29uDQpEYXRlOiBXZWQsIDA3IE9jdCAyMDI2IDA0OjM3OjQ0IEdNVA0KU2VydmVyLVRpbWluZzogcXVldWU7ZHVyPTAuMCwgZXh0cmFjdDtkdXI9NjE3LjgNClgtQ29udGVudC1UeXBlLU9wdGlvbnM6IG5vc25pZmYNCg0K
1791347866257092643,200,38397533,93347,0,,,,32,POST,http://proxy:8080/extract,Q29udGVudC1MZW5ndGg6IDM2NjQNCkNvbnRlbnQtVHlwZTogYXBwbGljYXRpb24vanNvbg0KRGF0ZTogV2VkLCAwNyBPY3QgMjAyNiAwNDozNzo0NSBHTVQNClNlcnZlci1UaW1pbmc6IHF1ZXVlO2R1cj0wLjAsIGV4dHJhY3Q7ZHVyPTYuMA0KWC1Db250ZW50LVR5cGUtT3B0aW9uczogbm9zbmlmZg0KDQo=
1791347866199230653,200,149229570,147209,0,,,,29,POST,http://proxy:8080/extract,Q29udGVudC1MZW5ndGg6IDQ1MzQ1DQpDb250ZW50LVR5cGU6IGFwcGxpY2F0aW9uL2pzb24NCkRhdGU6IFdlZCwgMDcgT2N0IDIwMjYgMDQ6Mzc6NDUgR01UDQpTZXJ2ZXItVGltaW5nOiBxdWV1ZTtkdXI9MC4wLCBleHRyYWN0O2R1cj0xNDMuMw0KWC1Db250ZW50LVR5cGUtT3B0aW9uczogbm9zbmlmZg0KDQo=
1791347866279486245,200,81654304,147209,0,,,,33,POST,http://proxy:8080/extract,Q29udGVudC1MZW5ndGg6IDQ1MzQ1DQpDb250ZW50LVR5cGU6IGFwcGxpY2F0aW9uL2pzb24NCkRhdGU6IFdlZCwgMDcgT2N0IDIwMjYgMDQ6Mzc6NDUgR01UDQpTZXJ2ZXItVGltaW5nOiBxdWV1ZTtkdXI9MC4wLCBleHRyYWN0O2R1cj02My4yDQpYLUNvbnRlbnQtVHlwZS1PcHRpb25zOiBub3NuaWZmDQoNCg==
1791347866337175509,200,37796241,93347,0,,,,36,POST,http://proxy:8080/extract,Q29udGVudC1MZW5ndGg6IDM2NjQNCkNvbnRlbnQtVHlwZTogYXBwbGljYXRpb24vanNvbg0KRGF0ZTogV2VkLCAwNyBPY3QgMjAyNiAwNDozNzo0NSBHTVQNClNlcnZlci1UaW1pbmc6IHF1ZXVlO2R1cj0wLjAsIGV4dHJhY3Q7ZHVyPTI1LjUNClgtQ29udGVudC1UeXBlLU9wdGlvbnM6IG5vc25pZmYNCg0K
1791347866357677923,200,75651993,147209,0,,,,37,POST,http://proxy:8080/extract,Q29udGVudC1MZW5ndGg6IDQ1MzQ1DQpDb250ZW50LVR5cGU6IGFwcGxpY2F0aW9uL2pzb24NCkRhdGU6IFdlZCwgMDcgT2N0IDIwMjYgMDQ6Mzc6NDUgR01UDQpTZXJ2ZXItVGltaW5nOiBxdWV1ZTtkdXI9MC4wLCBleHRyYWN0O2R1cj03MC4yDQpYLUNvbnRlbnQtVHlwZS1PcHRpb25zOiBub3NuaWZmDQoNCg==
1791347866416937025,200,31109726,93347,0,,,,40,POST,http://proxy:8080/extract,Q29udGVudC1MZW5ndGg6IDM2NjQNCkNvbnRlbnQtVHlwZTogYXBwbGljYXRpb24vanNvbg0KRGF0ZTogV2VkLCAwNyBPY3QgMjAyNiAwNDozNzo0NSBHTVQNClNlcnZlci1UaW1pbmc6IHF1ZXVlO2R1cj0wLjAsIGV4dHJhY3Q7ZHVyPTEyLjkNClgtQ29udGVudC1UeXBlLU9wdGlvbnM6IG5vc25pZmYNCg0K
1791347866437495549,200,57507236,147209,0,,,,41,POST,http://proxy:8080/extract,Q29udGVudC1MZW5ndGg6IDQ1MzQ1DQpDb250ZW50LVR5cGU6IGFwcGxpY2F0aW9uL2pzb24NCkRhdGU6IFdlZCwgMDcgT2N0IDIwMjYgMDQ6Mzc6NDUgR01UDQpTZXJ2ZXItVGltaW5nOiBxdWV1ZTtkdXI9MC4wLCBleHRyYWN0O2R1cj00NC41DQpYLUNvbnRlbnQtVHlwZS1PcHRpb25zOiBub3NuaWZmDQoNCg==
1791347865737462605,200,815331059,736965,0,,,,6,POST,http://proxy:8080/extract,Q29udGVudC1MZW5ndGg6IDc5Mjg5NQ0KQ29udGVudC1UeXBlOiBhcHBsaWNhdGlvbi9qc29uDQpEYXRlOiBXZWQsIDA3IE9jdCAyMDI2IDA0OjM3OjQ1IEdNVA0KU2VydmVyLVRpbWluZzogcXVldWU7ZHVyPTAuMCwgZXh0cmFjdDtkdXI9ODAyLjENClgtQ29udGVudC1UeXBlLU9wdGlvbnM6IG5vc25pZmYNCg0K
1791347866496980385,200,94398140,93347,0,,,,44,POST,http://proxy:8080/extract,Q29udGVudC1MZW5ndGg6IDM2NjQNCkNvbnRlbnQtVHlwZTogYXBwbGljYXRpb24vanNvbg0KRGF0ZTogV2VkLCAwNyBPY3QgMjAyNiAwNDozNzo0NiBHTVQNClNlcnZlci1UaW1pbmc6IHF1ZXVlO2R1cj0wLjAsIGV4dHJhY3Q7ZHVyPTMzLjUNClgtQ29udGVudC1UeXBlLU9wdGlvbnM6IG5vc25pZmYNCg0K
1791347866517537908,200,152714699,147209,0,,,,45,POST,http://proxy:8080/extract,Q29udGVudC1MZW5ndGg6IDQ1MzQ1DQpDb250ZW50LVR5cGU6IGFwcGxpY2F0aW9uL2pzb24NCkRhdGU6IFdlZCwgMDcgT2N0IDIwMjYgMDQ6Mzc6NDYgR01UDQpTZXJ2ZXItVGltaW5nOiBxdWV1ZTtkdXI9MC4wLCBleHRyYWN0O2R1cj03Ny43DQpYLUNvbnRlbnQtVHlwZS1PcHRpb25zOiBub3NuaWZmDQoNCg==
1791347866577369397,200,113076778,93347,0,,,,48,POST,http://proxy:8080/extract,Q29udGVudC1MZW5ndGg6IDM2NjQNCkNvbnRlbnQtVHlwZTogYXBwbGljYXRpb24vanNvbg0KRGF0ZTogV2VkLCAwNyBPY3QgMjAyNiAwNDozNzo0NiBHTVQNClNlcnZlci1UaW1pbmc6IHF1ZXVlO2R1cj0wLjAsIGV4dHJhY3Q7ZHVyPTE2LjQNClgtQ29udGVudC1UeXBlLU9wdGlvbnM6IG5vc25pZmYNCg0K
1791347865759171003,200,948018515,10063439,0,,,,7,POST,http://proxy:8080/extract,Q29udGVudC1MZW5ndGg6IDQxMzA1DQpDb250ZW50LVR5cGU6IGFwcGxpY2F0aW9uL2pzb24NCkRhdGU6IFdlZCwgMDcgT2N0IDIwMjYgMDQ6Mzc6NDUgR01UDQpTZXJ2ZXItVGltaW5nOiBxdWV1ZTtkdXI9MC4wLCBleHRyYWN0O2R1cj03NTguNA0KWC1Db250ZW50LVR5cGUtT3B0aW9uczogbm9zbmlmZg0KDQo=
1791347866667198443,200,58258551,93347,0,,,,52,POST,http://proxy:8080/extract,Q29udGVudC1MZW5ndGg6IDM2NjQNCkNvbnRlbnQtVHlwZTogYXBwbGljYXRpb24vanNvbg0KRGF0ZTogV2VkLCAwNyBPY3QgMjAyNiAwNDozNzo0NiBHTVQNClNlcnZlci1UaW1pbmc6IHF1ZXVlO2R1cj0wLjAsIGV4dHJhY3Q7ZHVyPTE3LjQNClgtQ29udGVudC1UeXBlLU9wdGlvbnM6IG5vc25pZmYNCg0K
1791347866597352133,200,175650083,147209,0,,,,49,POST,http://proxy:8080/extract,Q29udGVudC1MZW5ndGg6IDQ1MzQ1DQpDb250ZW50LVR5cGU6IGFwcGxpY2F0aW9uL2pzb24NCkRhdGU6IFdlZCwgMDcgT2N0IDIwMjYgMDQ6Mzc6NDYgR01UDQpTZXJ2ZXItVGltaW5nOiBxdWV1ZTtkdXI9MC4wLCBleHRyYWN0O2R1cj04My4wDQpYLUNvbnRlbnQtVHlwZS1PcHRpb25zOiBub3NuaWZmDQoNCg==
1791347866737694053,200,97059044,93347,0,,,,56,POST,http://proxy:8080/extract,Q29udGVudC1MZW5ndGg6IDM2NjQNCkNvbnRlbnQtVHlwZTogYXBwbGljYXRpb24vanNvbg0KRGF0ZTogV2VkLCAwNyBPY3QgMjAyNiAwNDozNzo0NiBHTVQNClNlcnZlci1UaW1pbmc6IHF1ZXVlO2R1cj0wLjAsIGV4dHJhY3Q7ZHVyPTYwLjcNClgtQ29udGVudC1UeXBlLU9wdGlvbnM6IG5vc25pZmYNCg0K
1791347866677524312,200,191079827,147209,0,,,,53,POST,http://proxy:8080/extract,Q29udGVudC1MZW5ndGg6IDQ1MzQ1DQpDb250ZW50LVR5cGU6IGFwcGxpY2F0aW9uL2pzb24NCkRhdGU6IFdlZCwgMDcgT2N0IDIwMjYgMDQ6Mzc6NDYgR01UDQpTZXJ2ZXItVGltaW5nOiBxdWV1ZTtkdXI9MC4wLCBleHRyYWN0O2R1cj0xMDcuOQ0KWC1Db250ZW50LVR5cGUtT3B0aW9uczogbm9zbmlmZg0KDQo=
1791347866818312699,200,87293661,93347,0,,,,60,POST,http://proxy:8080/extract,Q29udGVudC1MZW5ndGg6IDM2NjQNCkNvbnRlbnQtVHlwZTogYXBwbGljYXRpb24vanNvbg0KRGF0ZTogV2VkLCAwNyBPY3QgMjAyNiAwNDozNzo0NiBHTVQNClNlcnZlci1UaW1pbmc6IHF1ZXVlO2R1cj0wLjAsIGV4dHJhY3Q7ZHVyPTQyLjUNClgtQ29udGVudC1UeXBlLU9wdGlvbnM6IG5vc25pZmYNCg0K
1791347866758798659,200,179837319,147209,0,,,,57,POST,http://proxy:8080/extract,Q29udGVudC1MZW5ndGg6IDQ1MzQ1DQpDb250ZW50LVR5cGU6IGFwcGxpY2F0aW9uL2pzb24NCkRhdGU6IFdlZCwgMDcgT2N0IDIwMjYgMDQ6Mzc6NDYgR01UDQpTZXJ2ZXItVGltaW5nOiBxdWV1ZTtkdXI9MC4wLCBleHRyYWN0O2R1cj0xMDAuOA0KWC1Db250ZW50LVR5cGUtT3B0aW9uczogbm9zbmlmZg0KDQo=
1791347866900677712,200,65691779,93347,0,,,,64,POST,http://proxy:8080/extract,Q29udGVudC1MZW5ndGg6IDM2NjQNCkNvbnRlbnQtVHlwZTogYXBwbGljYXRpb24vanNvbg0KRGF0ZTogV2VkLCAwNyBPY3QgMjAyNiAwNDozNzo0NiBHTVQNClNlcnZlci1UaW1pbmc6IHF1ZXVlO2R1cj0wLjAsIGV4dHJhY3Q7ZHVyPTE3LjINClgtQ29udGVudC1UeXBlLU9wdGlvbnM6IG5vc25pZmYNCg0K
1791347865847361900,200,1131742026,10063439,0,,,,11,POST,http://proxy:8080/extract,Q29udGVudC1MZW5ndGg6IDQxMzA1DQpDb250ZW50LVR5cGU6IGFwcGxpY2F0aW9uL2pzb24NCkRhdGU6IFdlZCwgMDcgT2N0IDIwMjYgMDQ6Mzc6NDUgR01UDQpTZXJ2ZXItVGltaW5nOiBxdWV1ZTtkdXI9MC4wLCBleHRyYWN0O2R1cj01MDkuNQ0KWC1Db250ZW50LVR5cGUtT3B0aW9uczogbm9zbmlmZg0KDQo=
1791347866837446106,200,213893393,147209,0,,,,61,POST,http://proxy:8080/extract,Q29udGVudC1MZW5ndGg6IDQ1MzQ1DQpDb250ZW50LVR5cGU6IGFwcGxpY2F0aW9uL2pzb24NCkRhdGU6IFdlZCwgMDcgT2N0IDIwMjYgMDQ6Mzc6NDYgR01UDQpTZXJ2ZXItVGltaW5nOiBxdWV1ZTtkdXI9MC4wLCBleHRyYWN0O2R1cj0xMzQuOQ0KWC1Db250ZW50LVR5cGUtT3B0aW9uczogbm9zbmlmZg0KDQo=
1791347866977628502,200,88347021,93347,0,,,,68,POST,http://proxy:8080/extract,Q29udGVudC1MZW5ndGg6IDM2NjQNCkNvbnRlbnQtVHlwZTogYXBwbGljYXRpb24vanNvbg0KRGF0ZTogV2VkLCAwNyBPY3QgMjAyNiAwNDozNzo0NiBHTVQNClNlcnZlci1UaW1pbmc6IHF1ZXVlO2R1cj0wLjAsIGV4dHJhY3Q7ZHVyPTE2LjcNClgtQ29udGVudC1UeXBlLU9wdGlvbnM6IG5vc25pZmYNCg0K
1791347866917038697,200,170673628,147209,0,,,,65,POST,http://proxy:8080/extract,Q29udGVudC1MZW5ndGg6IDQ1MzQ1DQpDb250ZW50LVR5cGU6IGFwcGxpY2F0aW9uL2pzb24NCkRhdGU6IFdlZCwgMDcgT2N0IDIwMjYgMDQ6Mzc6NDYgR01UDQpTZXJ2ZXItVGltaW5nOiBxdWV1ZTtkdXI9MC4wLCBleHRyYWN0O2R1cj0xMDYuNg0KWC1Db250ZW50LVR5cGUtT3B0aW9uczogbm9zbmlmZg0KDQo=
1791347865897395901,200,1223994240,736965,0,,,,14,POST,http://proxy:8080/extract,Q29udGVudC1MZW5ndGg6IDc5Mjg5NQ0KQ29udGVudC1UeXBlOiBhcHBsaWNhdGlvbi9qc29uDQpEYXRlOiBXZWQsIDA3IE9jdCAyMDI2IDA0OjM3OjQ1IEdNVA0KU2VydmVyLVRpbWluZzogcXVldWU7ZHVyPTAuMCwgZXh0cmFjdDtkdXI9NjEzLjANClgtQ29udGVudC1UeXBlLU9wdGlvbnM6IG5vc25pZmYNCg0K
1791347867064233458,200,67407740,93347,0,,,,72,POST,http://proxy:8080/extract,Q29udGVudC1MZW5ndGg6IDM2NjQNCkNvbnRlbnQtVHlwZTogYXBwbGljYXRpb24vanNvbg0KRGF0ZTogV2VkLCAwNyBPY3QgMjAyNiAwNDozNzo0NiBHTVQNClNlcnZlci1UaW1pbmc6IHF1ZXVlO2R1cj0wLjAsIGV4dHJhY3Q7ZHVyPTUwLjYNClgtQ29udGVudC1UeXBlLU9wdGlvbnM6IG5vc25pZmYNCg0K
1791347867003663157,200,136019563,147209,0,,,,69,POST,http://proxy:8080/extract,Q29udGVudC1MZW5ndGg6IDQ1MzQ1DQpDb250ZW50LVR5cGU6IGFwcGxpY2F0aW9uL2pzb24NCkRhdGU6IFdlZCwgMDcgT2N0IDIwMjYgMDQ6Mzc6NDYgR01UDQpTZXJ2ZXItVGltaW5nOiBxdWV1ZTtkdXI9MC40LCBleHRyYWN0O2R1cj01Ny43DQpYLUNvbnRlbnQtVHlwZS1PcHRpb25zOiBub3NuaWZmDQoNCg==
1791347865818411902,200,1327752602,736965,0,,,,10,POST,http://proxy:8080/extract,Q29udGVudC1MZW5ndGg6IDc5Mjg5NQ0KQ29udGVudC1UeXBlOiBhcHBsaWNhdGlvbi9qc29uDQpEYXRlOiBXZWQsIDA3IE9jdCAyMDI2IDA0OjM3OjQ1IEdNVA0KU2VydmVyLVRpbWluZzogcXVldWU7ZHVyPTAuMCwgZXh0cmFjdDtkdXI9OTI4LjcNClgtQ29udGVudC1UeXBlLU9wdGlvbnM6IG5vc25pZmYNCg0K
1791347867086447933,200,94665080,147209,0,,,,73,POST,http://proxy:8080/extract,Q29udGVudC1MZW5ndGg6IDQ1MzQ1DQpDb250ZW50LVR5cGU6IGFwcGxpY2F0aW9uL2pzb24NCkRhdGU6IFdlZCwgMDcgT2N0IDIwMjYgMDQ6Mzc6NDYgR01UDQpTZXJ2ZXItVGltaW5nOiBxdWV1ZTtkdXI9MC4wLCBleHRyYWN0O2R1cj01NS4yDQpYLUNvbnRlbnQtVHlwZS1PcHRpb25zOiBub3NuaWZmDQoNCg==
1791347867137927453,200,54815127,93347,0,,,,76,POST,http://proxy:8080/extract,Q29udGVudC1MZW5ndGg6IDM2NjQNCkNvbnRlbnQtVHlwZTogYXBwbGljYXRpb24vanNvbg0KRGF0ZTogV2VkLCAwNyBPY3QgMjAyNiAwNDozNzo0NiBHTVQNClNlcnZlci1UaW1pbmc6IHF1ZXVlO2R1cj0wLjAsIGV4dHJhY3Q7ZHVyPTE2LjINClgtQ29udGVudC1UeXBlLU9wdGlvbnM6IG5vc25pZmYNCg0K
1791347867165151989,200,53067161,147209,0,,,,77,POST,http://proxy:8080/extract,Q29udGVudC1MZW5ndGg6IDQ1MzQ1DQpDb250ZW50LVR5cGU6IGFwcGxpY2F0aW9uL2pzb24NCkRhdGU6IFdlZCwgMDcgT2N0IDIwMjYgMDQ6Mzc6NDYgR01UDQpTZXJ2ZXItVGltaW5nOiBxdWV1ZTtkdXI9MC4wLCBleHRyYWN0O2R1cj0zOS4xDQpYLUNvbnRlbnQtVHlwZS1PcHRpb25zOiBub3NuaWZmDQoNCg==
1791347867217019968,200,9370224,93347,0,,,,80,POST,http://proxy:8080/extract,Q29udGVudC1MZW5ndGg6IDM2NjQNCkNvbnRlbnQtVHlwZTogYXBwbGljYXRpb24vanNvbg0KRGF0ZTogV2VkLCAwNyBPY3QgMjAyNiAwNDozNzo0NiBHTVQNClNlcnZlci1UaW1pbmc6IHF1ZXVlO2R1cj0wLjAsIGV4dHJhY3Q7ZHVyPTYuNA0KWC1Db250ZW50LVR5cGUtT3B0aW9uczogbm9zbmlmZg0KDQo=
1791347865917610471,200,1567980096,10063439,0,,,,15,POST,http://proxy:8080/extract,Q29udGVudC1MZW5ndGg6IDQxMzA1DQpDb250ZW50LVR5cGU6IGFwcGxpY2F0aW9uL2pzb24NCkRhdGU6IFdlZCwgMDcgT2N0IDIwMjYgMDQ6Mzc6NDYgR01UDQpTZXJ2ZXItVGltaW5nOiBxdWV1ZTtkdXI9MC4xLCBleHRyYWN0O2R1cj00NjUuNA0KWC1Db250ZW50LVR5cGUtT3B0aW9uczogbm9zbmlmZg0KDQo=
1791347867241879945,200,293409472,147209,0,,,,81,POST,http://proxy:8080/extract,Q29udGVudC1MZW5ndGg6IDQ1MzQ1DQpDb250ZW50LVR5cGU6IGFwcGxpY2F0aW9uL2pzb24NCkRhdGU6IFdlZCwgMDcgT2N0IDIwMjYgMDQ6Mzc6NDYgR01UDQpTZXJ2ZXItVGltaW5nOiBxdWV1ZTtkdXI9MC4wLCBleHRyYWN0O2R1cj00NC4zDQpYLUNvbnRlbnQtVHlwZS1PcHRpb25zOiBub3NuaWZmDQoNCg==
1791347867297657718,200,250864710,93347,0,,,,84,POST,http://proxy:8080/extract,Q29udGVudC1MZW5ndGg6IDM2NjQNCkNvbnRlbnQtVHlwZTogYXBwbGljYXRpb24vanNvbg0KRGF0ZTogV2VkLCAwNyBPY3QgMjAyNiAwNDozNzo0NiBHTVQNClNlcnZlci1UaW1pbmc6IHF1ZXVlO2R1cj0wLjAsIGV4dHJhY3Q7ZHVyPTE0LjcNClgtQ29udGVudC1UeXBlLU9wdGlvbnM6IG5vc25pZmYNCg0K
1791347865996966127,200,1571843482,10063439,0,,,,19,POST,http://proxy:8080/extract,Q29udGVudC1MZW5ndGg6IDQxMzA1DQpDb250ZW50LVR5cGU6IGFwcGxpY2F0aW9uL2pzb24NCkRhdGU6IFdlZCwgMDcgT2N0IDIwMjYgMDQ6Mzc6NDYgR01UDQpTZXJ2ZXItVGltaW5nOiBxdWV1ZTtkdXI9MC4wLCBleHRyYWN0O2R1cj0zMDcuNw0KWC1Db250ZW50LVR5cGUtT3B0aW9uczogbm9zbmlmZg0KDQo=
1791347867377394631,200,216382371,93347,0,,,,88,POST,http://proxy:8080/extract,Q29udGVudC1MZW5ndGg6IDM2NjQNCkNvbnRlbnQtVHlwZTogYXBwbGljYXRpb24vanNvbg0KRGF0ZTogV2VkLCAwNyBPY3QgMjAyNiAwNDozNzo0NiBHTVQNClNlcnZlci1UaW1pbmc6IHF1ZXVlO2R1cj0wLjAsIGV4dHJhY3Q7ZHVyPTUuOQ0KWC1Db250ZW50LVR5cGUtT3B0aW9uczogbm9zbmlmZg0KDQo=
1791347867317413419,200,294270904,147209,0,,,,85,POST,http://proxy:8080/extract,Q29udGVudC1MZW5ndGg6IDQ1MzQ1DQpDb250ZW50LVR5cGU6IGFwcGxpY2F0aW9uL2pzb24NCkRhdGU6IFdlZCwgMDcgT2N0IDIwMjYgMDQ6Mzc6NDYgR01UDQpTZXJ2ZXItVGltaW5nOiBxdWV1ZTtkdXI9MC4wLCBleHRyYWN0O2R1cj02MS40DQpYLUNvbnRlbnQtVHlwZS1PcHRpb25zOiBub3NuaWZmDQoNCg==
1791347866077249923,200,1542069259,10063439,0,,,,23,POST,http://proxy:8080/extract,Q29udGVudC1MZW5ndGg6IDQxMzA1DQpDb250ZW50LVR5cGU6IGFwcGxpY2F0aW9uL2pzb24NCkRhdGU6IFdlZCwgMDcgT2N0IDIwMjYgMDQ6Mzc6NDYgR01UDQpTZXJ2ZXItVGltaW5nOiBxdWV1ZTtkdXI9MC4wLCBleHRyYWN0O2R1cj0yOTQuNQ0KWC1Db250ZW50LVR5cGUtT3B0aW9uczogbm9zbmlmZg0KDQo=
1791347867457952769,200,181270837,93347,0,,,,92,POST,http://proxy:8080/extract,Q29udGVudC1MZW5ndGg6IDM2NjQNCkNvbnRlbnQtVHlwZTogYXBwbGljYXRpb24vanNvbg0KRGF0ZTogV2VkLCAwNyBPY3QgMjAyNiAwNDozNzo0NiBHTVQNClNlcnZlci1UaW1pbmc6IHF1ZXVlO2R1cj0wLjAsIGV4dHJhY3Q7ZHVyPTE3LjANClgtQ29udGVudC1UeXBlLU9wdGlvbnM6IG5vc25pZmYNCg0K
1791347867396890593,200,242363218,147209,0,,,,89,POST,http://proxy:8080/extract,Q29udGVudC1MZW5ndGg6IDQ1MzQ1DQpDb250ZW50LVR5cGU6IGFwcGxpY2F0aW9uL2pzb24NCkRhdGU6IFdlZCwgMDcgT2N0IDIwMjYgMDQ6Mzc6NDYgR01UDQpTZXJ2ZXItVGltaW5nOiBxdWV1ZTtkdXI9MC4wLCBleHRyYWN0O2R1cj00MC45DQpYLUNvbnRlbnQtVHlwZS1PcHRpb25zOiBub3NuaWZmDQoNCg==
1791347867537510655,200,118306172,93347,0,,,,96,POST,http://proxy:8080/extract,Q29udGVudC1MZW5ndGg6IDM2NjQNCkNvbnRlbnQtVHlwZTogYXBwbGljYXRpb24vanNvbg0KRGF0ZTogV2VkLCAwNyBPY3QgMjAyNiAwNDozNzo0NiBHTVQNClNlcnZlci1UaW1pbmc6IHF1ZXVlO2R1cj0wLjAsIGV4dHJhY3Q7ZHVyPTYuMQ0KWC1Db250ZW50LVR5cGUtT3B0aW9uczogbm9zbmlmZg0KDQo=
1791347867616962324,200,56859038,93347,0,,,,100,POST,http://proxy:8080/extract,Q29udGVudC1MZW5ndGg6IDM2NjQNCkNvbnRlbnQtVHlwZTogYXBwbGljYXRpb24vanNvbg0KRGF0ZTogV2VkLCAwNyBPY3QgMjAyNiAwNDozNzo0NiBHTVQNClNlcnZlci1UaW1pbmc6IHF1ZXVlO2R1cj0wLjAsIGV4dHJhY3Q7ZHVyPTE2LjQNClgtQ29udGVudC1UeXBlLU9wdGlvbnM6IG5vc25pZmYNCg0K
1791347867477713271,200,197771744,147209,0,,,,93,POST,http://proxy:8080/extract,Q29udGVudC1MZW5ndGg6IDQ1MzQ1DQpDb250ZW50LVR5cGU6IGFwcGxpY2F0aW9uL2pzb24NCkRhdGU6IFdlZCwgMDcgT2N0IDIwMjYgMDQ6Mzc6NDYgR01UDQpTZXJ2ZXItVGltaW5nOiBxdWV1ZTtkdXI9MC4wLCBleHRyYWN0O2R1cj01NC4zDQpYLUNvbnRlbnQtVHlwZS1PcHRpb25zOiBub3NuaWZmDQoNCg==
1791347867557860746,200,160653605,147209,0,,,,97,POST,http://proxy:8080/extract,Q29udGVudC1MZW5ndGg6IDQ1MzQ1DQpDb250ZW50LVR5cGU6IGFwcGxpY2F0aW9uL2pzb24NCkRhdGU6IFdlZCwgMDcgT2N0IDIwMjYgMDQ6Mzc6NDYgR01UDQpTZXJ2ZXItVGltaW5nOiBxdWV1ZTtkdXI9MC4wLCBleHRyYWN0O2R1cj03OC40DQpYLUNvbnRlbnQtVHlwZS1PcHRpb25zOiBub3NuaWZmDQoNCg==
1791347867639261712,200,89580208,147209,0,,,,101,POST,http://proxy:8080/extract,Q29udGVudC1MZW5ndGg6IDQ1MzQ1DQpDb250ZW50LVR5cGU6IGFwcGxpY2F0aW9uL2pzb24NCkRhdGU6IFdlZCwgMDcgT2N0IDIwMjYgMDQ6Mzc6NDYgR01UDQpTZXJ2ZXItVGltaW5nOiBxdWV1ZTtkdXI9MC4wLCBleHRyYWN0O2R1cj01NC4xDQpYLUNvbnRlbnQtVHlwZS1PcHRpb25zOiBub3NuaWZmDQoNCg==
1791347867697882417,200,45835463,93347,0,,,,104,POST,http://proxy:8080/extract,Q29udGVudC1MZW5ndGg6IDM2NjQNCkNvbnRlbnQtVHlwZTogYXBwbGljYXRpb24vanNvbg0KRGF0ZTogV2VkLCAwNyBPY3QgMjAyNiAwNDozNzo0NiBHTVQNClNlcnZlci1UaW1pbmc6IHF1ZXVlO2R1cj0wLjAsIGV4dHJhY3Q7ZHVyPTUuOA0KWC1Db250ZW50LVR5cGUtT3B0aW9uczogbm9zbmlmZg0KDQo=
1791347867716924310,200,76076457,147209,0,,,,105,POST,http://proxy:8080/extract,Q29udGVudC1MZW5ndGg6IDQ1MzQ1DQpDb250ZW50LVR5cGU6IGFwcGxpY2F0aW9uL2pzb24NCkRhdGU6IFdlZCwgMDcgT2N0IDIwMjYgMDQ6Mzc6NDYgR01UDQpTZXJ2ZXItVGltaW5nOiBxdWV1ZTtkdXI9MC4wLCBleHRyYWN0O2R1cj02MS40DQpYLUNvbnRlbnQtVHlwZS1PcHRpb25zOiBub3NuaWZmDQoNCg==
1791347867777620830,200,27391162,93347,0,,,,108,POST,http://proxy:8080/extract,Q29udGVudC1MZW5ndGg6IDM2NjQNCkNvbnRlbnQtVHlwZTogYXBwbGljYXRpb24vanNvbg0KRGF0ZTogV2VkLCAwNyBPY3QgMjAyNiAwNDozNzo0NyBHTVQNClNlcnZlci1UaW1pbmc6IHF1ZXVlO2R1cj0wLjAsIGV4dHJhY3Q7ZHVyPTkuOA0KWC1Db250ZW50LVR5cGUtT3B0aW9uczogbm9zbmlmZg0KDQo=
1791347867797177301,200,66298572,147209,0,,,,109,POST,http://proxy:8080/extract,Q29udGVudC1MZW5ndGg6IDQ1MzQ1DQpDb250ZW50LVR5cGU6IGFwcGxpY2F0aW9uL2pzb24NCkRhdGU6IFdlZCwgMDcgT2N0IDIwMjYgMDQ6Mzc6NDcgR01UDQpTZXJ2ZXItVGltaW5nOiBxdWV1ZTtkdXI9MC4wLCBleHRyYWN0O2R1cj00Ni4xDQpYLUNvbnRlbnQtVHlwZS1PcHRpb25zOiBub3NuaWZmDQoNCg==
1791347866057462917,200,1910162978,736965,0,,,,22,POST,http://proxy:8080/extract,Q29udGVudC1MZW5ndGg6IDc5Mjg5NQ0KQ29udGVudC1UeXBlOiBhcHBsaWNhdGlvbi9qc29uDQpEYXRlOiBXZWQsIDA3IE9jdCAyMDI2IDA0OjM3OjQ2IEdNVA0KU2VydmVyLVRpbWluZzogcXVldWU7ZHVyPTAuMCwgZXh0cmFjdDtkdXI9NzY4LjUNClgtQ29udGVudC1UeXBlLU9wdGlvbnM6IG5vc25pZmYNCg0K
1791347867857514367,200,126353795,93347,0,,,,112,POST,http://proxy:8080/extract,Q29udGVudC1MZW5ndGg6IDM2NjQNCkNvbnRlbnQtVHlwZTogYXBwbGljYXRpb24vanNvbg0KRGF0ZTogV2VkLCAwNyBPY3QgMjAyNiAwNDozNzo0NyBHTVQNClNlcnZlci1UaW1pbmc6IHF1ZXVlO2R1cj0wLjAsIGV4dHJhY3Q7ZHVyPTE1LjANClgtQ29udGVudC1UeXBlLU9wdGlvbnM6IG5vc25pZmYNCg0K
1791347867877671129,200,185521183,147209,0,,,,113,POST,http://proxy:8080/extract,Q29udGVudC1MZW5ndGg6IDQ1MzQ1DQpDb250ZW50LVR5cGU6IGFwcGxpY2F0aW9uL2pzb24NCkRhdGU6IFdlZCwgMDcgT2N0IDIwMjYgMDQ6Mzc6NDcgR01UDQpTZXJ2ZXItVGltaW5nOiBxdWV1ZTtkdXI9MC4wLCBleHRyYWN0O2R1cj01Ny41DQpYLUNvbnRlbnQtVHlwZS1PcHRpb25zOiBub3NuaWZmDQoNCg==
1791347867937132362,200,148633280,93347,0,,,,116,POST,http://proxy:8080/extract,Q29udGVudC1MZW5ndGg6IDM2NjQNCkNvbnRlbnQtVHlwZTogYXBwbGljYXRpb24vanNvbg0KRGF0ZTogV2VkLCAwNyBPY3QgMjAyNiAwNDozNzo0NyBHTVQNClNlcnZlci1UaW1pbmc6IHF1ZXVlO2R1cj0wLjAsIGV4dHJhY3Q7ZHVyPTUuNQ0KWC1Db250ZW50LVR5cGUtT3B0aW9uczogbm9zbmlmZg0KDQo=
1791347866160455563,200,1963657304,10063439,0,,,,27,POST,http://proxy:8080/extract,Q29udGVudC1MZW5ndGg6IDQxMzA1DQpDb250ZW50LVR5cGU6IGFwcGxpY2F0aW9uL2pzb24NCkRhdGU6IFdlZCwgMDcgT2N0IDIwMjYgMDQ6Mzc6NDYgR01UDQpTZXJ2ZXItVGltaW5nOiBxdWV1ZTtkdXI9MC4wLCBleHRyYWN0O2R1cj0zNDMuMg0KWC1Db250ZW50LVR5cGUtT3B0aW9uczogbm9zbmlmZg0KDQo=
1791347868017584784,200,116800744,93347,0,,,,120,POST,http://proxy:8080/extract,Q29udGVudC1MZW5ndGg6IDM2NjQNCkNvbnRlbnQtVHlwZTogYXBwbGljYXRpb24vanNvbg0KRGF0ZTogV2VkLCAwNyBPY3QgMjAyNiAwNDozNzo0NyBHTVQNClNlcnZlci1UaW1pbmc6IHF1ZXVlO2R1cj0wLjAsIGV4dHJhY3Q7ZHVyPTcuOA0KWC1Db250ZW50LVR5cGUtT3B0aW9uczogbm9zbmlmZg0KDQo=
1791347867957077792,200,191657115,147209,0,,,,117,POST,http://proxy:8080/extract,Q29udGVudC1MZW5ndGg6IDQ1MzQ1DQpDb250ZW50LVR5cGU6IGFwcGxpY2F0aW9uL2pzb24NCkRhdGU6IFdlZCwgMDcgT2N0IDIwMjYgMDQ6Mzc6NDcgR01UDQpTZXJ2ZXItVGltaW5nOiBxdWV1ZTtkdXI9MC4wLCBleHRyYWN0O2R1cj00NS45DQpYLUNvbnRlbnQtVHlwZS1PcHRpb25zOiBub3NuaWZmDQoNCg==
1791347868037235069,200,150415750,147209,0,,,,121,POST,http://proxy:8080/extract,Q29udGVudC1MZW5ndGg6IDQ1MzQ1DQpDb250ZW50LVR5cGU6IGFwcGxpY2F0aW9uL2pzb24NCkRhdGU6IFdlZCwgMDcgT2N0IDIwMjYgMDQ6Mzc6NDcgR01UDQpTZXJ2ZXItVGltaW5nOiBxdWV1ZTtkdXI9MC4wLCBleHRyYWN0O2R1cj01MS44DQpYLUNvbnRlbnQtVHlwZS1PcHRpb25zOiBub3NuaWZmDQoNCg==
1791347865978797467,200,2213719291,736965,0,,,,18,POST,http://proxy:8080/extract,Q29udGVudC1MZW5ndGg6IDc5Mjg5NQ0KQ29udGVudC1UeXBlOiBhcHBsaWNhdGlvbi9qc29uDQpEYXRlOiBXZWQsIDA3IE9jdCAyMDI2IDA0OjM3OjQ2IEdNVA0KU2VydmVyLVRpbWluZzogcXVldWU7ZHVyPTAuMCwgZXh0cmFjdDtkdXI9MTA0Mi40DQpYLUNvbnRlbnQtVHlwZS1PcHRpb25zOiBub3NuaWZmDQoNCg==
1791347868097301394,200,106731014,93347,0,,,,124,POST,http://proxy:8080/extract,Q29udGVudC1MZW5ndGg6IDM2NjQNCkNvbnRlbnQtVHlwZTogYXBwbGljYXRpb24vanNvbg0KRGF0ZTogV2VkLCAwNyBPY3QgMjAyNiAwNDozNzo0NyBHTVQNClNlcnZlci1UaW1pbmc6IHF1ZXVlO2R1cj0wLjAsIGV4dHJhY3Q7ZHVyPTEzLjUNClgtQ29udGVudC1UeXBlLU9wdGlvbnM6IG5vc25pZmYNCg0K
1791347868117359441,200,99822064,147209,0,,,,125,POST,http://proxy:8080/extract,Q29udGVudC1MZW5ndGg6IDQ1MzQ1DQpDb250ZW50LVR5cGU6IGFwcGxpY2F0aW9uL2pzb24NCkRhdGU6IFdlZCwgMDcgT2N0IDIwMjYgMDQ6Mzc6NDcgR01UDQpTZXJ2ZXItVGltaW5nOiBxdWV1ZTtkdXI9MC4wLCBleHRyYWN0O2R1cj02NC4xDQpYLUNvbnRlbnQtVHlwZS1PcHRpb25zOiBub3NuaWZmDQoNCg==
1791347868177298147,200,65328324,93347,0,,,,128,POST,http://proxy:8080/extract,Q29udGVudC1MZW5ndGg6IDM2NjQNCkNvbnRlbnQtVHlwZTogYXBwbGljYXRpb24vanNvbg0KRGF0ZTogV2VkLCAwNyBPY3QgMjAyNiAwNDozNzo0NyBHTVQNClNlcnZlci1UaW1pbmc6IHF1ZXVlO2R1cj0wLjAsIGV4dHJhY3Q7ZHVyPTE4LjUNClgtQ29udGVudC1UeXBlLU9wdGlvbnM6IG5vc25pZmYNCg0K
1791347868203090765,200,92818500,147209,0,,,,129,POST,http://proxy:8080/extract,Q29udGVudC1MZW5ndGg6IDQ1MzQ1DQpDb250ZW50LVR5cGU6IGFwcGxpY2F0aW9uL2pzb24NCkRhdGU6IFdlZCwgMDcgT2N0IDIwMjYgMDQ6Mzc6NDcgR01UDQpTZXJ2ZXItVGltaW5nOiBxdWV1ZTtkdXI9MC4wLCBleHRyYWN0O2R1cj02OC42DQpYLUNvbnRlbnQtVHlwZS1PcHRpb25zOiBub3NuaWZmDQoNCg==
1791347868257145576,200,50962342,93347,0,,,,132,POST,http://proxy:8080/extract,Q29udGVudC1MZW5ndGg6IDM2NjQNCkNvbnRlbnQtVHlwZTogYXBwbGljYXRpb24vanNvbg0KRGF0ZTogV2VkLCAwNyBPY3QgMjAyNiAwNDozNzo0NyBHTVQNClNlcnZlci1UaW1pbmc6IHF1ZXVlO2R1cj0wLjAsIGV4dHJhY3Q7ZHVyPTE1LjcNClgtQ29udGVudC1UeXBlLU9wdGlvbnM6IG5vc25pZmYNCg0K
1791347866137142321,200,2224481427,736965,0,,,,26,POST,http://proxy:8080/extract,Q29udGVudC1MZW5ndGg6IDc5Mjg5NQ0KQ29udGVudC1UeXBlOiBhcHBsaWNhdGlvbi9qc29uDQpEYXRlOiBXZWQsIDA3IE9jdCAyMDI2IDA0OjM3OjQ2IEdNVA0KU2VydmVyLVRpbWluZzogcXVldWU7ZHVyPTAuMCwgZXh0cmFjdDtkdXI9NjgyLjMNClgtQ29udGVudC1UeXBlLU9wdGlvbnM6IG5vc25pZmYNCg0K
1791347868337324857,200,41894164,93347,0,,,,136,POST,http://proxy:8080/extract,Q29udGVudC1MZW5ndGg6IDM2NjQNCkNvbnRlbnQtVHlwZTogYXBwbGljYXRpb24vanNvbg0KRGF0ZTogV2VkLCAwNyBPY3QgMjAyNiAwNDozNzo0NyBHTVQNClNlcnZlci1UaW1pbmc6IHF1ZXVlO2R1cj0wLjAsIGV4dHJhY3Q7ZHVyPTEzLjYNClgtQ29udGVudC1UeXBlLU9wdGlvbnM6IG5vc25pZmYNCg0K
1791347868279094811,200,100173917,147209,0,,,,133,POST,http://proxy:8080/extract,Q29udGVudC1MZW5ndGg6IDQ1MzQ1DQpDb250ZW50LVR5cGU6IGFwcGxpY2F0aW9uL2pzb24NCkRhdGU6IFdlZCwgMDcgT2N0IDIwMjYgMDQ6Mzc6NDcgR01UDQpTZXJ2ZXItVGltaW5nOiBxdWV1ZTtkdXI9MC4wLCBleHRyYWN0O2R1cj02MC4zDQpYLUNvbnRlbnQtVHlwZS1PcHRpb25zOiBub3NuaWZmDQoNCg==
1791347868357886780,200,76904583,147209,0,,,,137,POST,http://proxy:8080/extract,Q29udGVudC1MZW5ndGg6IDQ1MzQ1DQpDb250ZW50LVR5cGU6IGFwcGxpY2F0aW9uL2pzb24NCkRhdGU6IFdlZCwgMDcgT2N0IDIwMjYgMDQ6Mzc6NDcgR01UDQpTZXJ2ZXItVGltaW5nOiBxdWV1ZTtkdXI9MC4wLCBleHRyYWN0O2R1cj01My45DQpYLUNvbnRlbnQtVHlwZS1PcHRpb25zOiBub3NuaWZmDQoNCg==
1791347868417145882,200,24961792,93347,0,,,,140,POST,http://proxy:8080/extract,Q29udGVudC1MZW5ndGg6IDM2NjQNCkNvbnRlbnQtVHlwZTogYXBwbGljYXRpb24vanNvbg0KRGF0ZTogV2VkLCAwNyBPY3QgMjAyNiAwNDozNzo0NyBHTVQNClNlcnZlci1UaW1pbmc6IHF1ZXVlO2R1cj0wLjAsIGV4dHJhY3Q7ZHVyPTYuMg0KWC1Db250ZW50LVR5cGUtT3B0aW9uczogbm9zbmlmZg0KDQo=
1791347866217500228,200,2242925129,736965,0,,,,30,POST,http://proxy:8080/extract,Q29udGVudC1MZW5ndGg6IDc5Mjg5NQ0KQ29udGVudC1UeXBlOiBhcHBsaWNhdGlvbi9qc29uDQpEYXRlOiBXZWQsIDA3IE9jdCAyMDI2IDA0OjM3OjQ3IEdNVA0KU2VydmVyLVRpbWluZzogcXVldWU7ZHVyPTAuMCwgZXh0cmFjdDtkdXI9NTkzLjINClgtQ29udGVudC1UeXBlLU9wdGlvbnM6IG5vc25pZmYNCg0K
1791347868436854876,200,54957549,147209,0,,,,141,POST,http://proxy:8080/extract,Q29udGVudC1MZW5ndGg6IDQ1MzQ1DQpDb250ZW50LVR5cGU6IGFwcGxpY2F0aW9uL2pzb24NCkRhdGU6IFdlZCwgMDcgT2N0IDIwMjYgMDQ6Mzc6NDcgR01UDQpTZXJ2ZXItVGltaW5nOiBxdWV1ZTtkdXI9MC4wLCBleHRyYWN0O2R1cj00OC44DQpYLUNvbnRlbnQtVHlwZS1PcHRpb25zOiBub3NuaWZmDQoNCg==
1791347866236843567,200,2307337114,10063439,0,,,,31,POST,http://proxy:8080/extract,Q29udGVudC1MZW5ndGg6IDQxMzA1DQpDb250ZW50LVR5cGU6IGFwcGxpY2F0aW9uL2pzb24NCkRhdGU6IFdlZCwgMDcgT2N0IDIwMjYgMDQ6Mzc6NDcgR01UDQpTZXJ2ZXItVGltaW5nOiBxdWV1ZTtkdXI9MC4xLCBleHRyYWN0O2R1cj0yNzYuNA0KWC1Db250ZW50LVR5cGUtT3B0aW9uczogbm9zbmlmZg0KDQo=
1791347868501677624,200,62100334,93347,0,,,,144,POST,http://proxy:8080/extract,Q29udGVudC1MZW5ndGg6IDM2NjQNCkNvbnRlbnQtVHlwZTogYXBwbGljYXRpb24vanNvbg0KRGF0ZTogV2VkLCAwNyBPY3QgMjAyNiAwNDozNzo0NyBHTVQNClNlcnZlci1UaW1pbmc6IHF1ZXVlO2R1cj0wLjAsIGV4dHJhY3Q7ZHVyPTE0LjUNClgtQ29udGVudC1UeXBlLU9wdGlvbnM6IG5vc25pZmYNCg0K
1791347868517501128,200,121807104,147209,0,,,,145,POST,http://proxy:8080/extract,Q29udGVudC1MZW5ndGg6IDQ1MzQ1DQpDb250ZW50LVR5cGU6IGFwcGxpY2F0aW9uL2pzb24NCkRhdGU6IFdlZCwgMDcgT2N0IDIwMjYgMDQ6Mzc6NDcgR01UDQpTZXJ2ZXItVGltaW5nOiBxdWV1ZTtkdXI9MC4wLCBleHRyYWN0O2R1cj01NS43DQpYLUNvbnRlbnQtVHlwZS1PcHRpb25zOiBub3NuaWZmDQoNCg==
1791347868576947458,200,74111359,93347,0,,,,148,POST,http://proxy:8080/extract,Q29udGVudC1MZW5ndGg6IDM2NjQNCkNvbnRlbnQtVHlwZTogYXBwbGljYXRpb24vanNvbg0KRGF0ZTogV2VkLCAwNyBPY3QgMjAyNiAwNDozNzo0NyBHTVQNClNlcnZlci1UaW1pbmc6IHF1ZXVlO2R1cj0wLjAsIGV4dHJhY3Q7ZHVyPTcuNw0KWC1Db250ZW50LVR5cGUtT3B0aW9uczogbm9zbmlmZg0KDQo=
1791347868597931446,200,110882644,147209,0,,,,149,POST,http://proxy:8080/extract,Q29udGVudC1MZW5ndGg6IDQ1MzQ1DQpDb250ZW50LVR5cGU6IGFwcGxpY2F0aW9uL2pzb24NCkRhdGU6IFdlZCwgMDcgT2N0IDIwMjYgMDQ6Mzc6NDcgR01UDQpTZXJ2ZXItVGltaW5nOiBxdWV1ZTtkdXI9MC4wLCBleHRyYWN0O2R1cj01NS45DQpYLUNvbnRlbnQtVHlwZS1PcHRpb25zOiBub3NuaWZmDQoNCg==
1791347868657923860,200,79881635,93347,0,,,,152,POST,http://proxy:8080/extract,Q29udGVudC1MZW5ndGg6IDM2NjQNCkNvbnRlbnQtVHlwZTogYXBwbGljYXRpb24vanNvbg0KRGF0ZTogV2VkLCAwNyBPY3QgMjAyNiAwNDozNzo0NyBHTVQNClNlcnZlci1UaW1pbmc6IHF1ZXVlO2R1cj0wLjAsIGV4dHJhY3Q7ZHVyPTIxLjMNClgtQ29udGVudC1UeXBlLU9wdGlvbnM6IG5vc25pZmYNCg0K
1791347866317811967,200,2425653988,10063439,0,,,,35,POST,http://proxy:8080/extract,Q29udGVudC1MZW5ndGg6IDQxMzA1DQpDb250ZW50LVR5cGU6IGFwcGxpY2F0aW9uL2pzb24NCkRhdGU6IFdlZCwgMDcgT2N0IDIwMjYgMDQ6Mzc6NDggR01UDQpTZXJ2ZXItVGltaW5nOiBxdWV1ZTtkdXI9MC4wLCBleHRyYWN0O2R1cj0zMzAuNA0KWC1Db250ZW50LVR5cGUtT3B0aW9uczogbm9zbmlmZg0KDQo=
1791347868737018775,200,18991885,93347,0,,,,156,POST,http://proxy:8080/extract,Q29udGVudC1MZW5ndGg6IDM2NjQNCkNvbnRlbnQtVHlwZTogYXBwbGljYXRpb24vanNvbg0KRGF0ZTogV2VkLCAwNyBPY3QgMjAyNiAwNDozNzo0OCBHTVQNClNlcnZlci1UaW1pbmc6IHF1ZXVlO2R1cj0wLjAsIGV4dHJhY3Q7ZHVyPTYuMQ0KWC1Db250ZW50LVR5cGUtT3B0aW9uczogbm9zbmlmZg0KDQo=
1791347868677577645,200,113240703,147209,0,,,,153,POST,http://proxy:8080/extract,Q29udGVudC1MZW5ndGg6IDQ1MzQ1DQpDb250ZW50LVR5cGU6IGFwcGxpY2F0aW9uL2pzb24NCkRhdGU6IFdlZCwgMDcgT2N0IDIwMjYgMDQ6Mzc6NDcgR01UDQpTZXJ2ZXItVGltaW5nOiBxdWV1ZTtkdXI9MC4wLCBleHRyYWN0O2R1cj01MS43DQpYLUNvbnRlbnQtVHlwZS1PcHRpb25zOiBub3NuaWZmDQoNCg==
1791347866397514275,200,2435650606,10063439,0,,,,39,POST,http://proxy:8080/extract,Q29udGVudC1MZW5ndGg6IDQxMzA1DQpDb250ZW50LVR5cGU6IGFwcGxpY2F0aW9uL2pzb24NCkRhdGU6IFdlZCwgMDcgT2N0IDIwMjYgMDQ6Mzc6NDcgR01UDQpTZXJ2ZXItVGltaW5nOiBxdWV1ZTtkdXI9MC4wLCBleHRyYWN0O2R1cj0yODUuOA0KWC1Db250ZW50LVR5cGUtT3B0aW9uczogbm9zbmlmZg0KDQo=
1791347868817512903,200,24971294,93347,0,,,,160,POST,http://proxy:8080/extract,Q29udGVudC1MZW5ndGg6IDM2NjQNCkNvbnRlbnQtVHlwZTogYXBwbGljYXRpb24vanNvbg0KRGF0ZTogV2VkLCAwNyBPY3QgMjAyNiAwNDozNzo0NyBHTVQNClNlcnZlci1UaW1pbmc6IHF1ZXVlO2R1cj0wLjAsIGV4dHJhY3Q7ZHVyPTguMg0KWC1Db250ZW50LVR5cGUtT3B0aW9uczogbm9zbmlmZg0KDQo=
1791347868766330428,200,91200554,147209,0,,,,157,POST,http://proxy:8080/extract,Q29udGVudC1MZW5ndGg6IDQ1MzQ1DQpDb250ZW50LVR5cGU6IGFwcGxpY2F0aW9uL2pzb24NCkRhdGU6IFdlZCwgMDcgT2N0IDIwMjYgMDQ6Mzc6NDcgR01UDQpTZXJ2ZXItVGltaW5nOiBxdWV1ZTtkdXI9MC4wLCBleHRyYWN0O2R1cj02MS41DQpYLUNvbnRlbnQtVHlwZS1PcHRpb25zOiBub3NuaWZmDQoNCg==
1791347868841595462,200,56957452,147209,0,,,,161,POST,http://proxy:8080/extract,Q29udGVudC1MZW5ndGg6IDQ1MzQ1DQpDb250ZW50LVR5cGU6IGFwcGxpY2F0aW9uL2pzb24NCkRhdGU6IFdlZCwgMDcgT2N0IDIwMjYgMDQ6Mzc6NDcgR01UDQpTZXJ2ZXItVGltaW5nOiBxdWV1ZTtkdXI9MC4wLCBleHRyYWN0O2R1cj01NS4xDQpYLUNvbnRlbnQtVHlwZS1PcHRpb25zOiBub3NuaWZmDQoNCg==
1791347868896960072,200,19331437,93347,0,,,,164,POST,http://proxy:8080/extract,Q29udGVudC1MZW5ndGg6IDM2NjQNCkNvbnRlbnQtVHlwZTogYXBwbGljYXRpb24vanNvbg0KRGF0ZTogV2VkLCAwNyBPY3QgMjAyNiAwNDozNzo0OCBHTVQNClNlcnZlci1UaW1pbmc6IHF1ZXVlO2R1cj0wLjAsIGV4dHJhY3Q7ZHVyPTEyLjUNClgtQ29udGVudC1UeXBlLU9wdGlvbnM6IG5vc25pZmYNCg0K
1791347866297714614,200,2725211694,736965,0,,,,34,POST,http://proxy:8080/extract,Q29udGVudC1MZW5ndGg6IDc5Mjg5NQ0KQ29udGVudC1UeXBlOiBhcHBsaWNhdGlvbi9qc29uDQpEYXRlOiBXZWQsIDA3IE9jdCAyMDI2IDA0OjM3OjQ3IEdNVA0KU2VydmVyLVRpbWluZzogcXVldWU7ZHVyPTAuMCwgZXh0cmFjdDtkdXI9NzU5LjMNClgtQ29udGVudC1UeXBlLU9wdGlvbnM6IG5vc25pZmYNCg0K
1791347866377593649,200,2703153643,736965,0,,,,38,POST,http://proxy:8080/extract,Q29udGVudC1MZW5ndGg6IDc5Mjg5NQ0KQ29udGVudC1UeXBlOiBhcHBsaWNhdGlvbi9qc29uDQpEYXRlOiBXZWQsIDA3IE9jdCAyMDI2IDA0OjM3OjQ3IEdNVA0KU2VydmVyLVRpbWluZzogcXVldWU7ZHVyPTAuMCwgZXh0cmFjdDtkdXI9NjA2LjcNClgtQ29udGVudC1UeXBlLU9wdGlvbnM6IG5vc25pZmYNCg0K
1791347868978342135,200,115045877,93347,0,,,,168,POST,http://proxy:8080/extract,Q29udGVudC1MZW5ndGg6IDM2NjQNCkNvbnRlbnQtVHlwZTogYXBwbGljYXRpb24vanNvbg0KRGF0ZTogV2VkLCAwNyBPY3QgMjAyNiAwNDozNzo0OCBHTVQNClNlcnZlci1UaW1pbmc6IHF1ZXVlO2R1cj0wLjAsIGV4dHJhY3Q7ZHVyPTExLjANClgtQ29udGVudC1UeXBlLU9wdGlvbnM6IG5vc25pZmYNCg0K
1791347868926920324,200,184167977,147209,0,,,,165,POST,http://proxy:8080/extract,Q29udGVudC1MZW5ndGg6IDQ1MzQ1DQpDb250ZW50LVR5cGU6IGFwcGxpY2F0aW9uL2pzb24NCkRhdGU6IFdlZCwgMDcgT2N0IDIwMjYgMDQ6Mzc6NDggR01UDQpTZXJ2ZXItVGltaW5nOiBxdWV1ZTtkdXI9MC4wLCBleHRyYWN0O2R1cj04Mi41DQpYLUNvbnRlbnQtVHlwZS1PcHRpb25zOiBub3NuaWZmDQoNCg==
1791347869002775347,200,152179218,147209,0,,,,169,POST,http://proxy:8080/extract,Q29udGVudC1MZW5ndGg6IDQ1MzQ1DQpDb250ZW50LVR5cGU6IGFwcGxpY2F0aW9uL2pzb24NCkRhdGU6IFdlZCwgMDcgT2N0IDIwMjYgMDQ6Mzc6NDggR01UDQpTZXJ2ZXItVGltaW5nOiBxdWV1ZTtkdXI9MC4wLCBleHRyYWN0O2R1cj01OS45DQpYLUNvbnRlbnQtVHlwZS1PcHRpb25zOiBub3NuaWZmDQoNCg==
1791347869057857915,200,101449711,93347,0,,,,172,POST,http://proxy:8080/extract,Q29udGVudC1MZW5ndGg6IDM2NjQNCkNvbnRlbnQtVHlwZTogYXBwbGljYXRpb24vanNvbg0KRGF0ZTogV2VkLCAwNyBPY3QgMjAyNiAwNDozNzo0OCBHTVQNClNlcnZlci1UaW1pbmc6IHF1ZXVlO2R1cj0wLjAsIGV4dHJhY3Q7ZHVyPTE2LjgNClgtQ29udGVudC1UeXBlLU9wdGlvbnM6IG5vc25pZmYNCg0K
1791347869151254703,200,19281429,93347,0,,,,176,POST,http://proxy:8080/extract,Q29udGVudC1MZW5ndGg6IDM2NjQNCkNvbnRlbnQtVHlwZTogYXBwbGljYXRpb24vanNvbg0KRGF0ZTogV2VkLCAwNyBPY3QgMjAyNiAwNDozNzo0OCBHTVQNClNlcnZlci1UaW1pbmc6IHF1ZXVlO2R1cj0wLjAsIGV4dHJhY3Q7ZHVyPTYuMg0KWC1Db250ZW50LVR5cGUtT3B0aW9uczogbm9zbmlmZg0KDQo=
1791347869077725733,200,157892986,147209,0,,,,173,POST,http://proxy:8080/extract,Q29udGVudC1MZW5ndGg6IDQ1MzQ1DQpDb250ZW50LVR5cGU6IGFwcGxpY2F0aW9uL2pzb24NCkRhdGU6IFdlZCwgMDcgT2N0IDIwMjYgMDQ6Mzc6NDggR01UDQpTZXJ2ZXItVGltaW5nOiBxdWV1ZTtkdXI9MC4wLCBleHRyYWN0O2R1cj02My4xDQpYLUNvbnRlbnQtVHlwZS1PcHRpb25zOiBub3NuaWZmDQoNCg==
1791347869227099525,200,16143052,93347,0,,,,180,POST,http://proxy:8080/extract,Q29udGVudC1MZW5ndGg6IDM2NjQNCkNvbnRlbnQtVHlwZTogYXBwbGljYXRpb24vanNvbg0KRGF0ZTogV2VkLCAwNyBPY3QgMjAyNiAwNDozNzo0OCBHTVQNClNlcnZlci1UaW1pbmc6IHF1ZXVlO2R1cj0wLjAsIGV4dHJhY3Q7ZHVyPTUuNg0KWC1Db250ZW50LVR5cGUtT3B0aW9uczogbm9zbmlmZg0KDQo=
1791347866477942893,200,2803712419,10063439,0,,,,43,POST,http://proxy:8080/extract,Q29udGVudC1MZW5ndGg6IDQxMzA1DQpDb250ZW50LVR5cGU6IGFwcGxpY2F0aW9uL2pzb24NCkRhdGU6IFdlZCwgMDcgT2N0IDIwMjYgMDQ6Mzc6NDcgR01UDQpTZXJ2ZXItVGltaW5nOiBxdWV1ZTtkdXI9MC4wLCBleHRyYWN0O2R1cj0zNTUuNQ0KWC1Db250ZW50LVR5cGUtT3B0aW9uczogbm9zbmlmZg0KDQo=
1791347869157231111,200,139635212,147209,0,,,,177,POST,http://proxy:8080/extract,Q29udGVudC1MZW5ndGg6IDQ1MzQ1DQpDb250ZW50LVR5cGU6IGFwcGxpY2F0aW9uL2pzb24NCkRhdGU6IFdlZCwgMDcgT2N0IDIwMjYgMDQ6Mzc6NDggR01UDQpTZXJ2ZXItVGltaW5nOiBxdWV1ZTtkdXI9MC4wLCBleHRyYWN0O2R1cj0xMDAuOQ0KWC1Db250ZW50LVR5cGUtT3B0aW9uczogbm9zbmlmZg0KDQo=
1791347869237802951,200,97821060,147209,0,,,,181,POST,http://proxy:8080/extract,Q29udGVudC1MZW5ndGg6IDQ1MzQ1DQpDb250ZW50LVR5cGU6IGFwcGxpY2F0aW9uL2pzb24NCkRhdGU6IFdlZCwgMDcgT2N0IDIwMjYgMDQ6Mzc6NDggR01UDQpTZXJ2ZXItVGltaW5nOiBxdWV1ZTtkdXI9MC4wLCBleHRyYWN0O2R1cj04OS43DQpYLUNvbnRlbnQtVHlwZS1PcHRpb25zOiBub3NuaWZmDQoNCg==
1791347869296878725,200,95531012,93347,0,,,,184,POST,http://proxy:8080/extract,Q29udGVudC1MZW5ndGg6IDM2NjQNCkNvbnRlbnQtVHlwZTogYXBwbGljYXRpb24vanNvbg0KRGF0ZTogV2VkLCAwNyBPY3QgMjAyNiAwNDozNzo0OCBHTVQNClNlcnZlci1UaW1pbmc6IHF1ZXVlO2R1cj0wLjAsIGV4dHJhY3Q7ZHVyPTEzLjUNClgtQ29udGVudC1UeXBlLU9wdGlvbnM6IG5vc25pZmYNCg0K
1791347869335191545,200,136888095,147209,0,,,,185,POST,http://proxy:8080/extract,Q29udGVudC1MZW5ndGg6IDQ1MzQ1DQpDb250ZW50LVR5cGU6IGFwcGxpY2F0aW9uL2pzb24NCkRhdGU6IFdlZCwgMDcgT2N0IDIwMjYgMDQ6Mzc6NDggR01UDQpTZXJ2ZXItVGltaW5nOiBxdWV1ZTtkdXI9MC4wLCBleHRyYWN0O2R1cj03OS4zDQpYLUNvbnRlbnQtVHlwZS1PcHRpb25zOiBub3NuaWZmDQoNCg==
1791347869382090070,200,104271640,93347,0,,,,188,POST,http://proxy:8080/extract,Q29udGVudC1MZW5ndGg6IDM2NjQNCkNvbnRlbnQtVHlwZTogYXBwbGljYXRpb24vanNvbg0KRGF0ZTogV2VkLCAwNyBPY3QgMjAyNiAwNDozNzo0OCBHTVQNClNlcnZlci1UaW1pbmc6IHF1ZXVlO2R1cj0wLjAsIGV4dHJhY3Q7ZHVyPTEwLjANClgtQ29udGVudC1UeXBlLU9wdGlvbnM6IG5vc25pZmYNCg0K
1791347866459669117,200,3071071735,736965,0,,,,42,POST,http://proxy:8080/extract,Q29udGVudC1MZW5ndGg6IDc5Mjg5NQ0KQ29udGVudC1UeXBlOiBhcHBsaWNhdGlvbi9qc29uDQpEYXRlOiBXZWQsIDA3IE9jdCAyMDI2IDA0OjM3OjQ4IEdNVA0KU2VydmVyLVRpbWluZzogcXVldWU7ZHVyPTAuMCwgZXh0cmFjdDtkdXI9NzQzLjYNClgtQ29udGVudC1UeXBlLU9wdGlvbnM6IG5vc25pZmYNCg0K
1791347866536903150,200,3006347502,736965,0,,,,46,POST,http://proxy:8080/extract,Q29udGVudC1MZW5ndGg6IDc5Mjg5NQ0KQ29udGVudC1UeXBlOiBhcHBsaWNhdGlvbi9qc29uDQpEYXRlOiBXZWQsIDA3IE9jdCAyMDI2IDA0OjM3OjQ4IEdNVA0KU2VydmVyLVRpbWluZzogcXVldWU7ZHVyPTAuMCwgZXh0cmFjdDtkdXI9NjAwLjMNClgtQ29udGVudC1UeXBlLU9wdGlvbnM6IG5vc25pZmYNCg0K
1791347869458242038,200,89220454,93347,0,,,,192,POST,http://proxy:8080/extract,Q29udGVudC1MZW5ndGg6IDM2NjQNCkNvbnRlbnQtVHlwZTogYXBwbGljYXRpb24vanNvbg0KRGF0ZTogV2VkLCAwNyBPY3QgMjAyNiAwNDozNzo0OSBHTVQNClNlcnZlci1UaW1pbmc6IHF1ZXVlO2R1cj0wLjAsIGV4dHJhY3Q7ZHVyPTExLjkNClgtQ29udGVudC1UeXBlLU9wdGlvbnM6IG5vc25pZmYNCg0K
1791347869399679242,200,190822987,147209,0,,,,189,POST,http://proxy:8080/extract,Q29udGVudC1MZW5ndGg6IDQ1MzQ1DQpDb250ZW50LVR5cGU6IGFwcGxpY2F0aW9uL2pzb24NCkRhdGU6IFdlZCwgMDcgT2N0IDIwMjYgMDQ6Mzc6NDggR01UDQpTZXJ2ZXItVGltaW5nOiBxdWV1ZTtkdXI9MC4wLCBleHRyYWN0O2R1cj05MS4zDQpYLUNvbnRlbnQtVHlwZS1PcHRpb25zOiBub3NuaWZmDQoNCg==
1791347869541177837,200,54017005,93347,0,,,,196,POST,http://proxy:8080/extract,Q29udGVudC1MZW5ndGg6IDM2NjQNCkNvbnRlbnQtVHlwZTogYXBwbGljYXRpb24vanNvbg0KRGF0ZTogV2VkLCAwNyBPY3QgMjAyNiAwNDozNzo0OCBHTVQNClNlcnZlci1UaW1pbmc6IHF1ZXVlO2R1cj0wLjAsIGV4dHJhY3Q7ZHVyPTYuMA0KWC1Db250ZW50LVR5cGUtT3B0aW9uczogbm9zbmlmZg0KDQo=
1791347869477234323,200,166007118,147209,0,,,,193,POST,http://proxy:8080/extract,Q29udGVudC1MZW5ndGg6IDQ1MzQ1DQpDb250ZW50LVR5cGU6IGFwcGxpY2F0aW9uL2pzb24NCkRhdGU6IFdlZCwgMDcgT2N0IDIwMjYgMDQ6Mzc6NDggR01UDQpTZXJ2ZXItVGltaW5nOiBxdWV1ZTtkdXI9MC4wLCBleHRyYWN0O2R1cj05MS4wDQpYLUNvbnRlbnQtVHlwZS1PcHRpb25zOiBub3NuaWZmDQoNCg==
1791347869617066765,200,47139661,93347,0,,,,200,POST,http://proxy:8080/extract,Q29udGVudC1MZW5ndGg6IDM2NjQNCkNvbnRlbnQtVHlwZTogYXBwbGljYXRpb24vanNvbg0KRGF0ZTogV2VkLCAwNyBPY3QgMjAyNiAwNDozNzo0OCBHTVQNClNlcnZlci1UaW1pbmc6IHF1ZXVlO2R1cj0wLjAsIGV4dHJhY3Q7ZHVyPTYuMg0KWC1Db250ZW50LVR5cGUtT3B0aW9uczogbm9zbmlmZg0KDQo=
1791347869643301450,200,102934137,147209,0,,,,201,POST,http://proxy:8080/extract,Q29udGVudC1MZW5ndGg6IDQ1MzQ1DQpDb250ZW50LVR5cGU6IGFwcGxpY2F0aW9uL2pzb24NCkRhdGU6IFdlZCwgMDcgT2N0IDIwMjYgMDQ6Mzc6NDggR01UDQpTZXJ2ZXItVGltaW5nOiBxdWV1ZTtkdXI9MC4wLCBleHRyYWN0O2R1cj03OS43DQpYLUNvbnRlbnQtVHlwZS1PcHRpb25zOiBub3NuaWZmDQoNCg==
1791347869697739320,200,57178586,93347,0,,,,204,POST,http://proxy:8080/extract,Q29udGVudC1MZW5ndGg6IDM2NjQNCkNvbnRlbnQtVHlwZTogYXBwbGljYXRpb24vanNvbg0KRGF0ZTogV2VkLCAwNyBPY3QgMjAyNiAwNDozNzo0OCBHTVQNClNlcnZlci1UaW1pbmc6IHF1ZXVlO2R1cj0wLjAsIGV4dHJhY3Q7ZHVyPTcuMA0KWC1Db250ZW50LVR5cGUtT3B0aW9uczogbm9zbmlmZg0KDQo=
1791347869557421904,200,200843511,147209,0,,,,197,POST,http://proxy:8080/extract,Q29udGVudC1MZW5ndGg6IDQ1MzQ1DQpDb250ZW50LVR5cGU6IGFwcGxpY2F0aW9uL2pzb24NCkRhdGU6IFdlZCwgMDcgT2N0IDIwMjYgMDQ6Mzc6NDggR01UDQpTZXJ2ZXItVGltaW5nOiBxdWV1ZTtkdXI9MC4wLCBleHRyYWN0O2R1cj0xMzYuOQ0KWC1Db250ZW50LVR5cGUtT3B0aW9uczogbm9zbmlmZg0KDQo=
1791347869717541328,200,125109306,147209,0,,,,205,POST,http://proxy:8080/extract,Q29udGVudC1MZW5ndGg6IDQ1MzQ1DQpDb250ZW50LVR5cGU6IGFwcGxpY2F0aW9uL2pzb24NCkRhdGU6IFdlZCwgMDcgT2N0IDIwMjYgMDQ6Mzc6NDggR01UDQpTZXJ2ZXItVGltaW5nOiBxdWV1ZTtkdXI9MC4wLCBleHRyYWN0O2R1cj04NS4zDQpYLUNvbnRlbnQtVHlwZS1PcHRpb25zOiBub3NuaWZmDQoNCg==
1791347869777540643,200,80320001,93347,0,,,,208,POST,http://proxy:8080/extract,Q29udGVudC1MZW5ndGg6IDM2NjQNCkNvbnRlbnQtVHlwZTogYXBwbGljYXRpb24vanNvbg0KRGF0ZTogV2VkLCAwNyBPY3QgMjAyNiAwNDozNzo0OCBHTVQNClNlcnZlci1UaW1pbmc6IHF1ZXVlO2R1cj0wLjAsIGV4dHJhY3Q7ZHVyPTEzLjkNClgtQ29udGVudC1UeXBlLU9wdGlvbnM6IG5vc25pZmYNCg0K
1791347866557585992,200,3338133604,10063439,0,,,,47,POST,http://proxy:8080/extract,Q29udGVudC1MZW5ndGg6IDQxMzA1DQpDb250ZW50LVR5cGU6IGFwcGxpY2F0aW9uL2pzb24NCkRhdGU6IFdlZCwgMDcgT2N0IDIwMjYgMDQ6Mzc6NDggR01UDQpTZXJ2ZXItVGltaW5nOiBxdWV1ZTtkdXI9MC4wLCBleHRyYWN0O2R1cj00MjUuMw0KWC1Db250ZW50LVR5cGUtT3B0aW9uczogbm9zbmlmZg0KDQo=
1791347869857689518,200,81757620,93347,0,,,,212,POST,http://proxy:8080/extract,Q29udGVudC1MZW5ndGg6IDM2NjQNCkNvbnRlbnQtVHlwZTogYXBwbGljYXRpb24vanNvbg0KRGF0ZTogV2VkLCAwNyBPY3QgMjAyNiAwNDozNzo0OCBHTVQNClNlcnZlci1UaW1pbmc6IHF1ZXVlO2R1cj0wLjAsIGV4dHJhY3Q7ZHVyPTQzLjENClgtQ29udGVudC1UeXBlLU9wdGlvbnM6IG5vc25pZmYNCg0K
1791347869798005052,200,147290875,147209,0,,,,209,POST,http://proxy:8080/extract,Q29udGVudC1MZW5ndGg6IDQ1MzQ1DQpDb250ZW50LVR5cGU6IGFwcGxpY2F0aW9uL2pzb24NCkRhdGU6IFdlZCwgMDcgT2N0IDIwMjYgMDQ6Mzc6NDggR01UDQpTZXJ2ZXItVGltaW5nOiBxdWV1ZTtkdXI9MC4wLCBleHRyYWN0O2R1cj04NS45DQpYLUNvbnRlbnQtVHlwZS1PcHRpb25zOiBub3NuaWZmDQoNCg==
1791347869943969025,200,18458604,93347,0,,,,216,POST,http://proxy:8080/extract,Q29udGVudC1MZW5ndGg6IDM2NjQNCkNvbnRlbnQtVHlwZTogYXBwbGljYXRpb24vanNvbg0KRGF0ZTogV2VkLCAwNyBPY3QgMjAyNiAwNDozNzo0OSBHTVQNClNlcnZlci1UaW1pbmc6IHF1ZXVlO2R1cj0wLjAsIGV4dHJhY3Q7ZHVyPTE1LjkNClgtQ29udGVudC1UeXBlLU9wdGlvbnM6IG5vc25pZmYNCg0K
1791347866619120740,200,3380286007,736965,0,,,,50,POST,http://proxy:8080/extract,Q29udGVudC1MZW5ndGg6IDc5Mjg5NQ0KQ29udGVudC1UeXBlOiBhcHBsaWNhdGlvbi9qc29uDQpEYXRlOiBXZWQsIDA3IE9jdCAyMDI2IDA0OjM3OjQ4IEdNVA0KU2VydmVyLVRpbWluZzogcXVldWU7ZHVyPTAuMCwgZXh0cmFjdDtkdXI9Njk0LjENClgtQ29udGVudC1UeXBlLU9wdGlvbnM6IG5vc25pZmYNCg0K
1791347866637021659,200,3363348734,10063439,0,,,,51,POST,http://proxy:8080/extract,Q29udGVudC1MZW5ndGg6IDQxMzA1DQpDb250ZW50LVR5cGU6IGFwcGxpY2F0aW9uL2pzb24NCkRhdGU6IFdlZCwgMDcgT2N0IDIwMjYgMDQ6Mzc6NDkgR01UDQpTZXJ2ZXItVGltaW5nOiBxdWV1ZTtkdXI9MC4wLCBleHRyYWN0O2R1cj0zNzEuMg0KWC1Db250ZW50LVR5cGUtT3B0aW9uczogbm9zbmlmZg0KDQo=
1791347869877412214,200,150469859,147209,0,,,,213,POST,http://proxy:8080/extract,Q29udGVudC1MZW5ndGg6IDQ1MzQ1DQpDb250ZW50LVR5cGU6IGFwcGxpY2F0aW9uL2pzb24NCkRhdGU6IFdlZCwgMDcgT2N0IDIwMjYgMDQ6Mzc6NDggR01UDQpTZXJ2ZXItVGltaW5nOiBxdWV1ZTtkdXI9MC4wLCBleHRyYWN0O2R1cj04Ni41DQpYLUNvbnRlbnQtVHlwZS1PcHRpb25zOiBub3NuaWZmDQoNCg==
1791347869959872941,200,110031015,147209,0,,,,217,POST,http://proxy:8080/extract,Q29udGVudC1MZW5ndGg6IDQ1MzQ1DQpDb250ZW50LVR5cGU6IGFwcGxpY2F0aW9uL2pzb24NCkRhdGU6IFdlZCwgMDcgT2N0IDIwMjYgMDQ6Mzc6NDkgR01UDQpTZXJ2ZXItVGltaW5nOiBxdWV1ZTtkdXI9MC4wLCBleHRyYWN0O2R1cj0xMDIuNA0KWC1Db250ZW50LVR5cGUtT3B0aW9uczogbm9zbmlmZg0KDQo=
1791347870020831402,200,92873008,93347,0,,,,220,POST,http://proxy:8080/extract,Q29udGVudC1MZW5ndGg6IDM2NjQNCkNvbnRlbnQtVHlwZTogYXBwbGljYXRpb24vanNvbg0KRGF0ZTogV2VkLCAwNyBPY3QgMjAyNiAwNDozNzo0OSBHTVQNClNlcnZlci1UaW1pbmc6IHF1ZXVlO2R1cj0wLjAsIGV4dHJhY3Q7ZHVyPTQ1LjkNClgtQ29udGVudC1UeXBlLU9wdGlvbnM6IG5vc25pZmYNCg0K
1791347870047459047,200,132245990,147209,0,,,,221,POST,http://proxy:8080/extract,Q29udGVudC1MZW5ndGg6IDQ1MzQ1DQpDb250ZW50LVR5cGU6IGFwcGxpY2F0aW9uL2pzb24NCkRhdGU6IFdlZCwgMDcgT2N0IDIwMjYgMDQ6Mzc6NDkgR01UDQpTZXJ2ZXItVGltaW5nOiBxdWV1ZTtkdXI9MC4wLCBleHRyYWN0O2R1cj02Mi4xDQpYLUNvbnRlbnQtVHlwZS1PcHRpb25zOiBub3NuaWZmDQoNCg==
1791347870097852002,200,88426633,93347,0,,,,224,POST,http://proxy:8080/extract,Q29udGVudC1MZW5ndGg6IDM2NjQNCkNvbnRlbnQtVHlwZTogYXBwbGljYXRpb24vanNvbg0KRGF0ZTogV2VkLCAwNyBPY3QgMjAyNiAwNDozNzo0OSBHTVQNClNlcnZlci1UaW1pbmc6IHF1ZXVlO2R1cj0wLjAsIGV4dHJhY3Q7ZHVyPTUuNA0KWC1Db250ZW50LVR5cGUtT3B0aW9uczogbm9zbmlmZg0KDQo=
1791347870116885393,200,116624417,147209,0,,,,225,POST,http://proxy:8080/extract,Q29udGVudC1MZW5ndGg6IDQ1MzQ1DQpDb250ZW50LVR5cGU6IGFwcGxpY2F0aW9uL2pzb24NCkRhdGU6IFdlZCwgMDcgT2N0IDIwMjYgMDQ6Mzc6NDkgR01UDQpTZXJ2ZXItVGltaW5nOiBxdWV1ZTtkdXI9MC4wLCBleHRyYWN0O2R1cj00NS42DQpYLUNvbnRlbnQtVHlwZS1PcHRpb25zOiBub3NuaWZmDQoNCg==
1791347870179253368,200,62158543,93347,0,,,,228,POST,http://proxy:8080/extract,Q29udGVudC1MZW5ndGg6IDM2NjQNCkNvbnRlbnQtVHlwZTogYXBwbGljYXRpb24vanNvbg0KRGF0ZTogV2VkLCAwNyBPY3QgMjAyNiAwNDozNzo0OSBHTVQNClNlcnZlci1UaW1pbmc6IHF1ZXVlO2R1cj0wLjAsIGV4dHJhY3Q7ZHVyPTUuOA0KWC1Db250ZW50LVR5cGUtT3B0aW9uczogbm9zbmlmZg0KDQo=
1791347870197473136,200,95416395,147209,0,,,,229,POST,http://proxy:8080/extract,Q29udGVudC1MZW5ndGg6IDQ1MzQ1DQpDb250ZW50LVR5cGU6IGFwcGxpY2F0aW9uL2pzb24NCkRhdGU6IFdlZCwgMDcgT2N0IDIwMjYgMDQ6Mzc6NDkgR01UDQpTZXJ2ZXItVGltaW5nOiBxdWV1ZTtkdXI9MC4wLCBleHRyYWN0O2R1cj00Ni41DQpYLUNvbnRlbnQtVHlwZS1PcHRpb25zOiBub3NuaWZmDQoNCg==
1791347870257142000,200,58056120,93347,0,,,,232,POST,http://proxy:8080/extract,Q29udGVudC1MZW5ndGg6IDM2NjQNCkNvbnRlbnQtVHlwZTogYXBwbGljYXRpb24vanNvbg0KRGF0ZTogV2VkLCAwNyBPY3QgMjAyNiAwNDozNzo0OSBHTVQNClNlcnZlci1UaW1pbmc6IHF1ZXVlO2R1cj0wLjAsIGV4dHJhY3Q7ZHVyPTE4LjgNClgtQ29udGVudC1UeXBlLU9wdGlvbnM6IG5vc25pZmYNCg0K
1791347870277751631,200,77802219,147209,0,,,,233,POST,http://proxy:8080/extract,Q29udGVudC1MZW5ndGg6IDQ1MzQ1DQpDb250ZW50LVR5cGU6IGFwcGxpY2F0aW9uL2pzb24NCkRhdGU6IFdlZCwgMDcgT2N0IDIwMjYgMDQ6Mzc6NDkgR01UDQpTZXJ2ZXItVGltaW5nOiBxdWV1ZTtkdXI9MC4wLCBleHRyYWN0O2R1cj0zOC4yDQpYLUNvbnRlbnQtVHlwZS1PcHRpb25zOiBub3NuaWZmDQoNCg==
1791347866718224295,200,3655961786,10063439,0,,,,55,POST,http://proxy:8080/extract,Q29udGVudC1MZW5ndGg6IDQxMzA1DQpDb250ZW50LVR5cGU6IGFwcGxpY2F0aW9uL2pzb24NCkRhdGU6IFdlZCwgMDcgT2N0IDIwMjYgMDQ6Mzc6NDkgR01UDQpTZXJ2ZXItVGltaW5nOiBxdWV1ZTtkdXI9MC4wLCBleHRyYWN0O2R1cj0yNzEuNQ0KWC1Db250ZW50LVR5cGUtT3B0aW9uczogbm9zbmlmZg0KDQo=
1791347870337426496,200,38627869,93347,0,,,,236,POST,http://proxy:8080/extract,Q29udGVudC1MZW5ndGg6IDM2NjQNCkNvbnRlbnQtVHlwZTogYXBwbGljYXRpb24vanNvbg0KRGF0ZTogV2VkLCAwNyBPY3QgMjAyNiAwNDozNzo0OSBHTVQNClNlcnZlci1UaW1pbmc6IHF1ZXVlO2R1cj0wLjAsIGV4dHJhY3Q7ZHVyPTE3LjkNClgtQ29udGVudC1UeXBlLU9wdGlvbnM6IG5vc25pZmYNCg0K
1791347870357722280,200,73604081,147209,0,,,,237,POST,http://proxy:8080/extract,Q29udGVudC1MZW5ndGg6IDQ1MzQ1DQpDb250ZW50LVR5cGU6IGFwcGxpY2F0aW9uL2pzb24NCkRhdGU6IFdlZCwgMDcgT2N0IDIwMjYgMDQ6Mzc6NDkgR01UDQpTZXJ2ZXItVGltaW5nOiBxdWV1ZTtkdXI9MC4wLCBleHRyYWN0O2R1cj01MS44DQpYLUNvbnRlbnQtVHlwZS1PcHRpb25zOiBub3NuaWZmDQoNCg==
1791347870417202415,200,26763366,93347,0,,,,240,POST,http://proxy:8080/extract,Q29udGVudC1MZW5ndGg6IDM2NjQNCkNvbnRlbnQtVHlwZTogYXBwbGljYXRpb24vanNvbg0KRGF0ZTogV2VkLCAwNyBPY3QgMjAyNiAwNDozNzo0OSBHTVQNClNlcnZlci1UaW1pbmc6IHF1ZXVlO2R1cj0wLjAsIGV4dHJhY3Q7ZHVyPTEwLjQNClgtQ29udGVudC1UeXBlLU9wdGlvbnM6IG5vc25pZmYNCg0K
1791347870437781042,200,59014565,147209,0,,,,241,POST,http://proxy:8080/extract,Q29udGVudC1MZW5ndGg6IDQ1MzQ1DQpDb250ZW50LVR5cGU6IGFwcGxpY2F0aW9uL2pzb24NCkRhdGU6IFdlZCwgMDcgT2N0IDIwMjYgMDQ6Mzc6NTAgR01UDQpTZXJ2ZXItVGltaW5nOiBxdWV1ZTtkdXI9MC4wLCBleHRyYWN0O2R1cj00MS44DQpYLUNvbnRlbnQtVHlwZS1PcHRpb25zOiBub3NuaWZmDQoNCg==
1791347866880603662,200,3920614990,10063439,0,,,,63,POST,http://proxy:8080/extract,Q29udGVudC1MZW5ndGg6IDQxMzA1DQpDb250ZW50LVR5cGU6IGFwcGxpY2F0aW9uL2pzb24NCkRhdGU6IFdlZCwgMDcgT2N0IDIwMjYgMDQ6Mzc6NTAgR01UDQpTZXJ2ZXItVGltaW5nOiBxdWV1ZTtkdXI9MC4wLCBleHRyYWN0O2R1cj0yMzUuMw0KWC1Db250ZW50LVR5cGUtT3B0aW9uczogbm9zbmlmZg0KDQo=
1791347866799210598,200,4016521159,10063439,0,,,,59,POST,http://proxy:8080/extract,Q29udGVudC1MZW5ndGg6IDQxMzA1DQpDb250ZW50LVR5cGU6IGFwcGxpY2F0aW9uL2pzb24NCkRhdGU6IFdlZCwgMDcgT2N0IDIwMjYgMDQ6Mzc6NDkgR01UDQpTZXJ2ZXItVGltaW5nOiBxdWV1ZTtkdXI9MC4wLCBleHRyYWN0O2R1cj0zNzIuMw0KWC1Db250ZW50LVR5cGUtT3B0aW9uczogbm9zbmlmZg0KDQo=
1791347870498194119,200,321976012,93347,0,,,,244,POST,http://proxy:8080/extract,Q29udGVudC1MZW5ndGg6IDM2NjQNCkNvbnRlbnQtVHlwZTogYXBwbGljYXRpb24vanNvbg0KRGF0ZTogV2VkLCAwNyBPY3QgMjAyNiAwNDozNzo1MCBHTVQNClNlcnZlci1UaW1pbmc6IHF1ZXVlO2R1cj0wLjAsIGV4dHJhY3Q7ZHVyPTE0LjcNClgtQ29udGVudC1UeXBlLU9wdGlvbnM6IG5vc25pZmYNCg0K
1791347870577248828,200,251628226,93347,0,,,,248,POST,http://proxy:8080/extract,Q29udGVudC1MZW5ndGg6IDM2NjQNCkNvbnRlbnQtVHlwZTogYXBwbGljYXRpb24vanNvbg0KRGF0ZTogV2VkLCAwNyBPY3QgMjAyNiAwNDozNzo1MCBHTVQNClNlcnZlci1UaW1pbmc6IHF1ZXVlO2R1cj0wLjAsIGV4dHJhY3Q7ZHVyPTguNA0KWC1Db250ZW50LVR5cGUtT3B0aW9uczogbm9zbmlmZg0KDQo=
1791347866702254569,200,4132182430,736965,0,,,,54,POST,http://proxy:8080/extract,Q29udGVudC1MZW5ndGg6IDc5Mjg5NQ0KQ29udGVudC1UeXBlOiBhcHBsaWNhdGlvbi9qc29uDQpEYXRlOiBXZWQsIDA3IE9jdCAyMDI2IDA0OjM3OjQ4IEdNVA0KU2VydmVyLVRpbWluZzogcXVldWU7ZHVyPTAuMCwgZXh0cmFjdDtkdXI9MTA2Ny4yDQpYLUNvbnRlbnQtVHlwZS1PcHRpb25zOiBub3NuaWZmDQoNCg==
1791347870656907930,200,191137336,93347,0,,,,252,POST,http://proxy:8080/extract,Q29udGVudC1MZW5ndGg6IDM2NjQNCkNvbnRlbnQtVHlwZTogYXBwbGljYXRpb24vanNvbg0KRGF0ZTogV2VkLCAwNyBPY3QgMjAyNiAwNDozNzo0OSBHTVQNClNlcnZlci1UaW1pbmc6IHF1ZXVlO2R1cj0wLjAsIGV4dHJhY3Q7ZHVyPTExLjgNClgtQ29udGVudC1UeXBlLU9wdGlvbnM6IG5vc25pZmYNCg0K
1791347870518605820,200,337492869,147209,0,,,,245,POST,http://proxy:8080/extract,Q29udGVudC1MZW5ndGg6IDQ1MzQ1DQpDb250ZW50LVR5cGU6IGFwcGxpY2F0aW9uL2pzb24NCkRhdGU6IFdlZCwgMDcgT2N0IDIwMjYgMDQ6Mzc6NDkgR01UDQpTZXJ2ZXItVGltaW5nOiBxdWV1ZTtkdXI9MC4wLCBleHRyYWN0O2R1cj0zNy41DQpYLUNvbnRlbnQtVHlwZS1PcHRpb25zOiBub3NuaWZmDQoNCg==
1791347870737222631,200,147594721,93347,0,,,,256,POST,http://proxy:8080/extract,Q29udGVudC1MZW5ndGg6IDM2NjQNCkNvbnRlbnQtVHlwZTogYXBwbGljYXRpb24vanNvbg0KRGF0ZTogV2VkLCAwNyBPY3QgMjAyNiAwNDozNzo0OSBHTVQNClNlcnZlci1UaW1pbmc6IHF1ZXVlO2R1cj0wLjAsIGV4dHJhY3Q7ZHVyPTI3LjINClgtQ29udGVudC1UeXBlLU9wdGlvbnM6IG5vc25pZmYNCg0K
1791347866779516406,200,4134266246,736965,0,,,,58,POST,http://proxy:8080/extract,Q29udGVudC1MZW5ndGg6IDc5Mjg5NQ0KQ29udGVudC1UeXBlOiBhcHBsaWNhdGlvbi9qc29uDQpEYXRlOiBXZWQsIDA3IE9jdCAyMDI2IDA0OjM3OjQ5IEdNVA0KU2VydmVyLVRpbWluZzogcXVldWU7ZHVyPTAuMCwgZXh0cmFjdDtkdXI9ODkzLjENClgtQ29udGVudC1UeXBlLU9wdGlvbnM6IG5vc25pZmYNCg0K
1791347870597826855,200,336999194,147209,0,,,,249,POST,http://proxy:8080/extract,Q29udGVudC1MZW5ndGg6IDQ1MzQ1DQpDb250ZW50LVR5cGU6IGFwcGxpY2F0aW9uL2pzb24NCkRhdGU6IFdlZCwgMDcgT2N0IDIwMjYgMDQ6Mzc6NTAgR01UDQpTZXJ2ZXItVGltaW5nOiBxdWV1ZTtkdXI9MC4wLCBleHRyYWN0O2R1cj0xMDMuMA0KWC1Db250ZW50LVR5cGUtT3B0aW9uczogbm9zbmlmZg0KDQo=
1791347870820237542,200,120666630,93347,0,,,,260,POST,http://proxy:8080/extract,Q29udGVudC1MZW5ndGg6IDM2NjQNCkNvbnRlbnQtVHlwZTogYXBwbGljYXRpb24vanNvbg0KRGF0ZTogV2VkLCAwNyBPY3QgMjAyNiAwNDozNzo1MCBHTVQNClNlcnZlci1UaW1pbmc6IHF1ZXVlO2R1cj0wLjAsIGV4dHJhY3Q7ZHVyPTE4LjANClgtQ29udGVudC1UeXBlLU9wdGlvbnM6IG5vc25pZmYNCg0K
1791347870897000503,200,62692924,93347,0,,,,264,POST,http://proxy:8080/extract,Q29udGVudC1MZW5ndGg6IDM2NjQNCkNvbnRlbnQtVHlwZTogYXBwbGljYXRpb24vanNvbg0KRGF0ZTogV2VkLCAwNyBPY3QgMjAyNiAwNDozNzo1MCBHTVQNClNlcnZlci1UaW1pbmc6IHF1ZXVlO2R1cj0wLjAsIGV4dHJhY3Q7ZHVyPTE4LjcNClgtQ29udGVudC1UeXBlLU9wdGlvbnM6IG5vc25pZmYNCg0K
1791347866863323437,200,4101045600,736965,0,,,,62,POST,http://proxy:8080/extract,Q29udGVudC1MZW5ndGg6IDc5Mjg5NQ0KQ29udGVudC1UeXBlOiBhcHBsaWNhdGlvbi9qc29uDQpEYXRlOiBXZWQsIDA3IE9jdCAyMDI2IDA0OjM3OjQ5IEdNVA0KU2VydmVyLVRpbWluZzogcXVldWU7ZHVyPTAuMCwgZXh0cmFjdDtkdXI9OTIyLjINClgtQ29udGVudC1UeXBlLU9wdGlvbnM6IG5vc25pZmYNCg0K
1791347870837700094,200,144235311,147209,0,,,,261,POST,http://proxy:8080/extract,Q29udGVudC1MZW5ndGg6IDQ1MzQ1DQpDb250ZW50LVR5cGU6IGFwcGxpY2F0aW9uL2pzb24NCkRhdGU6IFdlZCwgMDcgT2N0IDIwMjYgMDQ6Mzc6NTAgR01UDQpTZXJ2ZXItVGltaW5nOiBxdWV1ZTtkdXI9MC4wLCBleHRyYWN0O2R1cj00My42DQpYLUNvbnRlbnQtVHlwZS1PcHRpb25zOiBub3NuaWZmDQoNCg==
1791347870757825160,200,246886906,147209,0,,,,257,POST,http://proxy:8080/extract,Q29udGVudC1MZW5ndGg6IDQ1MzQ1DQpDb250ZW50LVR5cGU6IGFwcGxpY2F0aW9uL2pzb24NCkRhdGU6IFdlZCwgMDcgT2N0IDIwMjYgMDQ6Mzc6NDkgR01UDQpTZXJ2ZXItVGltaW5nOiBxdWV1ZTtkdXI9MC4wLCBleHRyYWN0O2R1cj0xMTYuMg0KWC1Db250ZW50LVR5cGUtT3B0aW9uczogbm9zbmlmZg0KDQo=
1791347870977595246,200,34838993,93347,0,,,,268,POST,http://proxy:8080/extract,Q29udGVudC1MZW5ndGg6IDM2NjQNCkNvbnRlbnQtVHlwZTogYXBwbGljYXRpb24vanNvbg0KRGF0ZTogV2VkLCAwNyBPY3QgMjAyNiAwNDozNzo1MCBHTVQNClNlcnZlci1UaW1pbmc6IHF1ZXVlO2R1cj0wLjAsIGV4dHJhY3Q7ZHVyPTcuMA0KWC1Db250ZW50LVR5cGUtT3B0aW9uczogbm9zbmlmZg0KDQo=
1791347870926119226,200,124146060,147209,0,,,,265,POST,http://proxy:8080/extract,Q29udGVudC1MZW5ndGg6IDQ1MzQ1DQpDb250ZW50LVR5cGU6IGFwcGxpY2F0aW9uL2pzb24NCkRhdGU6IFdlZCwgMDcgT2N0IDIwMjYgMDQ6Mzc6NTAgR01UDQpTZXJ2ZXItVGltaW5nOiBxdWV1ZTtkdXI9MC4wLCBleHRyYWN0O2R1cj04MS4wDQpYLUNvbnRlbnQtVHlwZS1PcHRpb25zOiBub3NuaWZmDQoNCg==
1791347870677566568,200,390231881,147209,0,,,,253,POST,http://proxy:8080/extract,Q29udGVudC1MZW5ndGg6IDQ1MzQ1DQpDb250ZW50LVR5cGU6IGFwcGxpY2F0aW9uL2pzb24NCkRhdGU6IFdlZCwgMDcgT2N0IDIwMjYgMDQ6Mzc6NTAgR01UDQpTZXJ2ZXItVGltaW5nOiBxdWV1ZTtkdXI9MC4wLCBleHRyYWN0O2R1cj0yMDcuOA0KWC1Db250ZW50LVR5cGUtT3B0aW9uczogbm9zbmlmZg0KDQo=
1791347871057512187,200,55794275,93347,0,,,,272,POST,http://proxy:8080/extract,Q29udGVudC1MZW5ndGg6IDM2NjQNCkNvbnRlbnQtVHlwZTogYXBwbGljYXRpb24vanNvbg0KRGF0ZTogV2VkLCAwNyBPY3QgMjAyNiAwNDozNzo1MCBHTVQNClNlcnZlci1UaW1pbmc6IHF1ZXVlO2R1cj0wLjAsIGV4dHJhY3Q7ZHVyPTM5LjYNClgtQ29udGVudC1UeXBlLU9wdGlvbnM6IG5vc25pZmYNCg0K
1791347870999314046,200,155126865,147209,0,,,,269,POST,http://proxy:8080/extract,Q29udGVudC1MZW5ndGg6IDQ1MzQ1DQpDb250ZW50LVR5cGU6IGFwcGxpY2F0aW9uL2pzb24NCkRhdGU6IFdlZCwgMDcgT2N0IDIwMjYgMDQ6Mzc6NTAgR01UDQpTZXJ2ZXItVGltaW5nOiBxdWV1ZTtkdXI9MC4wLCBleHRyYWN0O2R1cj05OC41DQpYLUNvbnRlbnQtVHlwZS1PcHRpb25zOiBub3NuaWZmDQoNCg==
1791347871137837789,200,23031999,93347,0,,,,276,POST,http://proxy:8080/extract,Q29udGVudC1MZW5ndGg6IDM2NjQNCkNvbnRlbnQtVHlwZTogYXBwbGljYXRpb24vanNvbg0KRGF0ZTogV2VkLCAwNyBPY3QgMjAyNiAwNDozNzo1MCBHTVQNClNlcnZlci1UaW1pbmc6IHF1ZXVlO2R1cj0wLjAsIGV4dHJhY3Q7ZHVyPTUuNA0KWC1Db250ZW50LVR5cGUtT3B0aW9uczogbm9zbmlmZg0KDQo=
1791347871076906633,200,106451071,147209,0,,,,273,POST,http://proxy:8080/extract,Q29udGVudC1MZW5ndGg6IDQ1MzQ1DQpDb250ZW50LVR5cGU6IGFwcGxpY2F0aW9uL2pzb24NCkRhdGU6IFdlZCwgMDcgT2N0IDIwMjYgMDQ6Mzc6NTAgR01UDQpTZXJ2ZXItVGltaW5nOiBxdWV1ZTtkdXI9MC4wLCBleHRyYWN0O2R1cj01MC4wDQpYLUNvbnRlbnQtVHlwZS1PcHRpb25zOiBub3NuaWZmDQoNCg==
1791347866957767684,200,4310277185,10063439,0,,,,67,POST,http://proxy:8080/extract,Q29udGVudC1MZW5ndGg6IDQxMzA1DQpDb250ZW50LVR5cGU6IGFwcGxpY2F0aW9uL2pzb24NCkRhdGU6IFdlZCwgMDcgT2N0IDIwMjYgMDQ6Mzc6NTAgR01UDQpTZXJ2ZXItVGltaW5nOiBxdWV1ZTtkdXI9MC4wLCBleHRyYWN0O2R1cj0yNDguOA0KWC1Db250ZW50LVR5cGUtT3B0aW9uczogbm9zbmlmZg0KDQo=
1791347871216935805,200,90755887,93347,0,,,,280,POST,http://proxy:8080/extract,Q29udGVudC1MZW5ndGg6IDM2NjQNCkNvbnRlbnQtVHlwZTogYXBwbGljYXRpb24vanNvbg0KRGF0ZTogV2VkLCAwNyBPY3QgMjAyNiAwNDozNzo1MCBHTVQNClNlcnZlci1UaW1pbmc6IHF1ZXVlO2R1cj0wLjAsIGV4dHJhY3Q7ZHVyPTIxLjANClgtQ29udGVudC1UeXBlLU9wdGlvbnM6IG5vc25pZmYNCg0K
1791347871158829178,200,151097754,147209,0,,,,277,POST,http://proxy:8080/extract,Q29udGVudC1MZW5ndGg6IDQ1MzQ1DQpDb250ZW50LVR5cGU6IGFwcGxpY2F0aW9uL2pzb24NCkRhdGU6IFdlZCwgMDcgT2N0IDIwMjYgMDQ6Mzc6NTAgR01UDQpTZXJ2ZXItVGltaW5nOiBxdWV1ZTtkdXI9MC4wLCBleHRyYWN0O2R1cj0xNDUuOA0KWC1Db250ZW50LVR5cGUtT3B0aW9uczogbm9zbmlmZg0KDQo=
1791347871237585542,200,117412136,147209,0,,,,281,POST,http://proxy:8080/extract,Q29udGVudC1MZW5ndGg6IDQ1MzQ1DQpDb250ZW50LVR5cGU6IGFwcGxpY2F0aW9uL2pzb24NCkRhdGU6IFdlZCwgMDcgT2N0IDIwMjYgMDQ6Mzc6NTAgR01UDQpTZXJ2ZXItVGltaW5nOiBxdWV1ZTtkdXI9MC4wLCBleHRyYWN0O2R1cj00MS42DQpYLUNvbnRlbnQtVHlwZS1PcHRpb25zOiBub3NuaWZmDQoNCg==
1791347871296889851,200,76225780,93347,0,,,,284,POST,http://proxy:8080/extract,Q29udGVudC1MZW5ndGg6IDM2NjQNCkNvbnRlbnQtVHlwZTogYXBwbGljYXRpb24vanNvbg0KRGF0ZTogV2VkLCAwNyBPY3QgMjAyNiAwNDozNzo1MCBHTVQNClNlcnZlci1UaW1pbmc6IHF1ZXVlO2R1cj0wLjAsIGV4dHJhY3Q7ZHVyPTYxLjANClgtQ29udGVudC1UeXBlLU9wdGlvbnM6IG5vc25pZmYNCg0K
1791347871322976314,200,104500675,147209,0,,,,285,POST,http://proxy:8080/extract,Q29udGVudC1MZW5ndGg6IDQ1MzQ1DQpDb250ZW50LVR5cGU6IGFwcGxpY2F0aW9uL2pzb24NCkRhdGU6IFdlZCwgMDcgT2N0IDIwMjYgMDQ6Mzc6NTAgR01UDQpTZXJ2ZXItVGltaW5nOiBxdWV1ZTtkdXI9MC4wLCBleHRyYWN0O2R1cj03MS4zDQpYLUNvbnRlbnQtVHlwZS1PcHRpb25zOiBub3NuaWZmDQoNCg==
1791347871377306967,200,63618465,93347,0,,,,288,POST,http://proxy:8080/extract,Q29udGVudC1MZW5ndGg6IDM2NjQNCkNvbnRlbnQtVHlwZTogYXBwbGljYXRpb24vanNvbg0KRGF0ZTogV2VkLCAwNyBPY3QgMjAyNiAwNDozNzo1MCBHTVQNClNlcnZlci1UaW1pbmc6IHF1ZXVlO2R1cj0wLjAsIGV4dHJhY3Q7ZHVyPTEyLjENClgtQ29udGVudC1UeXBlLU9wdGlvbnM6IG5vc25pZmYNCg0K
1791347871397546642,200,99866071,147209,0,,,,289,POST,http://proxy:8080/extract,Q29udGVudC1MZW5ndGg6IDQ1MzQ1DQpDb250ZW50LVR5cGU6IGFwcGxpY2F0aW9uL2pzb24NCkRhdGU6IFdlZCwgMDcgT2N0IDIwMjYgMDQ6Mzc6NTAgR01UDQpTZXJ2ZXItVGltaW5nOiBxdWV1ZTtkdXI9MC4wLCBleHRyYWN0O2R1cj01NC44DQpYLUNvbnRlbnQtVHlwZS1PcHRpb25zOiBub3NuaWZmDQoNCg==
1791347871462213566,200,54456072,93347,0,,,,292,POST,http://proxy:8080/extract,Q29udGVudC1MZW5ndGg6IDM2NjQNCkNvbnRlbnQtVHlwZTogYXBwbGljYXRpb24vanNvbg0KRGF0ZTogV2VkLCAwNyBPY3QgMjAyNiAwNDozNzo1MSBHTVQNClNlcnZlci1UaW1pbmc6IHF1ZXVlO2R1cj0wLjAsIGV4dHJhY3Q7ZHVyPTE0LjYNClgtQ29udGVudC1UeXBlLU9wdGlvbnM6IG5vc25pZmYNCg0K
1791347871477756427,200,109013160,147209,0,,,,293,POST,http://proxy:8080/extract,Q29udGVudC1MZW5ndGg6IDQ1MzQ1DQpDb250ZW50LVR5cGU6IGFwcGxpY2F0aW9uL2pzb24NCkRhdGU6IFdlZCwgMDcgT2N0IDIwMjYgMDQ6Mzc6NTEgR01UDQpTZXJ2ZXItVGltaW5nOiBxdWV1ZTtkdXI9MC4wLCBleHRyYWN0O2R1cj02Ny4yDQpYLUNvbnRlbnQtVHlwZS1PcHRpb25zOiBub3NuaWZmDQoNCg==
1791347867036929310,200,4554897346,10063439,0,,,,71,POST,http://proxy:8080/extract,Q29udGVudC1MZW5ndGg6IDQxMzA1DQpDb250ZW50LVR5cGU6IGFwcGxpY2F0aW9uL2pzb24NCkRhdGU6IFdlZCwgMDcgT2N0IDIwMjYgMDQ6Mzc6NTAgR01UDQpTZXJ2ZXItVGltaW5nOiBxdWV1ZTtkdXI9MC4wLCBleHRyYWN0O2R1cj0zNTcuOQ0KWC1Db250ZW50LVR5cGUtT3B0aW9uczogbm9zbmlmZg0KDQo=
1791347871537836754,200,58873143,93347,0,,,,296,POST,http://proxy:8080/extract,Q29udGVudC1MZW5ndGg6IDM2NjQNCkNvbnRlbnQtVHlwZTogYXBwbGljYXRpb24vanNvbg0KRGF0ZTogV2VkLCAwNyBPY3QgMjAyNiAwNDozNzo1MSBHTVQNClNlcnZlci1UaW1pbmc6IHF1ZXVlO2R1cj0wLjAsIGV4dHJhY3Q7ZHVyPTYuMQ0KWC1Db250ZW50LVR5cGUtT3B0aW9uczogbm9zbmlmZg0KDQo=
1791347871565761496,200,88154792,147209,0,,,,297,POST,http://proxy:8080/extract,Q29udGVudC1MZW5ndGg6IDQ1MzQ1DQpDb250ZW50LVR5cGU6IGFwcGxpY2F0aW9uL2pzb24NCkRhdGU6IFdlZCwgMDcgT2N0IDIwMjYgMDQ6Mzc6NTAgR01UDQpTZXJ2ZXItVGltaW5nOiBxdWV1ZTtkdXI9MC4wLCBleHRyYWN0O2R1cj01NS41DQpYLUNvbnRlbnQtVHlwZS1PcHRpb25zOiBub3NuaWZmDQoNCg==
1791347871617855710,200,48180319,93347,0,,,,300,POST,http://proxy:8080/extract,Q29udGVudC1MZW5ndGg6IDM2NjQNCkNvbnRlbnQtVHlwZTogYXBwbGljYXRpb24vanNvbg0KRGF0ZTogV2VkLCAwNyBPY3QgMjAyNiAwNDozNzo1MCBHTVQNClNlcnZlci1UaW1pbmc6IHF1ZXVlO2R1cj0wLjAsIGV4dHJhY3Q7ZHVyPTEwLjkNClgtQ29udGVudC1UeXBlLU9wdGlvbnM6IG5vc25pZmYNCg0K
1791347871644199512,200,75597984,147209,0,,,,301,POST,http://proxy:8080/extract,Q29udGVudC1MZW5ndGg6IDQ1MzQ1DQpDb250ZW50LVR5cGU6IGFwcGxpY2F0aW9uL2pzb24NCkRhdGU6IFdlZCwgMDcgT2N0IDIwMjYgMDQ6Mzc6NTAgR01UDQpTZXJ2ZXItVGltaW5nOiBxdWV1ZTtkdXI9MC4wLCBleHRyYWN0O2R1cj01Mi45DQpYLUNvbnRlbnQtVHlwZS1PcHRpb25zOiBub3NuaWZmDQoNCg==
1791347871704221030,200,23301640,93347,0,,,,304,POST,http://proxy:8080/extract,Q29udGVudC1MZW5ndGg6IDM2NjQNCkNvbnRlbnQtVHlwZTogYXBwbGljYXRpb24vanNvbg0KRGF0ZTogV2VkLCAwNyBPY3QgMjAyNiAwNDozNzo1MCBHTVQNClNlcnZlci1UaW1pbmc6IHF1ZXVlO2R1cj0wLjAsIGV4dHJhY3Q7ZHVyPTUuNw0KWC1Db250ZW50LVR5cGUtT3B0aW9uczogbm9zbmlmZg0KDQo=
1791347871717665472,200,81082801,147209,0,,,,305,POST,http://proxy:8080/extract,Q29udGVudC1MZW5ndGg6IDQ1MzQ1DQpDb250ZW50LVR5cGU6IGFwcGxpY2F0aW9uL2pzb24NCkRhdGU6IFdlZCwgMDcgT2N0IDIwMjYgMDQ6Mzc6NTAgR01UDQpTZXJ2ZXItVGltaW5nOiBxdWV1ZTtkdXI9MC4wLCBleHRyYWN0O2R1cj00Ny42DQpYLUNvbnRlbnQtVHlwZS1PcHRpb25zOiBub3NuaWZmDQoNCg==
1791347866937510807,200,4935487154,736965,0,,,,66,POST,http://proxy:8080/extract,Q29udGVudC1MZW5ndGg6IDc5Mjg5NQ0KQ29udGVudC1UeXBlOiBhcHBsaWNhdGlvbi9qc29uDQpEYXRlOiBXZWQsIDA3IE9jdCAyMDI2IDA0OjM3OjQ5IEdNVA0KU2VydmVyLVRpbWluZzogcXVldWU7ZHVyPTAuMCwgZXh0cmFjdDtkdXI9OTAzLjkNClgtQ29udGVudC1UeXBlLU9wdGlvbnM6IG5vc25pZmYNCg0K
1791347871798466718,200,121106093,93347,0,,,,308,POST,http://proxy:8080/extract,Q29udGVudC1MZW5ndGg6IDM2NjQNCkNvbnRlbnQtVHlwZTogYXBwbGljYXRpb24vanNvbg0KRGF0ZTogV2VkLCAwNyBPY3QgMjAyNiAwNDozNzo1MSBHTVQNClNlcnZlci1UaW1pbmc6IHF1ZXVlO2R1cj0wLjAsIGV4dHJhY3Q7ZHVyPTQ0LjkNClgtQ29udGVudC1UeXBlLU9wdGlvbnM6IG5vc25pZmYNCg0K
1791347867117622168,200,4826649896,10063439,0,,,,75,POST,http://proxy:8080/extract,Q29udGVudC1MZW5ndGg6IDQxMzA1DQpDb250ZW50LVR5cGU6IGFwcGxpY2F0aW9uL2pzb24NCkRhdGU6IFdlZCwgMDcgT2N0IDIwMjYgMDQ6Mzc6NTEgR01UDQpTZXJ2ZXItVGltaW5nOiBxdWV1ZTtkdXI9MC4wLCBleHRyYWN0O2R1cj0zMDQuOQ0KWC1Db250ZW50LVR5cGUtT3B0aW9uczogbm9zbmlmZg0KDQo=
1791347871871113491,200,85244047,93347,0,,,,312,POST,http://proxy:8080/extract,Q29udGVudC1MZW5ndGg6IDM2NjQNCkNvbnRlbnQtVHlwZTogYXBwbGljYXRpb24vanNvbg0KRGF0ZTogV2VkLCAwNyBPY3QgMjAyNiAwNDozNzo1MSBHTVQNClNlcnZlci1UaW1pbmc6IHF1ZXVlO2R1cj0wLjAsIGV4dHJhY3Q7ZHVyPTE0LjINClgtQ29udGVudC1UeXBlLU9wdGlvbnM6IG5vc25pZmYNCg0K
1791347867017034188,200,4962232851,736965,0,,,,70,POST,http://proxy:8080/extract,Q29udGVudC1MZW5ndGg6IDc5Mjg5NQ0KQ29udGVudC1UeXBlOiBhcHBsaWNhdGlvbi9qc29uDQpEYXRlOiBXZWQsIDA3IE9jdCAyMDI2IDA0OjM3OjUwIEdNVA0KU2VydmVyLVRpbWluZzogcXVldWU7ZHVyPTAuMCwgZXh0cmFjdDtkdXI9OTAyLjANClgtQ29udGVudC1UeXBlLU9wdGlvbnM6IG5vc25pZmYNCg0K
1791347871798945212,200,182303316,147209,0,,,,309,POST,http://proxy:8080/extract,Q29udGVudC1MZW5ndGg6IDQ1MzQ1DQpDb250ZW50LVR5cGU6IGFwcGxpY2F0aW9uL2pzb24NCkRhdGU6IFdlZCwgMDcgT2N0IDIwMjYgMDQ6Mzc6NTEgR01UDQpTZXJ2ZXItVGltaW5nOiBxdWV1ZTtkdXI9MC4wLCBleHRyYWN0O2R1cj02MC4xDQpYLUNvbnRlbnQtVHlwZS1PcHRpb25zOiBub3NuaWZmDQoNCg==
1791347871937615256,200,43651876,93347,0,,,,316,POST,http://proxy:8080/extract,Q29udGVudC1MZW5ndGg6IDM2NjQNCkNvbnRlbnQtVHlwZTogYXBwbGljYXRpb24vanNvbg0KRGF0ZTogV2VkLCAwNyBPY3QgMjAyNiAwNDozNzo1MSBHTVQNClNlcnZlci1UaW1pbmc6IHF1ZXVlO2R1cj0wLjAsIGV4dHJhY3Q7ZHVyPTYuMw0KWC1Db250ZW50LVR5cGUtT3B0aW9uczogbm9zbmlmZg0KDQo=
1791347871902033365,200,132676367,147209,0,,,,313,POST,http://proxy:8080/extract,Q29udGVudC1MZW5ndGg6IDQ1MzQ1DQpDb250ZW50LVR5cGU6IGFwcGxpY2F0aW9uL2pzb24NCkRhdGU6IFdlZCwgMDcgT2N0IDIwMjYgMDQ6Mzc6NTEgR01UDQpTZXJ2ZXItVGltaW5nOiBxdWV1ZTtkdXI9MC4wLCBleHRyYWN0O2R1cj02Ni4xDQpYLUNvbnRlbnQtVHlwZS1PcHRpb25zOiBub3NuaWZmDQoNCg==
1791347872017664683,200,33727426,93347,0,,,,320,POST,http://proxy:8080/extract,Q29udGVudC1MZW5ndGg6IDM2NjQNCkNvbnRlbnQtVHlwZTogYXBwbGljYXRpb24vanNvbg0KRGF0ZTogV2VkLCAwNyBPY3QgMjAyNiAwNDozNzo1MSBHTVQNClNlcnZlci1UaW1pbmc6IHF1ZXVlO2R1cj0wLjAsIGV4dHJhY3Q7ZHVyPTE1LjMNClgtQ29udGVudC1UeXBlLU9wdGlvbnM6IG5vc25pZmYNCg0K
1791347871957469257,200,154054566,147209,0,,,,317,POST,http://proxy:8080/extract,Q29udGVudC1MZW5ndGg6IDQ1MzQ1DQpDb250ZW50LVR5cGU6IGFwcGxpY2F0aW9uL2pzb24NCkRhdGU6IFdlZCwgMDcgT2N0IDIwMjYgMDQ6Mzc6NTEgR01UDQpTZXJ2ZXItVGltaW5nOiBxdWV1ZTtkdXI9MC4wLCBleHRyYWN0O2R1cj0xMTEuMg0KWC1Db250ZW50LVR5cGUtT3B0aW9uczogbm9zbmlmZg0KDQo=
1791347872037720623,200,120781030,147209,0,,,,321,POST,http://proxy:8080/extract,Q29udGVudC1MZW5ndGg6IDQ1MzQ1DQpDb250ZW50LVR5cGU6IGFwcGxpY2F0aW9uL2pzb24NCkRhdGU6IFdlZCwgMDcgT2N0IDIwMjYgMDQ6Mzc6NTEgR01UDQpTZXJ2ZXItVGltaW5nOiBxdWV1ZTtkdXI9MC4wLCBleHRyYWN0O2R1cj03OC41DQpYLUNvbnRlbnQtVHlwZS1PcHRpb25zOiBub3NuaWZmDQoNCg==
1791347872097766420,200,69081072,93347,0,,,,324,POST,http://proxy:8080/extract,Q29udGVudC1MZW5ndGg6IDM2NjQNCkNvbnRlbnQtVHlwZTogYXBwbGljYXRpb24vanNvbg0KRGF0ZTogV2VkLCAwNyBPY3QgMjAyNiAwNDozNzo1MiBHTVQNClNlcnZlci1UaW1pbmc6IHF1ZXVlO2R1cj0wLjAsIGV4dHJhY3Q7ZHVyPTYuMA0KWC1Db250ZW50LVR5cGUtT3B0aW9uczogbm9zbmlmZg0KDQo=
1791347867196925616,200,5246946202,10063439,0,,,,79,POST,http://proxy:8080/extract,Q29udGVudC1MZW5ndGg6IDQxMzA1DQpDb250ZW50LVR5cGU6IGFwcGxpY2F0aW9uL2pzb24NCkRhdGU6IFdlZCwgMDcgT2N0IDIwMjYgMDQ6Mzc6NTEgR01UDQpTZXJ2ZXItVGltaW5nOiBxdWV1ZTtkdXI9MC4wLCBleHRyYWN0O2R1cj00MDQuOQ0KWC1Db250ZW50LVR5cGUtT3B0aW9uczogbm9zbmlmZg0KDQo=
1791347872126301726,200,386904514,147209,0,,,,325,POST,http://proxy:8080/extract,Q29udGVudC1MZW5ndGg6IDQ1MzQ1DQpDb250ZW50LVR5cGU6IGFwcGxpY2F0aW9uL2pzb24NCkRhdGU6IFdlZCwgMDcgT2N0IDIwMjYgMDQ6Mzc6NTEgR01UDQpTZXJ2ZXItVGltaW5nOiBxdWV1ZTtkdXI9MC4wLCBleHRyYWN0O2R1cj02MC4yDQpYLUNvbnRlbnQtVHlwZS1PcHRpb25zOiBub3NuaWZmDQoNCg==
1791347872178021088,200,353206493,93347,0,,,,328,POST,http://proxy:8080/extract,Q29udGVudC1MZW5ndGg6IDM2NjQNCkNvbnRlbnQtVHlwZTogYXBwbGljYXRpb24vanNvbg0KRGF0ZTogV2VkLCAwNyBPY3QgMjAyNiAwNDozNzo1MSBHTVQNClNlcnZlci1UaW1pbmc6IHF1ZXVlO2R1cj0wLjAsIGV4dHJhY3Q7ZHVyPTE2LjQNClgtQ29udGVudC1UeXBlLU9wdGlvbnM6IG5vc25pZmYNCg0K
1791347867098763904,200,5509662244,736965,0,,,,74,POST,http://proxy:8080/extract,Q29udGVudC1MZW5ndGg6IDc5Mjg5NQ0KQ29udGVudC1UeXBlOiBhcHBsaWNhdGlvbi9qc29uDQpEYXRlOiBXZWQsIDA3IE9jdCAyMDI2IDA0OjM3OjUwIEdNVA0KU2VydmVyLVRpbWluZzogcXVldWU7ZHVyPTAuMCwgZXh0cmFjdDtkdXI9MTIyNS40DQpYLUNvbnRlbnQtVHlwZS1PcHRpb25zOiBub3NuaWZmDQoNCg==
1791347872197029922,200,411546555,147209,0,,,,329,POST,http://proxy:8080/extract,Q29udGVudC1MZW5ndGg6IDQ1MzQ1DQpDb250ZW50LVR5cGU6IGFwcGxpY2F0aW9uL2pzb24NCkRhdGU6IFdlZCwgMDcgT2N0IDIwMjYgMDQ6Mzc6NTEgR01UDQpTZXJ2ZXItVGltaW5nOiBxdWV1ZTtkdXI9MC4wLCBleHRyYWN0O2R1cj03MS4yDQpYLUNvbnRlbnQtVHlwZS1PcHRpb25zOiBub3NuaWZmDQoNCg==
1791347872279108248,200,370634517,93347,0,,,,332,POST,http://proxy:8080/extract,Q29udGVudC1MZW5ndGg6IDM2NjQNCkNvbnRlbnQtVHlwZTogYXBwbGljYXRpb24vanNvbg0KRGF0ZTogV2VkLCAwNyBPY3QgMjAyNiAwNDozNzo1MiBHTVQNClNlcnZlci1UaW1pbmc6IHF1ZXVlO2R1cj0wLjAsIGV4dHJhY3Q7ZHVyPTMzLjANClgtQ29udGVudC1UeXBlLU9wdGlvbnM6IG5vc25pZmYNCg0K
1791347872337799679,200,334125644,93347,0,,,,336,POST,http://proxy:8080/extract,Q29udGVudC1MZW5ndGg6IDM2NjQNCkNvbnRlbnQtVHlwZTogYXBwbGljYXRpb24vanNvbg0KRGF0ZTogV2VkLCAwNyBPY3QgMjAyNiAwNDozNzo1MiBHTVQNClNlcnZlci1UaW1pbmc6IHF1ZXVlO2R1cj0wLjAsIGV4dHJhY3Q7ZHVyPTIwLjcNClgtQ29udGVudC1UeXBlLU9wdGlvbnM6IG5vc25pZmYNCg0K
1791347872279219770,200,406248714,147209,0,,,,333,POST,http://proxy:8080/extract,Q29udGVudC1MZW5ndGg6IDQ1MzQ1DQpDb250ZW50LVR5cGU6IGFwcGxpY2F0aW9uL2pzb24NCkRhdGU6IFdlZCwgMDcgT2N0IDIwMjYgMDQ6Mzc6NTIgR01UDQpTZXJ2ZXItVGltaW5nOiBxdWV1ZTtkdXI9MC4wLCBleHRyYWN0O2R1cj02My41DQpYLUNvbnRlbnQtVHlwZS1PcHRpb25zOiBub3NuaWZmDQoNCg==
1791347867277976628,200,5423769754,10063439,0,,,,83,POST,http://proxy:8080/extract,Q29udGVudC1MZW5ndGg6IDQxMzA1DQpDb250ZW50LVR5cGU6IGFwcGxpY2F0aW9uL2pzb24NCkRhdGU6IFdlZCwgMDcgT2N0IDIwMjYgMDQ6Mzc6NTIgR01UDQpTZXJ2ZXItVGltaW5nOiBxdWV1ZTtkdXI9MC4wLCBleHRyYWN0O2R1cj0zODUuMg0KWC1Db250ZW50LVR5cGUtT3B0aW9uczogbm9zbmlmZg0KDQo=
1791347872417069453,200,284762746,93347,0,,,,340,POST,http://proxy:8080/extract,Q29udGVudC1MZW5ndGg6IDM2NjQNCkNvbnRlbnQtVHlwZTogYXBwbGljYXRpb24vanNvbg0KRGF0ZTogV2VkLCAwNyBPY3QgMjAyNiAwNDozNzo1MiBHTVQNClNlcnZlci1UaW1pbmc6IHF1ZXVlO2R1cj0wLjAsIGV4dHJhY3Q7ZHVyPTEyLjgNClgtQ29udGVudC1UeXBlLU9wdGlvbnM6IG5vc25pZmYNCg0K
1791347872497349325,200,224019712,93347,0,,,,344,POST,http://proxy:8080/extract,Q29udGVudC1MZW5ndGg6IDM2NjQNCkNvbnRlbnQtVHlwZTogYXBwbGljYXRpb24vanNvbg0KRGF0ZTogV2VkLCAwNyBPY3QgMjAyNiAwNDozNzo1MiBHTVQNClNlcnZlci1UaW1pbmc6IHF1ZXVlO2R1cj0wLjAsIGV4dHJhY3Q7ZHVyPTguMw0KWC1Db250ZW50LVR5cGUtT3B0aW9uczogbm9zbmlmZg0KDQo=
1791347872362217576,200,369424780,147209,0,,,,337,POST,http://proxy:8080/extract,Q29udGVudC1MZW5ndGg6IDQ1MzQ1DQpDb250ZW50LVR5cGU6IGFwcGxpY2F0aW9uL2pzb24NCkRhdGU6IFdlZCwgMDcgT2N0IDIwMjYgMDQ6Mzc6NTIgR01UDQpTZXJ2ZXItVGltaW5nOiBxdWV1ZTtkdXI9MC4wLCBleHRyYWN0O2R1cj01OC4zDQpYLUNvbnRlbnQtVHlwZS1PcHRpb25zOiBub3NuaWZmDQoNCg==
1791347867181077008,200,5551637958,736965,0,,,,78,POST,http://proxy:8080/extract,Q29udGVudC1MZW5ndGg6IDc5Mjg5NQ0KQ29udGVudC1UeXBlOiBhcHBsaWNhdGlvbi9qc29uDQpEYXRlOiBXZWQsIDA3IE9jdCAyMDI2IDA0OjM3OjUwIEdNVA0KU2VydmVyLVRpbWluZzogcXVldWU7ZHVyPTAuMCwgZXh0cmFjdDtkdXI9OTMwLjANClgtQ29udGVudC1UeXBlLU9wdGlvbnM6IG5vc25pZmYNCg0K
1791347872576969367,200,181431546,93347,0,,,,348,POST,http://proxy:8080/extract,Q29udGVudC1MZW5ndGg6IDM2NjQNCkNvbnRlbnQtVHlwZTogYXBwbGljYXRpb24vanNvbg0KRGF0ZTogV2VkLCAwNyBPY3QgMjAyNiAwNDozNzo1MiBHTVQNClNlcnZlci1UaW1pbmc6IHF1ZXVlO2R1cj0wLjAsIGV4dHJhY3Q7ZHVyPTUuOQ0KWC1Db250ZW50LVR5cGUtT3B0aW9uczogbm9zbmlmZg0KDQo=
1791347872670747292,200,105199568,93347,0,,,,352,POST,http://proxy:8080/extract,Q29udGVudC1MZW5ndGg6IDM2NjQNCkNvbnRlbnQtVHlwZTogYXBwbGljYXRpb24vanNvbg0KRGF0ZTogV2VkLCAwNyBPY3QgMjAyNiAwNDozNzo1MiBHTVQNClNlcnZlci1UaW1pbmc6IHF1ZXVlO2R1cj0wLjAsIGV4dHJhY3Q7ZHVyPTE1LjgNClgtQ29udGVudC1UeXBlLU9wdGlvbnM6IG5vc25pZmYNCg0K
1791347872443340014,200,344057496,147209,0,,,,341,POST,http://proxy:8080/extract,Q29udGVudC1MZW5ndGg6IDQ1MzQ1DQpDb250ZW50LVR5cGU6IGFwcGxpY2F0aW9uL2pzb24NCkRhdGU6IFdlZCwgMDcgT2N0IDIwMjYgMDQ6Mzc6NTIgR01UDQpTZXJ2ZXItVGltaW5nOiBxdWV1ZTtkdXI9MC4wLCBleHRyYWN0O2R1cj04MS45DQpYLUNvbnRlbnQtVHlwZS1PcHRpb25zOiBub3NuaWZmDQoNCg==
1791347872737180344,200,58407375,93347,0,,,,356,POST,http://proxy:8080/extract,Q29udGVudC1MZW5ndGg6IDM2NjQNCkNvbnRlbnQtVHlwZTogYXBwbGljYXRpb24vanNvbg0KRGF0ZTogV2VkLCAwNyBPY3QgMjAyNiAwNDozNzo1MiBHTVQNClNlcnZlci1UaW1pbmc6IHF1ZXVlO2R1cj0wLjAsIGV4dHJhY3Q7ZHVyPTUuOA0KWC1Db250ZW50LVR5cGUtT3B0aW9uczogbm9zbmlmZg0KDQo=
1791347872517360256,200,279352984,147209,0,,,,345,POST,http://proxy:8080/extract,Q29udGVudC1MZW5ndGg6IDQ1MzQ1DQpDb250ZW50LVR5cGU6IGFwcGxpY2F0aW9uL2pzb24NCkRhdGU6IFdlZCwgMDcgT2N0IDIwMjYgMDQ6Mzc6NTIgR01UDQpTZXJ2ZXItVGltaW5nOiBxdWV1ZTtkdXI9MC4wLCBleHRyYWN0O2R1cj02Mi4yDQpYLUNvbnRlbnQtVHlwZS1PcHRpb25zOiBub3NuaWZmDQoNCg==
1791347872597461193,200,206031779,147209,0,,,,349,POST,http://proxy:8080/extract,Q29udGVudC1MZW5ndGg6IDQ1MzQ1DQpDb250ZW50LVR5cGU6IGFwcGxpY2F0aW9uL2pzb24NCkRhdGU6IFdlZCwgMDcgT2N0IDIwMjYgMDQ6Mzc6NTEgR01UDQpTZXJ2ZXItVGltaW5nOiBxdWV1ZTtkdXI9MC4wLCBleHRyYWN0O2R1cj02Ny43DQpYLUNvbnRlbnQtVHlwZS1PcHRpb25zOiBub3NuaWZmDQoNCg==
1791347872677115143,200,174696022,147209,0,,,,353,POST,http://proxy:8080/extract,Q29udGVudC1MZW5ndGg6IDQ1MzQ1DQpDb250ZW50LVR5cGU6IGFwcGxpY2F0aW9uL2pzb24NCkRhdGU6IFdlZCwgMDcgT2N0IDIwMjYgMDQ6Mzc6NTIgR01UDQpTZXJ2ZXItVGltaW5nOiBxdWV1ZTtkdXI9MC4wLCBleHRyYWN0O2R1cj03MC42DQpYLUNvbnRlbnQtVHlwZS1PcHRpb25zOiBub3NuaWZmDQoNCg==
1791347872757382613,200,107829485,147209,0,,,,357,POST,http://proxy:8080/extract,Q29udGVudC1MZW5ndGg6IDQ1MzQ1DQpDb250ZW50LVR5cGU6IGFwcGxpY2F0aW9uL2pzb24NCkRhdGU6IFdlZCwgMDcgT2N0IDIwMjYgMDQ6Mzc6NTIgR01UDQpTZXJ2ZXItVGltaW5nOiBxdWV1ZTtkdXI9MC4wLCBleHRyYWN0O2R1cj01OS41DQpYLUNvbnRlbnQtVHlwZS1PcHRpb25zOiBub3NuaWZmDQoNCg==
1791347872817758474,200,65763221,93347,0,,,,360,POST,http://proxy:8080/extract,Q29udGVudC1MZW5ndGg6IDM2NjQNCkNvbnRlbnQtVHlwZTogYXBwbGljYXRpb24vanNvbg0KRGF0ZTogV2VkLCAwNyBPY3QgMjAyNiAwNDozNzo1MiBHTVQNClNlcnZlci1UaW1pbmc6IHF1ZXVlO2R1cj0wLjAsIGV4dHJhY3Q7ZHVyPTE3LjANClgtQ29udGVudC1UeXBlLU9wdGlvbnM6IG5vc25pZmYNCg0K
1791347867259319094,200,5677597791,736965,0,,,,82,POST,http://proxy:8080/extract,Q29udGVudC1MZW5ndGg6IDc5Mjg5NQ0KQ29udGVudC1UeXBlOiBhcHBsaWNhdGlvbi9qc29uDQpEYXRlOiBXZWQsIDA3IE9jdCAyMDI2IDA0OjM3OjUxIEdNVA0KU2VydmVyLVRpbWluZzogcXVldWU7ZHVyPTAuMCwgZXh0cmFjdDtkdXI9Nzc0LjINClgtQ29udGVudC1UeXBlLU9wdGlvbnM6IG5vc25pZmYNCg0K
1791347872838695888,200,105769780,147209,0,,,,361,POST,http://proxy:8080/extract,Q29udGVudC1MZW5ndGg6IDQ1MzQ1DQpDb250ZW50LVR5cGU6IGFwcGxpY2F0aW9uL2pzb24NCkRhdGU6IFdlZCwgMDcgT2N0IDIwMjYgMDQ6Mzc6NTIgR01UDQpTZXJ2ZXItVGltaW5nOiBxdWV1ZTtkdXI9MC4wLCBleHRyYWN0O2R1cj03NS4xDQpYLUNvbnRlbnQtVHlwZS1PcHRpb25zOiBub3NuaWZmDQoNCg==
1791347872897593459,200,69642683,93347,0,,,,364,POST,http://proxy:8080/extract,Q29udGVudC1MZW5ndGg6IDM2NjQNCkNvbnRlbnQtVHlwZTogYXBwbGljYXRpb24vanNvbg0KRGF0ZTogV2VkLCAwNyBPY3QgMjAyNiAwNDozNzo1MiBHTVQNClNlcnZlci1UaW1pbmc6IHF1ZXVlO2R1cj0wLjAsIGV4dHJhY3Q7ZHVyPTE3LjUNClgtQ29udGVudC1UeXBlLU9wdGlvbnM6IG5vc25pZmYNCg0K
1791347872917849039,200,139346877,147209,0,,,,365,POST,http://proxy:8080/extract,Q29udGVudC1MZW5ndGg6IDQ1MzQ1DQpDb250ZW50LVR5cGU6IGFwcGxpY2F0aW9uL2pzb24NCkRhdGU6IFdlZCwgMDcgT2N0IDIwMjYgMDQ6Mzc6NTIgR01UDQpTZXJ2ZXItVGltaW5nOiBxdWV1ZTtkdXI9MC4wLCBleHRyYWN0O2R1cj0xMDIuMg0KWC1Db250ZW50LVR5cGUtT3B0aW9uczogbm9zbmlmZg0KDQo=
1791347872982943628,200,80802675,93347,0,,,,368,POST,http://proxy:8080/extract,Q29udGVudC1MZW5ndGg6IDM2NjQNCkNvbnRlbnQtVHlwZTogYXBwbGljYXRpb24vanNvbg0KRGF0ZTogV2VkLCAwNyBPY3QgMjAyNiAwNDozNzo1MiBHTVQNClNlcnZlci1UaW1pbmc6IHF1ZXVlO2R1cj0wLjAsIGV4dHJhY3Q7ZHVyPTUuNg0KWC1Db250ZW50LVR5cGUtT3B0aW9uczogbm9zbmlmZg0KDQo=
1791347873003919249,200,136760469,147209,0,,,,369,POST,http://proxy:8080/extract,Q29udGVudC1MZW5ndGg6IDQ1MzQ1DQpDb250ZW50LVR5cGU6IGFwcGxpY2F0aW9uL2pzb24NCkRhdGU6IFdlZCwgMDcgT2N0IDIwMjYgMDQ6Mzc6NTIgR01UDQpTZXJ2ZXItVGltaW5nOiBxdWV1ZTtkdXI9MC4wLCBleHRyYWN0O2R1cj02Mi43DQpYLUNvbnRlbnQtVHlwZS1PcHRpb25zOiBub3NuaWZmDQoNCg==
1791347873056953068,200,92863445,93347,0,,,,372,POST,http://proxy:8080/extract,Q29udGVudC1MZW5ndGg6IDM2NjQNCkNvbnRlbnQtVHlwZTogYXBwbGljYXRpb24vanNvbg0KRGF0ZTogV2VkLCAwNyBPY3QgMjAyNiAwNDozNzo1MiBHTVQNClNlcnZlci1UaW1pbmc6IHF1ZXVlO2R1cj0wLjAsIGV4dHJhY3Q7ZHVyPTkuNA0KWC1Db250ZW50LVR5cGUtT3B0aW9uczogbm9zbmlmZg0KDQo=
1791347873076910789,200,130655370,147209,0,,,,373,POST,http://proxy:8080/extract,Q29udGVudC1MZW5ndGg6IDQ1MzQ1DQpDb250ZW50LVR5cGU6IGFwcGxpY2F0aW9uL2pzb24NCkRhdGU6IFdlZCwgMDcgT2N0IDIwMjYgMDQ6Mzc6NTIgR01UDQpTZXJ2ZXItVGltaW5nOiBxdWV1ZTtkdXI9MC4wLCBleHRyYWN0O2R1cj01NC4yDQpYLUNvbnRlbnQtVHlwZS1PcHRpb25zOiBub3NuaWZmDQoNCg==
1791347873140760534,200,81918094,93347,0,,,,376,POST,http://proxy:8080/extract,Q29udGVudC1MZW5ndGg6IDM2NjQNCkNvbnRlbnQtVHlwZTogYXBwbGljYXRpb24vanNvbg0KRGF0ZTogV2VkLCAwNyBPY3QgMjAyNiAwNDozNzo1MiBHTVQNClNlcnZlci1UaW1pbmc6IHF1ZXVlO2R1cj0wLjAsIGV4dHJhY3Q7ZHVyPTEyLjkNClgtQ29udGVudC1UeXBlLU9wdGlvbnM6IG5vc25pZmYNCg0K
1791347867357141854,200,5900562855,10063439,0,,,,87,POST,http://proxy:8080/extract,Q29udGVudC1MZW5ndGg6IDQxMzA1DQpDb250ZW50LVR5cGU6IGFwcGxpY2F0aW9uL2pzb24NCkRhdGU6IFdlZCwgMDcgT2N0IDIwMjYgMDQ6Mzc6NTEgR01UDQpTZXJ2ZXItVGltaW5nOiBxdWV1ZTtkdXI9MC4wLCBleHRyYWN0O2R1cj0zNDcuNw0KWC1Db250ZW50LVR5cGUtT3B0aW9uczogbm9zbmlmZg0KDQo=
1791347873217888587,200,51461210,93347,0,,,,380,POST,http://proxy:8080/extract,Q29udGVudC1MZW5ndGg6IDM2NjQNCkNvbnRlbnQtVHlwZTogYXBwbGljYXRpb24vanNvbg0KRGF0ZTogV2VkLCAwNyBPY3QgMjAyNiAwNDozNzo1MiBHTVQNClNlcnZlci1UaW1pbmc6IHF1ZXVlO2R1cj0wLjAsIGV4dHJhY3Q7ZHVyPTEyLjMNClgtQ29udGVudC1UeXBlLU9wdGlvbnM6IG5vc25pZmYNCg0K
1791347873157020828,200,118400462,147209,0,,,,377,POST,http://proxy:8080/extract,Q29udGVudC1MZW5ndGg6IDQ1MzQ1DQpDb250ZW50LVR5cGU6IGFwcGxpY2F0aW9uL2pzb24NCkRhdGU6IFdlZCwgMDcgT2N0IDIwMjYgMDQ6Mzc6NTIgR01UDQpTZXJ2ZXItVGltaW5nOiBxdWV1ZTtkdXI9MC4wLCBleHRyYWN0O2R1cj00My4wDQpYLUNvbnRlbnQtVHlwZS1PcHRpb25zOiBub3NuaWZmDQoNCg==
1791347873237355111,200,124695499,147209,0,,,,381,POST,http://proxy:8080/extract,Q29udGVudC1MZW5ndGg6IDQ1MzQ1DQpDb250ZW50LVR5cGU6IGFwcGxpY2F0aW9uL2pzb24NCkRhdGU6IFdlZCwgMDcgT2N0IDIwMjYgMDQ6Mzc6NTIgR01UDQpTZXJ2ZXItVGltaW5nOiBxdWV1ZTtkdXI9MC4xLCBleHRyYWN0O2R1cj03Ny4xDQpYLUNvbnRlbnQtVHlwZS1PcHRpb25zOiBub3NuaWZmDQoNCg==
1791347873297982322,200,73129768,93347,0,,,,384,POST,http://proxy:8080/extract,Q29udGVudC1MZW5ndGg6IDM2NjQNCkNvbnRlbnQtVHlwZTogYXBwbGljYXRpb24vanNvbg0KRGF0ZTogV2VkLCAwNyBPY3QgMjAyNiAwNDozNzo1MiBHTVQNClNlcnZlci1UaW1pbmc6IHF1ZXVlO2R1cj0wLjAsIGV4dHJhY3Q7ZHVyPTE3LjkNClgtQ29udGVudC1UeXBlLU9wdGlvbnM6IG5vc25pZmYNCg0K
1791347867437156110,200,5962434575,10063439,0,,,,91,POST,http://proxy:8080/extract,Q29udGVudC1MZW5ndGg6IDQxMzA1DQpDb250ZW50LVR5cGU6IGFwcGxpY2F0aW9uL2pzb24NCkRhdGU6IFdlZCwgMDcgT2N0IDIwMjYgMDQ6Mzc6NTIgR01UDQpTZXJ2ZXItVGltaW5nOiBxdWV1ZTtkdXI9MC4wLCBleHRyYWN0O2R1cj0zNDUuNw0KWC1Db250ZW50LVR5cGUtT3B0aW9uczogbm9zbmlmZg0KDQo=
1791347873391544304,200,15314709,93347,0,,,,388,POST,http://proxy:8080/extract,Q29udGVudC1MZW5ndGg6IDM2NjQNCkNvbnRlbnQtVHlwZTogYXBwbGljYXRpb24vanNvbg0KRGF0ZTogV2VkLCAwNyBPY3QgMjAyNiAwNDozNzo1MiBHTVQNClNlcnZlci1UaW1pbmc6IHF1ZXVlO2R1cj0wLjAsIGV4dHJhY3Q7ZHVyPTUuNg0KWC1Db250ZW50LVR5cGUtT3B0aW9uczogbm9zbmlmZg0KDQo=
1791347873317550067,200,151852934,147209,0,,,,385,POST,http://proxy:8080/extract,Q29udGVudC1MZW5ndGg6IDQ1MzQ1DQpDb250ZW50LVR5cGU6IGFwcGxpY2F0aW9uL2pzb24NCkRhdGU6IFdlZCwgMDcgT2N0IDIwMjYgMDQ6Mzc6NTIgR01UDQpTZXJ2ZXItVGltaW5nOiBxdWV1ZTtkdXI9MC4wLCBleHRyYWN0O2R1cj04MC45DQpYLUNvbnRlbnQtVHlwZS1PcHRpb25zOiBub3NuaWZmDQoNCg==
1791347867338238583,200,6161834843,736965,0,,,,86,POST,http://proxy:8080/extract,Q29udGVudC1MZW5ndGg6IDc5Mjg5NQ0KQ29udGVudC1UeXBlOiBhcHBsaWNhdGlvbi9qc29uDQpEYXRlOiBXZWQsIDA3IE9jdCAyMDI2IDA0OjM3OjUyIEdNVA0KU2VydmVyLVRpbWluZzogcXVldWU7ZHVyPTAuMCwgZXh0cmFjdDtkdXI9NjgxLjQNClgtQ29udGVudC1UeXBlLU9wdGlvbnM6IG5vc25pZmYNCg0K
1791347873457424447,200,58943481,93347,0,,,,392,POST,http://proxy:8080/extract,Q29udGVudC1MZW5ndGg6IDM2NjQNCkNvbnRlbnQtVHlwZTogYXBwbGljYXRpb24vanNvbg0KRGF0ZTogV2VkLCAwNyBPY3QgMjAyNiAwNDozNzo1MyBHTVQNClNlcnZlci1UaW1pbmc6IHF1ZXVlO2R1cj0wLjEsIGV4dHJhY3Q7ZHVyPTE0LjUNClgtQ29udGVudC1UeXBlLU9wdGlvbnM6IG5vc25pZmYNCg0K
1791347867417576435,200,6130319687,736965,0,,,,90,POST,http://proxy:8080/extract,Q29udGVudC1MZW5ndGg6IDc5Mjg5NQ0KQ29udGVudC1UeXBlOiBhcHBsaWNhdGlvbi9qc29uDQpEYXRlOiBXZWQsIDA3IE9jdCAyMDI2IDA0OjM3OjUyIEdNVA0KU2VydmVyLVRpbWluZzogcXVldWU7ZHVyPTEuNSwgZXh0cmFjdDtkdXI9NjQwLjgNClgtQ29udGVudC1UeXBlLU9wdGlvbnM6IG5vc25pZmYNCg0K
1791347873537149211,200,39981355,93347,0,,,,396,POST,http://proxy:8080/extract,Q29udGVudC1MZW5ndGg6IDM2NjQNCkNvbnRlbnQtVHlwZTogYXBwbGljYXRpb24vanNvbg0KRGF0ZTogV2VkLCAwNyBPY3QgMjAyNiAwNDozNzo1MyBHTVQNClNlcnZlci1UaW1pbmc6IHF1ZXVlO2R1cj0wLjAsIGV4dHJhY3Q7ZHVyPTEyLjINClgtQ29udGVudC1UeXBlLU9wdGlvbnM6IG5vc25pZmYNCg0K
1791347873477298752,200,100490543,147209,0,,,,393,POST,http://proxy:8080/extract,Q29udGVudC1MZW5ndGg6IDQ1MzQ1DQpDb250ZW50LVR5cGU6IGFwcGxpY2F0aW9uL2pzb24NCkRhdGU6IFdlZCwgMDcgT2N0IDIwMjYgMDQ6Mzc6NTMgR01UDQpTZXJ2ZXItVGltaW5nOiBxdWV1ZTtkdXI9MC4wLCBleHRyYWN0O2R1cj02NS43DQpYLUNvbnRlbnQtVHlwZS1PcHRpb25zOiBub3NuaWZmDQoNCg==
1791347873397843542,200,183162685,147209,0,,,,389,POST,http://proxy:8080/extract,Q29udGVudC1MZW5ndGg6IDQ1MzQ1DQpDb250ZW50LVR5cGU6IGFwcGxpY2F0aW9uL2pzb24NCkRhdGU6IFdlZCwgMDcgT2N0IDIwMjYgMDQ6Mzc6NTIgR01UDQpTZXJ2ZXItVGltaW5nOiBxdWV1ZTtkdXI9MC4wLCBleHRyYWN0O2R1cj0xMDcuNg0KWC1Db250ZW50LVR5cGUtT3B0aW9uczogbm9zbmlmZg0KDQo=
1791347873557352780,200,76940316,147209,0,,,,397,POST,http://proxy:8080/extract,Q29udGVudC1MZW5ndGg6IDQ1MzQ1DQpDb250ZW50LVR5cGU6IGFwcGxpY2F0aW9uL2pzb24NCkRhdGU6IFdlZCwgMDcgT2N0IDIwMjYgMDQ6Mzc6NTMgR01UDQpTZXJ2ZXItVGltaW5nOiBxdWV1ZTtkdXI9MC4wLCBleHRyYWN0O2R1cj01My4xDQpYLUNvbnRlbnQtVHlwZS1PcHRpb25zOiBub3NuaWZmDQoNCg==
1791347873617788353,200,32109009,93347,0,,,,400,POST,http://proxy:8080/extract,Q29udGVudC1MZW5ndGg6IDM2NjQNCkNvbnRlbnQtVHlwZTogYXBwbGljYXRpb24vanNvbg0KRGF0ZTogV2VkLCAwNyBPY3QgMjAyNiAwNDozNzo1MyBHTVQNClNlcnZlci1UaW1pbmc6IHF1ZXVlO2R1cj0wLjAsIGV4dHJhY3Q7ZHVyPTE0LjMNClgtQ29udGVudC1UeXBlLU9wdGlvbnM6IG5vc25pZmYNCg0K
1791347873642001311,200,62065393,147209,0,,,,401,POST,http://proxy:8080/extract,Q29udGVudC1MZW5ndGg6IDQ1MzQ1DQpDb250ZW50LVR5cGU6IGFwcGxpY2F0aW9uL2pzb24NCkRhdGU6IFdlZCwgMDcgT2N0IDIwMjYgMDQ6Mzc6NTMgR01UDQpTZXJ2ZXItVGltaW5nOiBxdWV1ZTtkdXI9MC4wLCBleHRyYWN0O2R1cj00MS4yDQpYLUNvbnRlbnQtVHlwZS1PcHRpb25zOiBub3NuaWZmDQoNCg==
1791347867497751015,200,6385464186,736965,0,,,,94,POST,http://proxy:8080/extract,Q29udGVudC1MZW5ndGg6IDc5Mjg5NQ0KQ29udGVudC1UeXBlOiBhcHBsaWNhdGlvbi9qc29uDQpEYXRlOiBXZWQsIDA3IE9jdCAyMDI2IDA0OjM3OjUyIEdNVA0KU2VydmVyLVRpbWluZzogcXVldWU7ZHVyPTAuMCwgZXh0cmFjdDtkdXI9NjAwLjINClgtQ29udGVudC1UeXBlLU9wdGlvbnM6IG5vc25pZmYNCg0K
1791347873704146920,200,195038319,93347,0,,,,404,POST,http://proxy:8080/extract,Q29udGVudC1MZW5ndGg6IDM2NjQNCkNvbnRlbnQtVHlwZTogYXBwbGljYXRpb24vanNvbg0KRGF0ZTogV2VkLCAwNyBPY3QgMjAyNiAwNDozNzo1MyBHTVQNClNlcnZlci1UaW1pbmc6IHF1ZXVlO2R1cj0wLjAsIGV4dHJhY3Q7ZHVyPTExLjENClgtQ29udGVudC1UeXBlLU9wdGlvbnM6IG5vc25pZmYNCg0K
1791347867516924827,200,6397503806,10063439,0,,,,95,POST,http://proxy:8080/extract,Q29udGVudC1MZW5ndGg6IDQxMzA1DQpDb250ZW50LVR5cGU6IGFwcGxpY2F0aW9uL2pzb24NCkRhdGU6IFdlZCwgMDcgT2N0IDIwMjYgMDQ6Mzc6NTIgR01UDQpTZXJ2ZXItVGltaW5nOiBxdWV1ZTtkdXI9MC4wLCBleHRyYWN0O2R1cj0zNTMuMg0KWC1Db250ZW50LVR5cGUtT3B0aW9uczogbm9zbmlmZg0KDQo=
1791347873778540336,200,172909171,93347,0,,,,408,POST,http://proxy:8080/extract,Q29udGVudC1MZW5ndGg6IDM2NjQNCkNvbnRlbnQtVHlwZTogYXBwbGljYXRpb24vanNvbg0KRGF0ZTogV2VkLCAwNyBPY3QgMjAyNiAwNDozNzo1MyBHTVQNClNlcnZlci1UaW1pbmc6IHF1ZXVlO2R1cj0wLjAsIGV4dHJhY3Q7ZHVyPTI4LjkNClgtQ29udGVudC1UeXBlLU9wdGlvbnM6IG5vc25pZmYNCg0K
1791347873717448633,200,238660789,147209,0,,,,405,POST,http://proxy:8080/extract,Q29udGVudC1MZW5ndGg6IDQ1MzQ1DQpDb250ZW50LVR5cGU6IGFwcGxpY2F0aW9uL2pzb24NCkRhdGU6IFdlZCwgMDcgT2N0IDIwMjYgMDQ6Mzc6NTMgR01UDQpTZXJ2ZXItVGltaW5nOiBxdWV1ZTtkdXI9MC4wLCBleHRyYWN0O2R1cj01NC42DQpYLUNvbnRlbnQtVHlwZS1PcHRpb25zOiBub3NuaWZmDQoNCg==
1791347867597028396,200,6369752823,10063439,0,,,,99,POST,http://proxy:8080/extract,Q29udGVudC1MZW5ndGg6IDQxMzA1DQpDb250ZW50LVR5cGU6IGFwcGxpY2F0aW9uL2pzb24NCkRhdGU6IFdlZCwgMDcgT2N0IDIwMjYgMDQ6Mzc6NTIgR01UDQpTZXJ2ZXItVGltaW5nOiBxdWV1ZTtkdXI9MC4wLCBleHRyYWN0O2R1cj0zMjkuMg0KWC1Db250ZW50LVR5cGUtT3B0aW9uczogbm9zbmlmZg0KDQo=
1791347873857391427,200,140042214,93347,0,,,,412,POST,http://proxy:8080/extract,Q29udGVudC1MZW5ndGg6IDM2NjQNCkNvbnRlbnQtVHlwZTogYXBwbGljYXRpb24vanNvbg0KRGF0ZTogV2VkLCAwNyBPY3QgMjAyNiAwNDozNzo1MyBHTVQNClNlcnZlci1UaW1pbmc6IHF1ZXVlO2R1cj0wLjAsIGV4dHJhY3Q7ZHVyPTM5LjENClgtQ29udGVudC1UeXBlLU9wdGlvbnM6IG5vc25pZmYNCg0K
1791347873951329183,200,67361334,93347,0,,,,416,POST,http://proxy:8080/extract,Q29udGVudC1MZW5ndGg6IDM2NjQNCkNvbnRlbnQtVHlwZTogYXBwbGljYXRpb24vanNvbg0KRGF0ZTogV2VkLCAwNyBPY3QgMjAyNiAwNDozNzo1MyBHTVQNClNlcnZlci1UaW1pbmc6IHF1ZXVlO2R1cj0wLjAsIGV4dHJhY3Q7ZHVyPTE3LjQNClgtQ29udGVudC1UeXBlLU9wdGlvbnM6IG5vc25pZmYNCg0K
1791347873877834044,200,159721280,147209,0,,,,413,POST,http://proxy:8080/extract,Q29udGVudC1MZW5ndGg6IDQ1MzQ1DQpDb250ZW50LVR5cGU6IGFwcGxpY2F0aW9uL2pzb24NCkRhdGU6IFdlZCwgMDcgT2N0IDIwMjYgMDQ6Mzc6NTMgR01UDQpTZXJ2ZXItVGltaW5nOiBxdWV1ZTtkdXI9MC4wLCBleHRyYWN0O2R1cj02Ni45DQpYLUNvbnRlbnQtVHlwZS1PcHRpb25zOiBub3NuaWZmDQoNCg==
1791347873797596980,200,241250998,147209,0,,,,409,POST,http://proxy:8080/extract,Q29udGVudC1MZW5ndGg6IDQ1MzQ1DQpDb250ZW50LVR5cGU6IGFwcGxpY2F0aW9uL2pzb24NCkRhdGU6IFdlZCwgMDcgT2N0IDIwMjYgMDQ6Mzc6NTMgR01UDQpTZXJ2ZXItVGltaW5nOiBxdWV1ZTtkdXI9MC4wLCBleHRyYWN0O2R1cj03My45DQpYLUNvbnRlbnQtVHlwZS1PcHRpb25zOiBub3NuaWZmDQoNCg==
1791347874018718923,200,44844610,93347,0,,,,420,POST,http://proxy:8080/extract,Q29udGVudC1MZW5ndGg6IDM2NjQNCkNvbnRlbnQtVHlwZTogYXBwbGljYXRpb24vanNvbg0KRGF0ZTogV2VkLCAwNyBPY3QgMjAyNiAwNDozNzo1MyBHTVQNClNlcnZlci1UaW1pbmc6IHF1ZXVlO2R1cj0wLjAsIGV4dHJhY3Q7ZHVyPTE5LjQNClgtQ29udGVudC1UeXBlLU9wdGlvbnM6IG5vc25pZmYNCg0K
1791347873957181433,200,144594408,147209,0,,,,417,POST,http://proxy:8080/extract,Q29udGVudC1MZW5ndGg6IDQ1MzQ1DQpDb250ZW50LVR5cGU6IGFwcGxpY2F0aW9uL2pzb24NCkRhdGU6IFdlZCwgMDcgT2N0IDIwMjYgMDQ6Mzc6NTMgR01UDQpTZXJ2ZXItVGltaW5nOiBxdWV1ZTtkdXI9MC4wLCBleHRyYWN0O2R1cj04NC44DQpYLUNvbnRlbnQtVHlwZS1PcHRpb25zOiBub3NuaWZmDQoNCg==
1791347874097148132,200,39860031,93347,0,,,,424,POST,http://proxy:8080/extract,Q29udGVudC1MZW5ndGg6IDM2NjQNCkNvbnRlbnQtVHlwZTogYXBwbGljYXRpb24vanNvbg0KRGF0ZTogV2VkLCAwNyBPY3QgMjAyNiAwNDozNzo1MyBHTVQNClNlcnZlci1UaW1pbmc6IHF1ZXVlO2R1cj0wLjAsIGV4dHJhY3Q7ZHVyPTI5LjANClgtQ29udGVudC1UeXBlLU9wdGlvbnM6IG5vc25pZmYNCg0K
1791347874037328579,200,99807809,147209,0,,,,421,POST,http://proxy:8080/extract,Q29udGVudC1MZW5ndGg6IDQ1MzQ1DQpDb250ZW50LVR5cGU6IGFwcGxpY2F0aW9uL2pzb24NCkRhdGU6IFdlZCwgMDcgT2N0IDIwMjYgMDQ6Mzc6NTMgR01UDQpTZXJ2ZXItVGltaW5nOiBxdWV1ZTtkdXI9MC4wLCBleHRyYWN0O2R1cj03Mi4wDQpYLUNvbnRlbnQtVHlwZS1PcHRpb25zOiBub3NuaWZmDQoNCg==
1791347874116916915,200,69008258,147209,0,,,,425,POST,http://proxy:8080/extract,Q29udGVudC1MZW5ndGg6IDQ1MzQ1DQpDb250ZW50LVR5cGU6IGFwcGxpY2F0aW9uL2pzb24NCkRhdGU6IFdlZCwgMDcgT2N0IDIwMjYgMDQ6Mzc6NTMgR01UDQpTZXJ2ZXItVGltaW5nOiBxdWV1ZTtkdXI9MC4wLCBleHRyYWN0O2R1cj00Ni4zDQpYLUNvbnRlbnQtVHlwZS1PcHRpb25zOiBub3NuaWZmDQoNCg==
1791347874177413801,200,25032818,93347,0,,,,428,POST,http://proxy:8080/extract,Q29udGVudC1MZW5ndGg6IDM2NjQNCkNvbnRlbnQtVHlwZTogYXBwbGljYXRpb24vanNvbg0KRGF0ZTogV2VkLCAwNyBPY3QgMjAyNiAwNDozNzo1MyBHTVQNClNlcnZlci1UaW1pbmc6IHF1ZXVlO2R1cj0wLjAsIGV4dHJhY3Q7ZHVyPTE1LjQNClgtQ29udGVudC1UeXBlLU9wdGlvbnM6IG5vc25pZmYNCg0K
1791347867577815778,200,6645744589,736965,0,,,,98,POST,http://proxy:8080/extract,Q29udGVudC1MZW5ndGg6IDc5Mjg5NQ0KQ29udGVudC1UeXBlOiBhcHBsaWNhdGlvbi9qc29uDQpEYXRlOiBXZWQsIDA3IE9jdCAyMDI2IDA0OjM3OjUzIEdNVA0KU2VydmVyLVRpbWluZzogcXVldWU7ZHVyPTAuMSwgZXh0cmFjdDtkdXI9NjQxLjUNClgtQ29udGVudC1UeXBlLU9wdGlvbnM6IG5vc25pZmYNCg0K
1791347874197244897,200,76778485,147209,0,,,,429,POST,http://proxy:8080/extract,Q29udGVudC1MZW5ndGg6IDQ1MzQ1DQpDb250ZW50LVR5cGU6IGFwcGxpY2F0aW9uL2pzb24NCkRhdGU6IFdlZCwgMDcgT2N0IDIwMjYgMDQ6Mzc6NTMgR01UDQpTZXJ2ZXItVGltaW5nOiBxdWV1ZTtkdXI9MC4wLCBleHRyYWN0O2R1cj02OS4wDQpYLUNvbnRlbnQtVHlwZS1PcHRpb25zOiBub3NuaWZmDQoNCg==
1791347874257789792,200,48294889,93347,0,,,,432,POST,http://proxy:8080/extract,Q29udGVudC1MZW5ndGg6IDM2NjQNCkNvbnRlbnQtVHlwZTogYXBwbGljYXRpb24vanNvbg0KRGF0ZTogV2VkLCAwNyBPY3QgMjAyNiAwNDozNzo1MyBHTVQNClNlcnZlci1UaW1pbmc6IHF1ZXVlO2R1cj0wLjAsIGV4dHJhY3Q7ZHVyPTE3LjgNClgtQ29udGVudC1UeXBlLU9wdGlvbnM6IG5vc25pZmYNCg0K
1791347867656954100,200,6659872791,736965,0,,,,102,POST,http://proxy:8080/extract,Q29udGVudC1MZW5ndGg6IDc5Mjg5NQ0KQ29udGVudC1UeXBlOiBhcHBsaWNhdGlvbi9qc29uDQpEYXRlOiBXZWQsIDA3IE9jdCAyMDI2IDA0OjM3OjUzIEdNVA0KU2VydmVyLVRpbWluZzogcXVldWU7ZHVyPTAuMCwgZXh0cmFjdDtkdXI9NjA4LjgNClgtQ29udGVudC1UeXBlLU9wdGlvbnM6IG5vc25pZmYNCg0K
1791347874277056378,200,91360149,147209,0,,,,433,POST,http://proxy:8080/extract,Q29udGVudC1MZW5ndGg6IDQ1MzQ1DQpDb250ZW50LVR5cGU6IGFwcGxpY2F0aW9uL2pzb24NCkRhdGU6IFdlZCwgMDcgT2N0IDIwMjYgMDQ6Mzc6NTMgR01UDQpTZXJ2ZXItVGltaW5nOiBxdWV1ZTtkdXI9MC4wLCBleHRyYWN0O2R1cj03My4wDQpYLUNvbnRlbnQtVHlwZS1PcHRpb25zOiBub3NuaWZmDQoNCg==
1791347874337642981,200,62432166,93347,0,,,,436,POST,http://proxy:8080/extract,Q29udGVudC1MZW5ndGg6IDM2NjQNCkNvbnRlbnQtVHlwZTogYXBwbGljYXRpb24vanNvbg0KRGF0ZTogV2VkLCAwNyBPY3QgMjAyNiAwNDozNzo1MyBHTVQNClNlcnZlci1UaW1pbmc6IHF1ZXVlO2R1cj0wLjAsIGV4dHJhY3Q7ZHVyPTE3LjQNClgtQ29udGVudC1UeXBlLU9wdGlvbnM6IG5vc25pZmYNCg0K
1791347867677855175,200,6745338914,10063439,0,,,,103,POST,http://proxy:8080/extract,Q29udGVudC1MZW5ndGg6IDQxMzA1DQpDb250ZW50LVR5cGU6IGFwcGxpY2F0aW9uL2pzb24NCkRhdGU6IFdlZCwgMDcgT2N0IDIwMjYgMDQ6Mzc6NTMgR01UDQpTZXJ2ZXItVGltaW5nOiBxdWV1ZTtkdXI9MC4xLCBleHRyYWN0O2R1cj0zNDYuNw0KWC1Db250ZW50LVR5cGUtT3B0aW9uczogbm9zbmlmZg0KDQo=
1791347874357701622,200,89865055,147209,0,,,,437,POST,http://proxy:8080/extract,Q29udGVudC1MZW5ndGg6IDQ1MzQ1DQpDb250ZW50LVR5cGU6IGFwcGxpY2F0aW9uL2pzb24NCkRhdGU6IFdlZCwgMDcgT2N0IDIwMjYgMDQ6Mzc6NTMgR01UDQpTZXJ2ZXItVGltaW5nOiBxdWV1ZTtkdXI9MC4wLCBleHRyYWN0O2R1cj01NC43DQpYLUNvbnRlbnQtVHlwZS1PcHRpb25zOiBub3NuaWZmDQoNCg==
1791347874422555863,200,61262236,93347,0,,,,440,POST,http://proxy:8080/extract,Q29udGVudC1MZW5ndGg6IDM2NjQNCkNvbnRlbnQtVHlwZTogYXBwbGljYXRpb24vanNvbg0KRGF0ZTogV2VkLCAwNyBPY3QgMjAyNiAwNDozNzo1MyBHTVQNClNlcnZlci1UaW1pbmc6IHF1ZXVlO2R1cj0wLjAsIGV4dHJhY3Q7ZHVyPTE5LjINClgtQ29udGVudC1UeXBlLU9wdGlvbnM6IG5vc25pZmYNCg0K
1791347867760103969,200,6803701245,10063439,0,,,,107,POST,http://proxy:8080/extract,Q29udGVudC1MZW5ndGg6IDQxMzA1DQpDb250ZW50LVR5cGU6IGFwcGxpY2F0aW9uL2pzb24NCkRhdGU6IFdlZCwgMDcgT2N0IDIwMjYgMDQ6Mzc6NTQgR01UDQpTZXJ2ZXItVGltaW5nOiBxdWV1ZTtkdXI9MC4wLCBleHRyYWN0O2R1cj0yNjMuNA0KWC1Db250ZW50LVR5cGUtT3B0aW9uczogbm9zbmlmZg0KDQo=
1791347874437527005,200,130362712,147209,0,,,,441,POST,http://proxy:8080/extract,Q29udGVudC1MZW5ndGg6IDQ1MzQ1DQpDb250ZW50LVR5cGU6IGFwcGxpY2F0aW9uL2pzb24NCkRhdGU6IFdlZCwgMDcgT2N0IDIwMjYgMDQ6Mzc6NTMgR01UDQpTZXJ2ZXItVGltaW5nOiBxdWV1ZTtkdXI9MC4wLCBleHRyYWN0O2R1cj02MS44DQpYLUNvbnRlbnQtVHlwZS1PcHRpb25zOiBub3NuaWZmDQoNCg==
1791347874508683284,200,92202315,93347,0,,,,444,POST,http://proxy:8080/extract,Q29udGVudC1MZW5ndGg6IDM2NjQNCkNvbnRlbnQtVHlwZTogYXBwbGljYXRpb24vanNvbg0KRGF0ZTogV2VkLCAwNyBPY3QgMjAyNiAwNDozNzo1MyBHTVQNClNlcnZlci1UaW1pbmc6IHF1ZXVlO2R1cj0wLjAsIGV4dHJhY3Q7ZHVyPTMwLjUNClgtQ29udGVudC1UeXBlLU9wdGlvbnM6IG5vc25pZmYNCg0K
1791347874577441993,200,33072098,93347,0,,,,448,POST,http://proxy:8080/extract,Q29udGVudC1MZW5ndGg6IDM2NjQNCkNvbnRlbnQtVHlwZTogYXBwbGljYXRpb24vanNvbg0KRGF0ZTogV2VkLCAwNyBPY3QgMjAyNiAwNDozNzo1MyBHTVQNClNlcnZlci1UaW1pbmc6IHF1ZXVlO2R1cj0wLjAsIGV4dHJhY3Q7ZHVyPTkuNg0KWC1Db250ZW50LVR5cGUtT3B0aW9uczogbm9zbmlmZg0KDQo=
1791347874524778147,200,117222430,147209,0,,,,445,POST,http://proxy:8080/extract,Q29udGVudC1MZW5ndGg6IDQ1MzQ1DQpDb250ZW50LVR5cGU6IGFwcGxpY2F0aW9uL2pzb24NCkRhdGU6IFdlZCwgMDcgT2N0IDIwMjYgMDQ6Mzc6NTQgR01UDQpTZXJ2ZXItVGltaW5nOiBxdWV1ZTtkdXI9MC4wLCBleHRyYWN0O2R1cj03Mi42DQpYLUNvbnRlbnQtVHlwZS1PcHRpb25zOiBub3NuaWZmDQoNCg==
1791347874600987119,200,85300559,147209,0,,,,449,POST,http://proxy:8080/extract,Q29udGVudC1MZW5ndGg6IDQ1MzQ1DQpDb250ZW50LVR5cGU6IGFwcGxpY2F0aW9uL2pzb24NCkRhdGU6IFdlZCwgMDcgT2N0IDIwMjYgMDQ6Mzc6NTMgR01UDQpTZXJ2ZXItVGltaW5nOiBxdWV1ZTtkdXI9MC4wLCBleHRyYWN0O2R1cj03NC4zDQpYLUNvbnRlbnQtVHlwZS1PcHRpb25zOiBub3NuaWZmDQoNCg==
1791347874663485598,200,37881442,93347,0,,,,452,POST,http://proxy:8080/extract,Q29udGVudC1MZW5ndGg6IDM2NjQNCkNvbnRlbnQtVHlwZTogYXBwbGljYXRpb24vanNvbg0KRGF0ZTogV2VkLCAwNyBPY3QgMjAyNiAwNDozNzo1MyBHTVQNClNlcnZlci1UaW1pbmc6IHF1ZXVlO2R1cj0wLjAsIGV4dHJhY3Q7ZHVyPTEzLjgNClgtQ29udGVudC1UeXBlLU9wdGlvbnM6IG5vc25pZmYNCg0K
1791347867742159343,200,7022018237,736965,0,,,,106,POST,http://proxy:8080/extract,Q29udGVudC1MZW5ndGg6IDc5Mjg5NQ0KQ29udGVudC1UeXBlOiBhcHBsaWNhdGlvbi9qc29uDQpEYXRlOiBXZWQsIDA3IE9jdCAyMDI2IDA0OjM3OjUzIEdNVA0KU2VydmVyLVRpbWluZzogcXVldWU7ZHVyPTAuMCwgZXh0cmFjdDtkdXI9NjIyLjQNClgtQ29udGVudC1UeXBlLU9wdGlvbnM6IG5vc25pZmYNCg0K
1791347874676852824,200,90752430,147209,0,,,,453,POST,http://proxy:8080/extract,Q29udGVudC1MZW5ndGg6IDQ1MzQ1DQpDb250ZW50LVR5cGU6IGFwcGxpY2F0aW9uL2pzb24NCkRhdGU6IFdlZCwgMDcgT2N0IDIwMjYgMDQ6Mzc6NTQgR01UDQpTZXJ2ZXItVGltaW5nOiBxdWV1ZTtkdXI9MC4wLCBleHRyYWN0O2R1cj02My44DQpYLUNvbnRlbnQtVHlwZS1PcHRpb25zOiBub3NuaWZmDQoNCg==
1791347874737673873,200,41741101,93347,0,,,,456,POST,http://proxy:8080/extract,Q29udGVudC1MZW5ndGg6IDM2NjQNCkNvbnRlbnQtVHlwZTogYXBwbGljYXRpb24vanNvbg0KRGF0ZTogV2VkLCAwNyBPY3QgMjAyNiAwNDozNzo1MyBHTVQNClNlcnZlci1UaW1pbmc6IHF1ZXVlO2R1cj0wLjAsIGV4dHJhY3Q7ZHVyPTEzLjANClgtQ29udGVudC1UeXBlLU9wdGlvbnM6IG5vc25pZmYNCg0K
1791347867837333902,200,6962401964,10063439,0,,,,111,POST,http://proxy:8080/extract,Q29udGVudC1MZW5ndGg6IDQxMzA1DQpDb250ZW50LVR5cGU6IGFwcGxpY2F0aW9uL2pzb24NCkRhdGU6IFdlZCwgMDcgT2N0IDIwMjYgMDQ6Mzc6NTMgR01UDQpTZXJ2ZXItVGltaW5nOiBxdWV1ZTtkdXI9MC4wLCBleHRyYWN0O2R1cj0zMzIuMQ0KWC1Db250ZW50LVR5cGUtT3B0aW9uczogbm9zbmlmZg0KDQo=
1791347874757253320,200,98108575,147209,0,,,,457,POST,http://proxy:8080/extract,Q29udGVudC1MZW5ndGg6IDQ1MzQ1DQpDb250ZW50LVR5cGU6IGFwcGxpY2F0aW9uL2pzb24NCkRhdGU6IFdlZCwgMDcgT2N0IDIwMjYgMDQ6Mzc6NTQgR01UDQpTZXJ2ZXItVGltaW5nOiBxdWV1ZTtkdXI9MC4wLCBleHRyYWN0O2R1cj04My4wDQpYLUNvbnRlbnQtVHlwZS1PcHRpb25zOiBub3NuaWZmDQoNCg==
1791347874819312113,200,74875010,93347,0,,,,460,POST,http://proxy:8080/extract,Q29udGVudC1MZW5ndGg6IDM2NjQNCkNvbnRlbnQtVHlwZTogYXBwbGljYXRpb24vanNvbg0KRGF0ZTogV2VkLCAwNyBPY3QgMjAyNiAwNDozNzo1NCBHTVQNClNlcnZlci1UaW1pbmc6IHF1ZXVlO2R1cj0wLjAsIGV4dHJhY3Q7ZHVyPTIwLjcNClgtQ29udGVudC1UeXBlLU9wdGlvbnM6IG5vc25pZmYNCg0K
1791347867817355267,200,7103929780,736965,0,,,,110,POST,http://proxy:8080/extract,Q29udGVudC1MZW5ndGg6IDc5Mjg5NQ0KQ29udGVudC1UeXBlOiBhcHBsaWNhdGlvbi9qc29uDQpEYXRlOiBXZWQsIDA3IE9jdCAyMDI2IDA0OjM3OjU0IEdNVA0KU2VydmVyLVRpbWluZzogcXVldWU7ZHVyPTAuMCwgZXh0cmFjdDtkdXI9NTgxLjINClgtQ29udGVudC1UeXBlLU9wdGlvbnM6IG5vc25pZmYNCg0K
1791347874899163301,200,40501857,93347,0,,,,464,POST,http://proxy:8080/extract,Q29udGVudC1MZW5ndGg6IDM2NjQNCkNvbnRlbnQtVHlwZTogYXBwbGljYXRpb24vanNvbg0KRGF0ZTogV2VkLCAwNyBPY3QgMjAyNiAwNDozNzo1NCBHTVQNClNlcnZlci1UaW1pbmc6IHF1ZXVlO2R1cj0wLjAsIGV4dHJhY3Q7ZHVyPTE3LjINClgtQ29udGVudC1UeXBlLU9wdGlvbnM6IG5vc25pZmYNCg0K
1791347874847688088,200,94948054,147209,0,,,,461,POST,http://proxy:8080/extract,Q29udGVudC1MZW5ndGg6IDQ1MzQ1DQpDb250ZW50LVR5cGU6IGFwcGxpY2F0aW9uL2pzb24NCkRhdGU6IFdlZCwgMDcgT2N0IDIwMjYgMDQ6Mzc6NTQgR01UDQpTZXJ2ZXItVGltaW5nOiBxdWV1ZTtkdXI9MC4wLCBleHRyYWN0O2R1cj00Ny4zDQpYLUNvbnRlbnQtVHlwZS1PcHRpb25zOiBub3NuaWZmDQoNCg==
1791347867925122738,200,7051049192,10063439,0,,,,115,POST,http://proxy:8080/extract,Q29udGVudC1MZW5ndGg6IDQxMzA1DQpDb250ZW50LVR5cGU6IGFwcGxpY2F0aW9uL2pzb24NCkRhdGU6IFdlZCwgMDcgT2N0IDIwMjYgMDQ6Mzc6NTQgR01UDQpTZXJ2ZXItVGltaW5nOiBxdWV1ZTtkdXI9MC4wLCBleHRyYWN0O2R1cj0yOTUuMA0KWC1Db250ZW50LVR5cGUtT3B0aW9uczogbm9zbmlmZg0KDQo=
1791347874919832762,200,71480143,147209,0,,,,465,POST,http://proxy:8080/extract,Q29udGVudC1MZW5ndGg6IDQ1MzQ1DQpDb250ZW50LVR5cGU6IGFwcGxpY2F0aW9uL2pzb24NCkRhdGU6IFdlZCwgMDcgT2N0IDIwMjYgMDQ6Mzc6NTQgR01UDQpTZXJ2ZXItVGltaW5nOiBxdWV1ZTtkdXI9MC4wLCBleHRyYWN0O2R1cj01MC42DQpYLUNvbnRlbnQtVHlwZS1PcHRpb25zOiBub3NuaWZmDQoNCg==
1791347874977304953,200,32170120,93347,0,,,,468,POST,http://proxy:8080/extract,Q29udGVudC1MZW5ndGg6IDM2NjQNCkNvbnRlbnQtVHlwZTogYXBwbGljYXRpb24vanNvbg0KRGF0ZTogV2VkLCAwNyBPY3QgMjAyNiAwNDozNzo1NCBHTVQNClNlcnZlci1UaW1pbmc6IHF1ZXVlO2R1cj0wLjAsIGV4dHJhY3Q7ZHVyPTE0LjcNClgtQ29udGVudC1UeXBlLU9wdGlvbnM6IG5vc25pZmYNCg0K
1791347874997387198,200,56057514,147209,0,,,,469,POST,http://proxy:8080/extract,Q29udGVudC1MZW5ndGg6IDQ1MzQ1DQpDb250ZW50LVR5cGU6IGFwcGxpY2F0aW9uL2pzb24NCkRhdGU6IFdlZCwgMDcgT2N0IDIwMjYgMDQ6Mzc6NTQgR01UDQpTZXJ2ZXItVGltaW5nOiBxdWV1ZTtkdXI9MC4wLCBleHRyYWN0O2R1cj00My43DQpYLUNvbnRlbnQtVHlwZS1PcHRpb25zOiBub3NuaWZmDQoNCg==
1791347868080534247,200,7233909842,10063439,0,,,,123,POST,http://proxy:8080/extract,Q29udGVudC1MZW5ndGg6IDQxMzA1DQpDb250ZW50LVR5cGU6IGFwcGxpY2F0aW9uL2pzb24NCkRhdGU6IFdlZCwgMDcgT2N0IDIwMjYgMDQ6Mzc6NTUgR01UDQpTZXJ2ZXItVGltaW5nOiBxdWV1ZTtkdXI9MC4wLCBleHRyYWN0O2R1cj0yMTkuOQ0KWC1Db250ZW50LVR5cGUtT3B0aW9uczogbm9zbmlmZg0KDQo=
1791347867915474572,200,7410099904,736965,0,,,,114,POST,http://proxy:8080/extract,Q29udGVudC1MZW5ndGg6IDc5Mjg5NQ0KQ29udGVudC1UeXBlOiBhcHBsaWNhdGlvbi9qc29uDQpEYXRlOiBXZWQsIDA3IE9jdCAyMDI2IDA0OjM3OjUzIEdNVA0KU2VydmVyLVRpbWluZzogcXVldWU7ZHVyPTAuMCwgZXh0cmFjdDtkdXI9NTMxLjgNClgtQ29udGVudC1UeXBlLU9wdGlvbnM6IG5vc25pZmYNCg0K
1791347867997261697,200,7339459869,10063439,0,,,,119,POST,http://proxy:8080/extract,Q29udGVudC1MZW5ndGg6IDQxMzA1DQpDb250ZW50LVR5cGU6IGFwcGxpY2F0aW9uL2pzb24NCkRhdGU6IFdlZCwgMDcgT2N0IDIwMjYgMDQ6Mzc6NTQgR01UDQpTZXJ2ZXItVGltaW5nOiBxdWV1ZTtkdXI9MC4xLCBleHRyYWN0O2R1cj0zNDEuMw0KWC1Db250ZW50LVR5cGUtT3B0aW9uczogbm9zbmlmZg0KDQo=
1791347875067489971,200,274015635,93347,0,,,,472,POST,http://proxy:8080/extract,Q29udGVudC1MZW5ndGg6IDM2NjQNCkNvbnRlbnQtVHlwZTogYXBwbGljYXRpb24vanNvbg0KRGF0ZTogV2VkLCAwNyBPY3QgMjAyNiAwNDozNzo1NSBHTVQNClNlcnZlci1UaW1pbmc6IHF1ZXVlO2R1cj0wLjAsIGV4dHJhY3Q7ZHVyPTE4LjQNClgtQ29udGVudC1UeXBlLU9wdGlvbnM6IG5vc25pZmYNCg0K
1791347875137054438,200,223428196,93347,0,,,,476,POST,http://proxy:8080/extract,Q29udGVudC1MZW5ndGg6IDM2NjQNCkNvbnRlbnQtVHlwZTogYXBwbGljYXRpb24vanNvbg0KRGF0ZTogV2VkLCAwNyBPY3QgMjAyNiAwNDozNzo1NCBHTVQNClNlcnZlci1UaW1pbmc6IHF1ZXVlO2R1cj0wLjAsIGV4dHJhY3Q7ZHVyPTE4LjINClgtQ29udGVudC1UeXBlLU9wdGlvbnM6IG5vc25pZmYNCg0K
1791347875076975735,200,290025180,147209,0,,,,473,POST,http://proxy:8080/extract,Q29udGVudC1MZW5ndGg6IDQ1MzQ1DQpDb250ZW50LVR5cGU6IGFwcGxpY2F0aW9uL2pzb24NCkRhdGU6IFdlZCwgMDcgT2N0IDIwMjYgMDQ6Mzc6NTQgR01UDQpTZXJ2ZXItVGltaW5nOiBxdWV1ZTtkdXI9MC4wLCBleHRyYWN0O2R1cj0zOS4wDQpYLUNvbnRlbnQtVHlwZS1PcHRpb25zOiBub3NuaWZmDQoNCg==
1791347875217624168,200,158089559,93347,0,,,,480,POST,http://proxy:8080/extract,Q29udGVudC1MZW5ndGg6IDM2NjQNCkNvbnRlbnQtVHlwZTogYXBwbGljYXRpb24vanNvbg0KRGF0ZTogV2VkLCAwNyBPY3QgMjAyNiAwNDozNzo1NCBHTVQNClNlcnZlci1UaW1pbmc6IHF1ZXVlO2R1cj0wLjAsIGV4dHJhY3Q7ZHVyPTE2LjMNClgtQ29udGVudC1UeXBlLU9wdGlvbnM6IG5vc25pZmYNCg0K
1791347875157563268,200,233732420,147209,0,,,,477,POST,http://proxy:8080/extract,Q29udGVudC1MZW5ndGg6IDQ1MzQ1DQpDb250ZW50LVR5cGU6IGFwcGxpY2F0aW9uL2pzb24NCkRhdGU6IFdlZCwgMDcgT2N0IDIwMjYgMDQ6Mzc6NTUgR01UDQpTZXJ2ZXItVGltaW5nOiBxdWV1ZTtkdXI9MC4wLCBleHRyYWN0O2R1cj00Ni4wDQpYLUNvbnRlbnQtVHlwZS1PcHRpb25zOiBub3NuaWZmDQoNCg==
1791347875297566474,200,109690250,93347,0,,,,484,POST,http://proxy:8080/extract,Q29udGVudC1MZW5ndGg6IDM2NjQNCkNvbnRlbnQtVHlwZTogYXBwbGljYXRpb24vanNvbg0KRGF0ZTogV2VkLCAwNyBPY3QgMjAyNiAwNDozNzo1NCBHTVQNClNlcnZlci1UaW1pbmc6IHF1ZXVlO2R1cj0wLjAsIGV4dHJhY3Q7ZHVyPTE3LjcNClgtQ29udGVudC1UeXBlLU9wdGlvbnM6IG5vc25pZmYNCg0K
1791347875237736119,200,172707631,147209,0,,,,481,POST,http://proxy:8080/extract,Q29udGVudC1MZW5ndGg6IDQ1MzQ1DQpDb250ZW50LVR5cGU6IGFwcGxpY2F0aW9uL2pzb24NCkRhdGU6IFdlZCwgMDcgT2N0IDIwMjYgMDQ6Mzc6NTQgR01UDQpTZXJ2ZXItVGltaW5nOiBxdWV1ZTtkdXI9MC4wLCBleHRyYWN0O2R1cj0zNC43DQpYLUNvbnRlbnQtVHlwZS1PcHRpb25zOiBub3NuaWZmDQoNCg==
1791347875318441275,200,114909776,147209,0,,,,485,POST,http://proxy:8080/extract,Q29udGVudC1MZW5ndGg6IDQ1MzQ1DQpDb250ZW50LVR5cGU6IGFwcGxpY2F0aW9uL2pzb24NCkRhdGU6IFdlZCwgMDcgT2N0IDIwMjYgMDQ6Mzc6NTUgR01UDQpTZXJ2ZXItVGltaW5nOiBxdWV1ZTtkdXI9MC4wLCBleHRyYWN0O2R1cj0zOC42DQpYLUNvbnRlbnQtVHlwZS1PcHRpb25zOiBub3NuaWZmDQoNCg==
1791347875377732523,200,64980767,93347,0,,,,488,POST,http://proxy:8080/extract,Q29udGVudC1MZW5ndGg6IDM2NjQNCkNvbnRlbnQtVHlwZTogYXBwbGljYXRpb24vanNvbg0KRGF0ZTogV2VkLCAwNyBPY3QgMjAyNiAwNDozNzo1NCBHTVQNClNlcnZlci1UaW1pbmc6IHF1ZXVlO2R1cj0wLjAsIGV4dHJhY3Q7ZHVyPTI5LjgNClgtQ29udGVudC1UeXBlLU9wdGlvbnM6IG5vc25pZmYNCg0K
1791347875403209229,200,60301047,147209,0,,,,489,POST,http://proxy:8080/extract,Q29udGVudC1MZW5ndGg6IDQ1MzQ1DQpDb250ZW50LVR5cGU6IGFwcGxpY2F0aW9uL2pzb24NCkRhdGU6IFdlZCwgMDcgT2N0IDIwMjYgMDQ6Mzc6NTQgR01UDQpTZXJ2ZXItVGltaW5nOiBxdWV1ZTtkdXI9MC4wLCBleHRyYWN0O2R1cj00MS40DQpYLUNvbnRlbnQtVHlwZS1PcHRpb25zOiBub3NuaWZmDQoNCg==
1791347867981320675,200,7570063865,736965,0,,,,118,POST,http://proxy:8080/extract,Q29udGVudC1MZW5ndGg6IDc5Mjg5NQ0KQ29udGVudC1UeXBlOiBhcHBsaWNhdGlvbi9qc29uDQpEYXRlOiBXZWQsIDA3IE9jdCAyMDI2IDA0OjM3OjU0IEdNVA0KU2VydmVyLVRpbWluZzogcXVldWU7ZHVyPTAuMCwgZXh0cmFjdDtkdXI9NzQ2LjkNClgtQ29udGVudC1UeXBlLU9wdGlvbnM6IG5vc25pZmYNCg0K
1791347875462835243,200,112097524,93347,0,,,,492,POST,http://proxy:8080/extract,Q29udGVudC1MZW5ndGg6IDM2NjQNCkNvbnRlbnQtVHlwZTogYXBwbGljYXRpb24vanNvbg0KRGF0ZTogV2VkLCAwNyBPY3QgMjAyNiAwNDozNzo1NCBHTVQNClNlcnZlci1UaW1pbmc6IHF1ZXVlO2R1cj0wLjAsIGV4dHJhY3Q7ZHVyPTIxLjgNClgtQ29udGVudC1UeXBlLU9wdGlvbnM6IG5vc25pZmYNCg0K
1791347875477575939,200,161400610,147209,0,,,,493,POST,http://proxy:8080/extract,Q29udGVudC1MZW5ndGg6IDQ1MzQ1DQpDb250ZW50LVR5cGU6IGFwcGxpY2F0aW9uL2pzb24NCkRhdGU6IFdlZCwgMDcgT2N0IDIwMjYgMDQ6Mzc6NTUgR01UDQpTZXJ2ZXItVGltaW5nOiBxdWV1ZTtkdXI9MC4wLCBleHRyYWN0O2R1cj02Mi45DQpYLUNvbnRlbnQtVHlwZS1PcHRpb25zOiBub3NuaWZmDQoNCg==
1791347875537491411,200,112307764,93347,0,,,,496,POST,http://proxy:8080/extract,Q29udGVudC1MZW5ndGg6IDM2NjQNCkNvbnRlbnQtVHlwZTogYXBwbGljYXRpb24vanNvbg0KRGF0ZTogV2VkLCAwNyBPY3QgMjAyNiAwNDozNzo1NSBHTVQNClNlcnZlci1UaW1pbmc6IHF1ZXVlO2R1cj0wLjAsIGV4dHJhY3Q7ZHVyPTYuNg0KWC1Db250ZW50LVR5cGUtT3B0aW9uczogbm9zbmlmZg0KDQo=
1791347875557718485,200,161756779,147209,0,,,,497,POST,http://proxy:8080/extract,Q29udGVudC1MZW5ndGg6IDQ1MzQ1DQpDb250ZW50LVR5cGU6IGFwcGxpY2F0aW9uL2pzb24NCkRhdGU6IFdlZCwgMDcgT2N0IDIwMjYgMDQ6Mzc6NTUgR01UDQpTZXJ2ZXItVGltaW5nOiBxdWV1ZTtkdXI9MC4xLCBleHRyYWN0O2R1cj02MS4wDQpYLUNvbnRlbnQtVHlwZS1PcHRpb25zOiBub3NuaWZmDQoNCg==
1791347875616842801,200,137738461,93347,0,,,,500,POST,http://proxy:8080/extract,Q29udGVudC1MZW5ndGg6IDM2NjQNCkNvbnRlbnQtVHlwZTogYXBwbGljYXRpb24vanNvbg0KRGF0ZTogV2VkLCAwNyBPY3QgMjAyNiAwNDozNzo1NSBHTVQNClNlcnZlci1UaW1pbmc6IHF1ZXVlO2R1cj0wLjAsIGV4dHJhY3Q7ZHVyPTI5LjcNClgtQ29udGVudC1UeXBlLU9wdGlvbnM6IG5vc25pZmYNCg0K
1791347868061600671,200,7728234117,736965,0,,,,122,POST,http://proxy:8080/extract,Q29udGVudC1MZW5ndGg6IDc5Mjg5NQ0KQ29udGVudC1UeXBlOiBhcHBsaWNhdGlvbi9qc29uDQpEYXRlOiBXZWQsIDA3IE9jdCAyMDI2IDA0OjM3OjU0IEdNVA0KU2VydmVyLVRpbWluZzogcXVldWU7ZHVyPTAuMCwgZXh0cmFjdDtkdXI9ODA5LjcNClgtQ29udGVudC1UeXBlLU9wdGlvbnM6IG5vc25pZmYNCg0K
1791347875697750796,200,102326904,93347,0,,,,504,POST,http://proxy:8080/extract,Q29udGVudC1MZW5ndGg6IDM2NjQNCkNvbnRlbnQtVHlwZTogYXBwbGljYXRpb24vanNvbg0KRGF0ZTogV2VkLCAwNyBPY3QgMjAyNiAwNDozNzo1NSBHTVQNClNlcnZlci1UaW1pbmc6IHF1ZXVlO2R1cj0wLjAsIGV4dHJhY3Q7ZHVyPTguNQ0KWC1Db250ZW50LVR5cGUtT3B0aW9uczogbm9zbmlmZg0KDQo=
1791347868166724640,200,7650158862,10063439,0,,,,127,POST,http://proxy:8080/extract,Q29udGVudC1MZW5ndGg6IDQxMzA1DQpDb250ZW50LVR5cGU6IGFwcGxpY2F0aW9uL2pzb24NCkRhdGU6IFdlZCwgMDcgT2N0IDIwMjYgMDQ6Mzc6NTQgR01UDQpTZXJ2ZXItVGltaW5nOiBxdWV1ZTtkdXI9MC4wLCBleHRyYWN0O2R1cj0zMjkuMw0KWC1Db250ZW50LVR5cGUtT3B0aW9uczogbm9zbmlmZg0KDQo=
1791347875637621083,200,180784518,147209,0,,,,501,POST,http://proxy:8080/extract,Q29udGVudC1MZW5ndGg6IDQ1MzQ1DQpDb250ZW50LVR5cGU6IGFwcGxpY2F0aW9uL2pzb24NCkRhdGU6IFdlZCwgMDcgT2N0IDIwMjYgMDQ6Mzc6NTUgR01UDQpTZXJ2ZXItVGltaW5nOiBxdWV1ZTtkdXI9MC4wLCBleHRyYWN0O2R1cj02MS43DQpYLUNvbnRlbnQtVHlwZS1PcHRpb25zOiBub3NuaWZmDQoNCg==
1791347875777662896,200,62680515,93347,0,,,,508,POST,http://proxy:8080/extract,Q29udGVudC1MZW5ndGg6IDM2NjQNCkNvbnRlbnQtVHlwZTogYXBwbGljYXRpb24vanNvbg0KRGF0ZTogV2VkLCAwNyBPY3QgMjAyNiAwNDozNzo1NSBHTVQNClNlcnZlci1UaW1pbmc6IHF1ZXVlO2R1cj0wLjAsIGV4dHJhY3Q7ZHVyPTguOQ0KWC1Db250ZW50LVR5cGUtT3B0aW9uczogbm9zbmlmZg0KDQo=
1791347875716912461,200,144961680,147209,0,,,,505,POST,http://proxy:8080/extract,Q29udGVudC1MZW5ndGg6IDQ1MzQ1DQpDb250ZW50LVR5cGU6IGFwcGxpY2F0aW9uL2pzb24NCkRhdGU6IFdlZCwgMDcgT2N0IDIwMjYgMDQ6Mzc6NTUgR01UDQpTZXJ2ZXItVGltaW5nOiBxdWV1ZTtkdXI9MC4wLCBleHRyYWN0O2R1cj02MC41DQpYLUNvbnRlbnQtVHlwZS1PcHRpb25zOiBub3NuaWZmDQoNCg==
1791347875859456066,200,19686168,93347,0,,,,512,POST,http://proxy:8080/extract,Q29udGVudC1MZW5ndGg6IDM2NjQNCkNvbnRlbnQtVHlwZTogYXBwbGljYXRpb24vanNvbg0KRGF0ZTogV2VkLCAwNyBPY3QgMjAyNiAwNDozNzo1NSBHTVQNClNlcnZlci1UaW1pbmc6IHF1ZXVlO2R1cj0wLjAsIGV4dHJhY3Q7ZHVyPTE1LjUNClgtQ29udGVudC1UeXBlLU9wdGlvbnM6IG5vc25pZmYNCg0K
1791347875797329760,200,82864880,147209,0,,,,509,POST,http://proxy:8080/extract,Q29udGVudC1MZW5ndGg6IDQ1MzQ1DQpDb250ZW50LVR5cGU6IGFwcGxpY2F0aW9uL2pzb24NCkRhdGU6IFdlZCwgMDcgT2N0IDIwMjYgMDQ6Mzc6NTUgR01UDQpTZXJ2ZXItVGltaW5nOiBxdWV1ZTtkdXI9MC4wLCBleHRyYWN0O2R1cj02MS4yDQpYLUNvbnRlbnQtVHlwZS1PcHRpb25zOiBub3NuaWZmDQoNCg==
1791347875937474694,200,26847475,93347,0,,,,516,POST,http://proxy:8080/extract,Q29udGVudC1MZW5ndGg6IDM2NjQNCkNvbnRlbnQtVHlwZTogYXBwbGljYXRpb24vanNvbg0KRGF0ZTogV2VkLCAwNyBPY3QgMjAyNiAwNDozNzo1NSBHTVQNClNlcnZlci1UaW1pbmc6IHF1ZXVlO2R1cj0wLjAsIGV4dHJhY3Q7ZHVyPTYuMA0KWC1Db250ZW50LVR5cGUtT3B0aW9uczogbm9zbmlmZg0KDQo=
1791347875877078528,200,94725811,147209,0,,,,513,POST,http://proxy:8080/extract,Q29udGVudC1MZW5ndGg6IDQ1MzQ1DQpDb250ZW50LVR5cGU6IGFwcGxpY2F0aW9uL2pzb24NCkRhdGU6IFdlZCwgMDcgT2N0IDIwMjYgMDQ6Mzc6NTUgR01UDQpTZXJ2ZXItVGltaW5nOiBxdWV1ZTtkdXI9MC4wLCBleHRyYWN0O2R1cj03NC4zDQpYLUNvbnRlbnQtVHlwZS1PcHRpb25zOiBub3NuaWZmDQoNCg==
1791347868137635221,200,7894213014,736965,0,,,,126,POST,http://proxy:8080/extract,Q29udGVudC1MZW5ndGg6IDc5Mjg5NQ0KQ29udGVudC1UeXBlOiBhcHBsaWNhdGlvbi9qc29uDQpEYXRlOiBXZWQsIDA3IE9jdCAyMDI2IDA0OjM3OjU1IEdNVA0KU2VydmVyLVRpbWluZzogcXVldWU7ZHVyPTAuMCwgZXh0cmFjdDtkdXI9NTgzLjINClgtQ29udGVudC1UeXBlLU9wdGlvbnM6IG5vc25pZmYNCg0K
1791347868217096592,200,7819511878,736965,0,,,,130,POST,http://proxy:8080/extract,Q29udGVudC1MZW5ndGg6IDc5Mjg5NQ0KQ29udGVudC1UeXBlOiBhcHBsaWNhdGlvbi9qc29uDQpEYXRlOiBXZWQsIDA3IE9jdCAyMDI2IDA0OjM3OjU0IEdNVA0KU2VydmVyLVRpbWluZzogcXVldWU7ZHVyPTAuMCwgZXh0cmFjdDtkdXI9NTczLjENClgtQ29udGVudC1UeXBlLU9wdGlvbnM6IG5vc25pZmYNCg0K
1791347876024729137,200,19115155,93347,0,,,,520,POST,http://proxy:8080/extract,Q29udGVudC1MZW5ndGg6IDM2NjQNCkNvbnRlbnQtVHlwZTogYXBwbGljYXRpb24vanNvbg0KRGF0ZTogV2VkLCAwNyBPY3QgMjAyNiAwNDozNzo1NSBHTVQNClNlcnZlci1UaW1pbmc6IHF1ZXVlO2R1cj0wLjAsIGV4dHJhY3Q7ZHVyPTUuOQ0KWC1Db250ZW50LVR5cGUtT3B0aW9uczogbm9zbmlmZg0KDQo=
1791347876037706186,200,61127010,147209,0,,,,521,POST,http://proxy:8080/extract,Q29udGVudC1MZW5ndGg6IDQ1MzQ1DQpDb250ZW50LVR5cGU6IGFwcGxpY2F0aW9uL2pzb24NCkRhdGU6IFdlZCwgMDcgT2N0IDIwMjYgMDQ6Mzc6NTUgR01UDQpTZXJ2ZXItVGltaW5nOiBxdWV1ZTtkdXI9MC4wLCBleHRyYWN0O2R1cj01My40DQpYLUNvbnRlbnQtVHlwZS1PcHRpb25zOiBub3NuaWZmDQoNCg==
1791347875964644532,200,145439274,147209,0,,,,517,POST,http://proxy:8080/extract,Q29udGVudC1MZW5ndGg6IDQ1MzQ1DQpDb250ZW50LVR5cGU6IGFwcGxpY2F0aW9uL2pzb24NCkRhdGU6IFdlZCwgMDcgT2N0IDIwMjYgMDQ6Mzc6NTUgR01UDQpTZXJ2ZXItVGltaW5nOiBxdWV1ZTtkdXI9MC4wLCBleHRyYWN0O2R1cj03Ni4zDQpYLUNvbnRlbnQtVHlwZS1PcHRpb25zOiBub3NuaWZmDQoNCg==
1791347876100017728,200,31628814,93347,0,,,,524,POST,http://proxy:8080/extract,Q29udGVudC1MZW5ndGg6IDM2NjQNCkNvbnRlbnQtVHlwZTogYXBwbGljYXRpb24vanNvbg0KRGF0ZTogV2VkLCAwNyBPY3QgMjAyNiAwNDozNzo1NiBHTVQNClNlcnZlci1UaW1pbmc6IHF1ZXVlO2R1cj0wLjAsIGV4dHJhY3Q7ZHVyPTE5LjQNClgtQ29udGVudC1UeXBlLU9wdGlvbnM6IG5vc25pZmYNCg0K
1791347876117273418,200,91816139,147209,0,,,,525,POST,http://proxy:8080/extract,Q29udGVudC1MZW5ndGg6IDQ1MzQ1DQpDb250ZW50LVR5cGU6IGFwcGxpY2F0aW9uL2pzb24NCkRhdGU6IFdlZCwgMDcgT2N0IDIwMjYgMDQ6Mzc6NTYgR01UDQpTZXJ2ZXItVGltaW5nOiBxdWV1ZTtkdXI9MC4wLCBleHRyYWN0O2R1cj02OS44DQpYLUNvbnRlbnQtVHlwZS1PcHRpb25zOiBub3NuaWZmDQoNCg==
1791347876177414934,200,41257906,93347,0,,,,528,POST,http://proxy:8080/extract,Q29udGVudC1MZW5ndGg6IDM2NjQNCkNvbnRlbnQtVHlwZTogYXBwbGljYXRpb24vanNvbg0KRGF0ZTogV2VkLCAwNyBPY3QgMjAyNiAwNDozNzo1NiBHTVQNClNlcnZlci1UaW1pbmc6IHF1ZXVlO2R1cj0wLjAsIGV4dHJhY3Q7ZHVyPTkuMw0KWC1Db250ZW50LVR5cGUtT3B0aW9uczogbm9zbmlmZg0KDQo=
1791347868242635372,200,8010947127,10063439,0,,,,131,POST,http://proxy:8080/extract,Q29udGVudC1MZW5ndGg6IDQxMzA1DQpDb250ZW50LVR5cGU6IGFwcGxpY2F0aW9uL2pzb24NCkRhdGU6IFdlZCwgMDcgT2N0IDIwMjYgMDQ6Mzc6NTUgR01UDQpTZXJ2ZXItVGltaW5nOiBxdWV1ZTtkdXI9MC4xLCBleHRyYWN0O2R1cj0zODMuMA0KWC1Db250ZW50LVR5cGUtT3B0aW9uczogbm9zbmlmZg0KDQo=
1791347876196923967,200,96066674,147209,0,,,,529,POST,http://proxy:8080/extract,Q29udGVudC1MZW5ndGg6IDQ1MzQ1DQpDb250ZW50LVR5cGU6IGFwcGxpY2F0aW9uL2pzb24NCkRhdGU6IFdlZCwgMDcgT2N0IDIwMjYgMDQ6Mzc6NTYgR01UDQpTZXJ2ZXItVGltaW5nOiBxdWV1ZTtkdXI9MC4wLCBleHRyYWN0O2R1cj03Mi40DQpYLUNvbnRlbnQtVHlwZS1PcHRpb25zOiBub3NuaWZmDQoNCg==
1791347876257450458,200,50319187,93347,0,,,,532,POST,http://proxy:8080/extract,Q29udGVudC1MZW5ndGg6IDM2NjQNCkNvbnRlbnQtVHlwZTogYXBwbGljYXRpb24vanNvbg0KRGF0ZTogV2VkLCAwNyBPY3QgMjAyNiAwNDozNzo1NiBHTVQNClNlcnZlci1UaW1pbmc6IHF1ZXVlO2R1cj0wLjAsIGV4dHJhY3Q7ZHVyPTExLjkNClgtQ29udGVudC1UeXBlLU9wdGlvbnM6IG5vc25pZmYNCg0K
1791347876288188297,200,111046817,147209,0,,,,533,POST,http://proxy:8080/extract,Q29udGVudC1MZW5ndGg6IDQ1MzQ1DQpDb250ZW50LVR5cGU6IGFwcGxpY2F0aW9uL2pzb24NCkRhdGU6IFdlZCwgMDcgT2N0IDIwMjYgMDQ6Mzc6NTYgR01UDQpTZXJ2ZXItVGltaW5nOiBxdWV1ZTtkdXI9MC4wLCBleHRyYWN0O2R1cj03NC4yDQpYLUNvbnRlbnQtVHlwZS1PcHRpb25zOiBub3NuaWZmDQoNCg==
1791347868325442952,200,8077472185,10063439,0,,,,135,POST,http://proxy:8080/extract,Q29udGVudC1MZW5ndGg6IDQxMzA1DQpDb250ZW50LVR5cGU6IGFwcGxpY2F0aW9uL2pzb24NCkRhdGU6IFdlZCwgMDcgT2N0IDIwMjYgMDQ6Mzc6NTUgR01UDQpTZXJ2ZXItVGltaW5nOiBxdWV1ZTtkdXI9MC4wLCBleHRyYWN0O2R1cj00MDMuNg0KWC1Db250ZW50LVR5cGUtT3B0aW9uczogbm9zbmlmZg0KDQo=
1791347876337165020,200,88649316,93347,0,,,,536,POST,http://proxy:8080/extract,Q29udGVudC1MZW5ndGg6IDM2NjQNCkNvbnRlbnQtVHlwZTogYXBwbGljYXRpb24vanNvbg0KRGF0ZTogV2VkLCAwNyBPY3QgMjAyNiAwNDozNzo1NiBHTVQNClNlcnZlci1UaW1pbmc6IHF1ZXVlO2R1cj0wLjAsIGV4dHJhY3Q7ZHVyPTE3LjENClgtQ29udGVudC1UeXBlLU9wdGlvbnM6IG5vc25pZmYNCg0K
1791347868297038537,200,8162093545,736965,0,,,,134,POST,http://proxy:8080/extract,Q29udGVudC1MZW5ndGg6IDc5Mjg5NQ0KQ29udGVudC1UeXBlOiBhcHBsaWNhdGlvbi9qc29uDQpEYXRlOiBXZWQsIDA3IE9jdCAyMDI2IDA0OjM3OjU1IEdNVA0KU2VydmVyLVRpbWluZzogcXVldWU7ZHVyPTAuMCwgZXh0cmFjdDtkdXI9NTQ0LjcNClgtQ29udGVudC1UeXBlLU9wdGlvbnM6IG5vc25pZmYNCg0K
1791347876357514018,200,107438008,147209,0,,,,537,POST,http://proxy:8080/extract,Q29udGVudC1MZW5ndGg6IDQ1MzQ1DQpDb250ZW50LVR5cGU6IGFwcGxpY2F0aW9uL2pzb24NCkRhdGU6IFdlZCwgMDcgT2N0IDIwMjYgMDQ6Mzc6NTYgR01UDQpTZXJ2ZXItVGltaW5nOiBxdWV1ZTtkdXI9MC4wLCBleHRyYWN0O2R1cj02MC4yDQpYLUNvbnRlbnQtVHlwZS1PcHRpb25zOiBub3NuaWZmDQoNCg==
1791347876425730220,200,54075624,93347,0,,,,540,POST,http://proxy:8080/extract,Q29udGVudC1MZW5ndGg6IDM2NjQNCkNvbnRlbnQtVHlwZTogYXBwbGljYXRpb24vanNvbg0KRGF0ZTogV2VkLCAwNyBPY3QgMjAyNiAwNDozNzo1NSBHTVQNClNlcnZlci1UaW1pbmc6IHF1ZXVlO2R1cj0wLjAsIGV4dHJhY3Q7ZHVyPTExLjQNClgtQ29udGVudC1UeXBlLU9wdGlvbnM6IG5vc25pZmYNCg0K
1791347876437062546,200,84963993,147209,0,,,,541,POST,http://proxy:8080/extract,Q29udGVudC1MZW5ndGg6IDQ1MzQ1DQpDb250ZW50LVR5cGU6IGFwcGxpY2F0aW9uL2pzb24NCkRhdGU6IFdlZCwgMDcgT2N0IDIwMjYgMDQ6Mzc6NTYgR01UDQpTZXJ2ZXItVGltaW5nOiBxdWV1ZTtkdXI9MC4wLCBleHRyYWN0O2R1cj01My40DQpYLUNvbnRlbnQtVHlwZS1PcHRpb25zOiBub3NuaWZmDQoNCg==
1791347876500656040,200,74204279,93347,0,,,,544,POST,http://proxy:8080/extract,Q29udGVudC1MZW5ndGg6IDM2NjQNCkNvbnRlbnQtVHlwZTogYXBwbGljYXRpb24vanNvbg0KRGF0ZTogV2VkLCAwNyBPY3QgMjAyNiAwNDozNzo1NiBHTVQNClNlcnZlci1UaW1pbmc6IHF1ZXVlO2R1cj0wLjAsIGV4dHJhY3Q7ZHVyPTMwLjMNClgtQ29udGVudC1UeXBlLU9wdGlvbnM6IG5vc25pZmYNCg0K
1791347868397419186,200,8242449505,10063439,0,,,,139,POST,http://proxy:8080/extract,Q29udGVudC1MZW5ndGg6IDQxMzA1DQpDb250ZW50LVR5cGU6IGFwcGxpY2F0aW9uL2pzb24NCkRhdGU6IFdlZCwgMDcgT2N0IDIwMjYgMDQ6Mzc6NTUgR01UDQpTZXJ2ZXItVGltaW5nOiBxdWV1ZTtkdXI9MC4wLCBleHRyYWN0O2R1cj0zNDIuOA0KWC1Db250ZW50LVR5cGUtT3B0aW9uczogbm9zbmlmZg0KDQo=
1791347876577205180,200,74748085,93347,0,,,,548,POST,http://proxy:8080/extract,Q29udGVudC1MZW5ndGg6IDM2NjQNCkNvbnRlbnQtVHlwZTogYXBwbGljYXRpb24vanNvbg0KRGF0ZTogV2VkLCAwNyBPY3QgMjAyNiAwNDozNzo1NSBHTVQNClNlcnZlci1UaW1pbmc6IHF1ZXVlO2R1cj0wLjAsIGV4dHJhY3Q7ZHVyPTkuNQ0KWC1Db250ZW50LVR5cGUtT3B0aW9uczogbm9zbmlmZg0KDQo=
1791347868379174914,200,8305297840,736965,0,,,,138,POST,http://proxy:8080/extract,Q29udGVudC1MZW5ndGg6IDc5Mjg5NQ0KQ29udGVudC1UeXBlOiBhcHBsaWNhdGlvbi9qc29uDQpEYXRlOiBXZWQsIDA3IE9jdCAyMDI2IDA0OjM3OjU1IEdNVA0KU2VydmVyLVRpbWluZzogcXVldWU7ZHVyPTAuMCwgZXh0cmFjdDtkdXI9NTI1LjQNClgtQ29udGVudC1UeXBlLU9wdGlvbnM6IG5vc25pZmYNCg0K
1791347876518305408,200,169648530,147209,0,,,,545,POST,http://proxy:8080/extract,Q29udGVudC1MZW5ndGg6IDQ1MzQ1DQpDb250ZW50LVR5cGU6IGFwcGxpY2F0aW9uL2pzb24NCkRhdGU6IFdlZCwgMDcgT2N0IDIwMjYgMDQ6Mzc6NTYgR01UDQpTZXJ2ZXItVGltaW5nOiBxdWV1ZTtkdXI9MC4wLCBleHRyYWN0O2R1cj0xMTEuNQ0KWC1Db250ZW50LVR5cGUtT3B0aW9uczogbm9zbmlmZg0KDQo=
1791347876668034825,200,36069186,93347,0,,,,552,POST,http://proxy:8080/extract,Q29udGVudC1MZW5ndGg6IDM2NjQNCkNvbnRlbnQtVHlwZTogYXBwbGljYXRpb24vanNvbg0KRGF0ZTogV2VkLCAwNyBPY3QgMjAyNiAwNDozNzo1NSBHTVQNClNlcnZlci1UaW1pbmc6IHF1ZXVlO2R1cj0wLjAsIGV4dHJhY3Q7ZHVyPTIxLjANClgtQ29udGVudC1UeXBlLU9wdGlvbnM6IG5vc25pZmYNCg0K
1791347876606038744,200,101539549,147209,0,,,,549,POST,http://proxy:8080/extract,Q29udGVudC1MZW5ndGg6IDQ1MzQ1DQpDb250ZW50LVR5cGU6IGFwcGxpY2F0aW9uL2pzb24NCkRhdGU6IFdlZCwgMDcgT2N0IDIwMjYgMDQ6Mzc6NTUgR01UDQpTZXJ2ZXItVGltaW5nOiBxdWV1ZTtkdXI9MC4wLCBleHRyYWN0O2R1cj00OC42DQpYLUNvbnRlbnQtVHlwZS1PcHRpb25zOiBub3NuaWZmDQoNCg==
1791347876684208202,200,99159782,147209,0,,,,553,POST,http://proxy:8080/extract,Q29udGVudC1MZW5ndGg6IDQ1MzQ1DQpDb250ZW50LVR5cGU6IGFwcGxpY2F0aW9uL2pzb24NCkRhdGU6IFdlZCwgMDcgT2N0IDIwMjYgMDQ6Mzc6NTYgR01UDQpTZXJ2ZXItVGltaW5nOiBxdWV1ZTtkdXI9MC4wLCBleHRyYWN0O2R1cj05My44DQpYLUNvbnRlbnQtVHlwZS1PcHRpb25zOiBub3NuaWZmDQoNCg==
1791347868477641873,200,8322424791,10063439,0,,,,143,POST,http://proxy:8080/extract,Q29udGVudC1MZW5ndGg6IDQxMzA1DQpDb250ZW50LVR5cGU6IGFwcGxpY2F0aW9uL2pzb24NCkRhdGU6IFdlZCwgMDcgT2N0IDIwMjYgMDQ6Mzc6NTUgR01UDQpTZXJ2ZXItVGltaW5nOiBxdWV1ZTtkdXI9MC4wLCBleHRyYWN0O2R1cj0yNTkuNw0KWC1Db250ZW50LVR5cGUtT3B0aW9uczogbm9zbmlmZg0KDQo=
1791347876737763124,200,68249308,93347,0,,,,556,POST,http://proxy:8080/extract,Q29udGVudC1MZW5ndGg6IDM2NjQNCkNvbnRlbnQtVHlwZTogYXBwbGljYXRpb24vanNvbg0KRGF0ZTogV2VkLCAwNyBPY3QgMjAyNiAwNDozNzo1NiBHTVQNClNlcnZlci1UaW1pbmc6IHF1ZXVlO2R1cj0wLjAsIGV4dHJhY3Q7ZHVyPTEzLjgNClgtQ29udGVudC1UeXBlLU9wdGlvbnM6IG5vc25pZmYNCg0K
1791347876756897783,200,108142546,147209,0,,,,557,POST,http://proxy:8080/extract,Q29udGVudC1MZW5ndGg6IDQ1MzQ1DQpDb250ZW50LVR5cGU6IGFwcGxpY2F0aW9uL2pzb24NCkRhdGU6IFdlZCwgMDcgT2N0IDIwMjYgMDQ6Mzc6NTYgR01UDQpTZXJ2ZXItVGltaW5nOiBxdWV1ZTtkdXI9MC4wLCBleHRyYWN0O2R1cj01My42DQpYLUNvbnRlbnQtVHlwZS1PcHRpb25zOiBub3NuaWZmDQoNCg==
1791347876817797148,200,68956647,93347,0,,,,560,POST,http://proxy:8080/extract,Q29udGVudC1MZW5ndGg6IDM2NjQNCkNvbnRlbnQtVHlwZTogYXBwbGljYXRpb24vanNvbg0KRGF0ZTogV2VkLCAwNyBPY3QgMjAyNiAwNDozNzo1NiBHTVQNClNlcnZlci1UaW1pbmc6IHF1ZXVlO2R1cj0wLjAsIGV4dHJhY3Q7ZHVyPTI1LjkNClgtQ29udGVudC1UeXBlLU9wdGlvbnM6IG5vc25pZmYNCg0K
1791347876864420508,200,106810884,147209,0,,,,561,POST,http://proxy:8080/extract,Q29udGVudC1MZW5ndGg6IDQ1MzQ1DQpDb250ZW50LVR5cGU6IGFwcGxpY2F0aW9uL2pzb24NCkRhdGU6IFdlZCwgMDcgT2N0IDIwMjYgMDQ6Mzc6NTYgR01UDQpTZXJ2ZXItVGltaW5nOiBxdWV1ZTtkdXI9MC4wLCBleHRyYWN0O2R1cj04Mi4zDQpYLUNvbnRlbnQtVHlwZS1PcHRpb25zOiBub3NuaWZmDQoNCg==
1791347876901359965,200,82221054,93347,0,,,,564,POST,http://proxy:8080/extract,Q29udGVudC1MZW5ndGg6IDM2NjQNCkNvbnRlbnQtVHlwZTogYXBwbGljYXRpb24vanNvbg0KRGF0ZTogV2VkLCAwNyBPY3QgMjAyNiAwNDozNzo1NiBHTVQNClNlcnZlci1UaW1pbmc6IHF1ZXVlO2R1cj0wLjAsIGV4dHJhY3Q7ZHVyPTExLjQNClgtQ29udGVudC1UeXBlLU9wdGlvbnM6IG5vc25pZmYNCg0K
1791347876927833866,200,105072644,147209,0,,,,565,POST,http://proxy:8080/extract,Q29udGVudC1MZW5ndGg6IDQ1MzQ1DQpDb250ZW50LVR5cGU6IGFwcGxpY2F0aW9uL2pzb24NCkRhdGU6IFdlZCwgMDcgT2N0IDIwMjYgMDQ6Mzc6NTYgR01UDQpTZXJ2ZXItVGltaW5nOiBxdWV1ZTtkdXI9MC4wLCBleHRyYWN0O2R1cj00Mi4xDQpYLUNvbnRlbnQtVHlwZS1PcHRpb25zOiBub3NuaWZmDQoNCg==
1791347876977606545,200,66791422,93347,0,,,,568,POST,http://proxy:8080/extract,Q29udGVudC1MZW5ndGg6IDM2NjQNCkNvbnRlbnQtVHlwZTogYXBwbGljYXRpb24vanNvbg0KRGF0ZTogV2VkLCAwNyBPY3QgMjAyNiAwNDozNzo1NiBHTVQNClNlcnZlci1UaW1pbmc6IHF1ZXVlO2R1cj0wLjAsIGV4dHJhY3Q7ZHVyPTE1LjYNClgtQ29udGVudC1UeXBlLU9wdGlvbnM6IG5vc25pZmYNCg0K
1791347876997543862,200,87601411,147209,0,,,,569,POST,http://proxy:8080/extract,Q29udGVudC1MZW5ndGg6IDQ1MzQ1DQpDb250ZW50LVR5cGU6IGFwcGxpY2F0aW9uL2pzb24NCkRhdGU6IFdlZCwgMDcgT2N0IDIwMjYgMDQ6Mzc6NTYgR01UDQpTZXJ2ZXItVGltaW5nOiBxdWV1ZTtkdXI9MC4wLCBleHRyYWN0O2R1cj0zOS42DQpYLUNvbnRlbnQtVHlwZS1PcHRpb25zOiBub3NuaWZmDQoNCg==
1791347877061447317,200,41597272,93347,0,,,,572,POST,http://proxy:8080/extract,Q29udGVudC1MZW5ndGg6IDM2NjQNCkNvbnRlbnQtVHlwZTogYXBwbGljYXRpb24vanNvbg0KRGF0ZTogV2VkLCAwNyBPY3QgMjAyNiAwNDozNzo1NiBHTVQNClNlcnZlci1UaW1pbmc6IHF1ZXVlO2R1cj0wLjAsIGV4dHJhY3Q7ZHVyPTkuOA0KWC1Db250ZW50LVR5cGUtT3B0aW9uczogbm9zbmlmZg0KDQo=
1791347868557601519,200,8618060337,10063439,0,,,,147,POST,http://proxy:8080/extract,Q29udGVudC1MZW5ndGg6IDQxMzA1DQpDb250ZW50LVR5cGU6IGFwcGxpY2F0aW9uL2pzb24NCkRhdGU6IFdlZCwgMDcgT2N0IDIwMjYgMDQ6Mzc6NTUgR01UDQpTZXJ2ZXItVGltaW5nOiBxdWV1ZTtkdXI9MC4wLCBleHRyYWN0O2R1cj00MDEuMA0KWC1Db250ZW50LVR5cGUtT3B0aW9uczogbm9zbmlmZg0KDQo=
1791347877137572673,200,55335572,93347,0,,,,576,POST,http://proxy:8080/extract,Q29udGVudC1MZW5ndGg6IDM2NjQNCkNvbnRlbnQtVHlwZTogYXBwbGljYXRpb24vanNvbg0KRGF0ZTogV2VkLCAwNyBPY3QgMjAyNiAwNDozNzo1NiBHTVQNClNlcnZlci1UaW1pbmc6IHF1ZXVlO2R1cj0wLjAsIGV4dHJhY3Q7ZHVyPTE2LjENClgtQ29udGVudC1UeXBlLU9wdGlvbnM6IG5vc25pZmYNCg0K
1791347877077856341,200,118126408,147209,0,,,,573,POST,http://proxy:8080/extract,Q29udGVudC1MZW5ndGg6IDQ1MzQ1DQpDb250ZW50LVR5cGU6IGFwcGxpY2F0aW9uL2pzb24NCkRhdGU6IFdlZCwgMDcgT2N0IDIwMjYgMDQ6Mzc6NTYgR01UDQpTZXJ2ZXItVGltaW5nOiBxdWV1ZTtkdXI9MC4wLCBleHRyYWN0O2R1cj04MS4wDQpYLUNvbnRlbnQtVHlwZS1PcHRpb25zOiBub3NuaWZmDQoNCg==
1791347877157093708,200,110052122,147209,0,,,,577,POST,http://proxy:8080/extract,Q29udGVudC1MZW5ndGg6IDQ1MzQ1DQpDb250ZW50LVR5cGU6IGFwcGxpY2F0aW9uL2pzb24NCkRhdGU6IFdlZCwgMDcgT2N0IDIwMjYgMDQ6Mzc6NTYgR01UDQpTZXJ2ZXItVGltaW5nOiBxdWV1ZTtkdXI9MC4wLCBleHRyYWN0O2R1cj03Mi4yDQpYLUNvbnRlbnQtVHlwZS1PcHRpb25zOiBub3NuaWZmDQoNCg==
1791347877216841847,200,61278839,93347,0,,,,580,POST,http://proxy:8080/extract,Q29udGVudC1MZW5ndGg6IDM2NjQNCkNvbnRlbnQtVHlwZTogYXBwbGljYXRpb24vanNvbg0KRGF0ZTogV2VkLCAwNyBPY3QgMjAyNiAwNDozNzo1NiBHTVQNClNlcnZlci1UaW1pbmc6IHF1ZXVlO2R1cj0wLjAsIGV4dHJhY3Q7ZHVyPTcuNA0KWC1Db250ZW50LVR5cGUtT3B0aW9uczogbm9zbmlmZg0KDQo=
1791347868639866116,200,8680527175,10063439,0,,,,151,POST,http://proxy:8080/extract,Q29udGVudC1MZW5ndGg6IDQxMzA1DQpDb250ZW50LVR5cGU6IGFwcGxpY2F0aW9uL2pzb24NCkRhdGU6IFdlZCwgMDcgT2N0IDIwMjYgMDQ6Mzc6NTYgR01UDQpTZXJ2ZXItVGltaW5nOiBxdWV1ZTtkdXI9MC4wLCBleHRyYWN0O2R1cj00MjQuMg0KWC1Db250ZW50LVR5cGUtT3B0aW9uczogbm9zbmlmZg0KDQo=
1791347877298101011,200,68497058,93347,0,,,,584,POST,http://proxy:8080/extract,Q29udGVudC1MZW5ndGg6IDM2NjQNCkNvbnRlbnQtVHlwZTogYXBwbGljYXRpb24vanNvbg0KRGF0ZTogV2VkLCAwNyBPY3QgMjAyNiAwNDozNzo1NyBHTVQNClNlcnZlci1UaW1pbmc6IHF1ZXVlO2R1cj0wLjAsIGV4dHJhY3Q7ZHVyPTM1LjgNClgtQ29udGVudC1UeXBlLU9wdGlvbnM6IG5vc25pZmYNCg0K
1791347877239465692,200,127508751,147209,0,,,,581,POST,http://proxy:8080/extract,Q29udGVudC1MZW5ndGg6IDQ1MzQ1DQpDb250ZW50LVR5cGU6IGFwcGxpY2F0aW9uL2pzb24NCkRhdGU6IFdlZCwgMDcgT2N0IDIwMjYgMDQ6Mzc6NTYgR01UDQpTZXJ2ZXItVGltaW5nOiBxdWV1ZTtkdXI9MC4yLCBleHRyYWN0O2R1cj03Mi40DQpYLUNvbnRlbnQtVHlwZS1PcHRpb25zOiBub3NuaWZmDQoNCg==
1791347868538553926,200,8833962606,736965,0,,,,146,POST,http://proxy:8080/extract,Q29udGVudC1MZW5ndGg6IDc5Mjg5NQ0KQ29udGVudC1UeXBlOiBhcHBsaWNhdGlvbi9qc29uDQpEYXRlOiBXZWQsIDA3IE9jdCAyMDI2IDA0OjM3OjU1IEdNVA0KU2VydmVyLVRpbWluZzogcXVldWU7ZHVyPTAuMCwgZXh0cmFjdDtkdXI9NjQ2LjENClgtQ29udGVudC1UeXBlLU9wdGlvbnM6IG5vc25pZmYNCg0K
1791347868457599528,200,8972775571,736965,0,,,,142,POST,http://proxy:8080/extract,Q29udGVudC1MZW5ndGg6IDc5Mjg5NQ0KQ29udGVudC1UeXBlOiBhcHBsaWNhdGlvbi9qc29uDQpEYXRlOiBXZWQsIDA3IE9jdCAyMDI2IDA0OjM3OjU2IEdNVA0KU2VydmVyLVRpbWluZzogcXVldWU7ZHVyPTAuMCwgZXh0cmFjdDtkdXI9OTkxLjkNClgtQ29udGVudC1UeXBlLU9wdGlvbnM6IG5vc25pZmYNCg0K
1791347877319954705,200,111164740,147209,0,,,,585,POST,http://proxy:8080/extract,Q29udGVudC1MZW5ndGg6IDQ1MzQ1DQpDb250ZW50LVR5cGU6IGFwcGxpY2F0aW9uL2pzb24NCkRhdGU6IFdlZCwgMDcgT2N0IDIwMjYgMDQ6Mzc6NTYgR01UDQpTZXJ2ZXItVGltaW5nOiBxdWV1ZTtkdXI9MC4wLCBleHRyYWN0O2R1cj01MC45DQpYLUNvbnRlbnQtVHlwZS1PcHRpb25zOiBub3NuaWZmDQoNCg==
1791347877376991411,200,88331154,93347,0,,,,588,POST,http://proxy:8080/extract,Q29udGVudC1MZW5ndGg6IDM2NjQNCkNvbnRlbnQtVHlwZTogYXBwbGljYXRpb24vanNvbg0KRGF0ZTogV2VkLCAwNyBPY3QgMjAyNiAwNDozNzo1NyBHTVQNClNlcnZlci1UaW1pbmc6IHF1ZXVlO2R1cj0wLjAsIGV4dHJhY3Q7ZHVyPTMwLjANClgtQ29udGVudC1UeXBlLU9wdGlvbnM6IG5vc25pZmYNCg0K
1791347877460609039,200,18130062,93347,0,,,,592,POST,http://proxy:8080/extract,Q29udGVudC1MZW5ndGg6IDM2NjQNCkNvbnRlbnQtVHlwZTogYXBwbGljYXRpb24vanNvbg0KRGF0ZTogV2VkLCAwNyBPY3QgMjAyNiAwNDozNzo1NyBHTVQNClNlcnZlci1UaW1pbmc6IHF1ZXVlO2R1cj0wLjAsIGV4dHJhY3Q7ZHVyPTUuOQ0KWC1Db250ZW50LVR5cGUtT3B0aW9uczogbm9zbmlmZg0KDQo=
1791347877398204678,200,98330019,147209,0,,,,589,POST,http://proxy:8080/extract,Q29udGVudC1MZW5ndGg6IDQ1MzQ1DQpDb250ZW50LVR5cGU6IGFwcGxpY2F0aW9uL2pzb24NCkRhdGU6IFdlZCwgMDcgT2N0IDIwMjYgMDQ6Mzc6NTYgR01UDQpTZXJ2ZXItVGltaW5nOiBxdWV1ZTtkdXI9MC4wLCBleHRyYWN0O2R1cj00NS43DQpYLUNvbnRlbnQtVHlwZS1PcHRpb25zOiBub3NuaWZmDQoNCg==
1791347877483116861,200,60135514,147209,0,,,,593,POST,http://proxy:8080/extract,Q29udGVudC1MZW5ndGg6IDQ1MzQ1DQpDb250ZW50LVR5cGU6IGFwcGxpY2F0aW9uL2pzb24NCkRhdGU6IFdlZCwgMDcgT2N0IDIwMjYgMDQ6Mzc6NTYgR01UDQpTZXJ2ZXItVGltaW5nOiBxdWV1ZTtkdXI9MC4wLCBleHRyYWN0O2R1cj00NS4wDQpYLUNvbnRlbnQtVHlwZS1PcHRpb25zOiBub3NuaWZmDQoNCg==
1791347868725710757,200,9065135562,10063439,0,,,,155,POST,http://proxy:8080/extract,Q29udGVudC1MZW5ndGg6IDQxMzA1DQpDb250ZW50LVR5cGU6IGFwcGxpY2F0aW9uL2pzb24NCkRhdGU6IFdlZCwgMDcgT2N0IDIwMjYgMDQ6Mzc6NTcgR01UDQpTZXJ2ZXItVGltaW5nOiBxdWV1ZTtkdXI9MC4wLCBleHRyYWN0O2R1cj0yOTguNA0KWC1Db250ZW50LVR5cGUtT3B0aW9uczogbm9zbmlmZg0KDQo=
1791347877543291483,200,271852610,93347,0,,,,596,POST,http://proxy:8080/extract,Q29udGVudC1MZW5ndGg6IDM2NjQNCkNvbnRlbnQtVHlwZTogYXBwbGljYXRpb24vanNvbg0KRGF0ZTogV2VkLCAwNyBPY3QgMjAyNiAwNDozNzo1NyBHTVQNClNlcnZlci1UaW1pbmc6IHF1ZXVlO2R1cj0wLjAsIGV4dHJhY3Q7ZHVyPTMyLjINClgtQ29udGVudC1UeXBlLU9wdGlvbnM6IG5vc25pZmYNCg0K
1791347877566046354,200,332220370,147209,0,,,,597,POST,http://proxy:8080/extract,Q29udGVudC1MZW5ndGg6IDQ1MzQ1DQpDb250ZW50LVR5cGU6IGFwcGxpY2F0aW9uL2pzb24NCkRhdGU6IFdlZCwgMDcgT2N0IDIwMjYgMDQ6Mzc6NTcgR01UDQpTZXJ2ZXItVGltaW5nOiBxdWV1ZTtkdXI9MC4wLCBleHRyYWN0O2R1cj04MS40DQpYLUNvbnRlbnQtVHlwZS1PcHRpb25zOiBub3NuaWZmDQoNCg==
1791347877617770116,200,298565858,93347,0,,,,600,POST,http://proxy:8080/extract,Q29udGVudC1MZW5ndGg6IDM2NjQNCkNvbnRlbnQtVHlwZTogYXBwbGljYXRpb24vanNvbg0KRGF0ZTogV2VkLCAwNyBPY3QgMjAyNiAwNDozNzo1NyBHTVQNClNlcnZlci1UaW1pbmc6IHF1ZXVlO2R1cj0wLjAsIGV4dHJhY3Q7ZHVyPTE2LjQNClgtQ29udGVudC1UeXBlLU9wdGlvbnM6IG5vc25pZmYNCg0K
1791347868800132763,200,9171940461,10063439,0,,,,159,POST,http://proxy:8080/extract,Q29udGVudC1MZW5ndGg6IDQxMzA1DQpDb250ZW50LVR5cGU6IGFwcGxpY2F0aW9uL2pzb24NCkRhdGU6IFdlZCwgMDcgT2N0IDIwMjYgMDQ6Mzc6NTYgR01UDQpTZXJ2ZXItVGltaW5nOiBxdWV1ZTtkdXI9MC4wLCBleHRyYWN0O2R1cj0zNzQuNg0KWC1Db250ZW50LVR5cGUtT3B0aW9uczogbm9zbmlmZg0KDQo=
1791347877636864567,200,341593612,147209,0,,,,601,POST,http://proxy:8080/extract,Q29udGVudC1MZW5ndGg6IDQ1MzQ1DQpDb250ZW50LVR5cGU6IGFwcGxpY2F0aW9uL2pzb24NCkRhdGU6IFdlZCwgMDcgT2N0IDIwMjYgMDQ6Mzc6NTcgR01UDQpTZXJ2ZXItVGltaW5nOiBxdWV1ZTtkdXI9MC40LCBleHRyYWN0O2R1cj01OC4zDQpYLUNvbnRlbnQtVHlwZS1PcHRpb25zOiBub3NuaWZmDQoNCg==
1791347877696928468,200,346272130,93347,0,,,,604,POST,http://proxy:8080/extract,Q29udGVudC1MZW5ndGg6IDM2NjQNCkNvbnRlbnQtVHlwZTogYXBwbGljYXRpb24vanNvbg0KRGF0ZTogV2VkLCAwNyBPY3QgMjAyNiAwNDozNzo1NyBHTVQNClNlcnZlci1UaW1pbmc6IHF1ZXVlO2R1cj0wLjAsIGV4dHJhY3Q7ZHVyPTY2LjMNClgtQ29udGVudC1UeXBlLU9wdGlvbnM6IG5vc25pZmYNCg0K
1791347877779330857,200,278394495,93347,0,,,,608,POST,http://proxy:8080/extract,Q29udGVudC1MZW5ndGg6IDM2NjQNCkNvbnRlbnQtVHlwZTogYXBwbGljYXRpb24vanNvbg0KRGF0ZTogV2VkLCAwNyBPY3QgMjAyNiAwNDozNzo1NyBHTVQNClNlcnZlci1UaW1pbmc6IHF1ZXVlO2R1cj0wLjAsIGV4dHJhY3Q7ZHVyPTEyLjkNClgtQ29udGVudC1UeXBlLU9wdGlvbnM6IG5vc25pZmYNCg0K
1791347877717501510,200,340917078,147209,0,,,,605,POST,http://proxy:8080/extract,Q29udGVudC1MZW5ndGg6IDQ1MzQ1DQpDb250ZW50LVR5cGU6IGFwcGxpY2F0aW9uL2pzb24NCkRhdGU6IFdlZCwgMDcgT2N0IDIwMjYgMDQ6Mzc6NTcgR01UDQpTZXJ2ZXItVGltaW5nOiBxdWV1ZTtkdXI9MC4wLCBleHRyYWN0O2R1cj03MC4zDQpYLUNvbnRlbnQtVHlwZS1PcHRpb25zOiBub3NuaWZmDQoNCg==
1791347877860851273,200,238618881,93347,0,,,,612,POST,http://proxy:8080/extract,Q29udGVudC1MZW5ndGg6IDM2NjQNCkNvbnRlbnQtVHlwZTogYXBwbGljYXRpb24vanNvbg0KRGF0ZTogV2VkLCAwNyBPY3QgMjAyNiAwNDozNzo1OCBHTVQNClNlcnZlci1UaW1pbmc6IHF1ZXVlO2R1cj0wLjAsIGV4dHJhY3Q7ZHVyPTE0LjgNClgtQ29udGVudC1UeXBlLU9wdGlvbnM6IG5vc25pZmYNCg0K
1791347877804089321,200,296151684,147209,0,,,,609,POST,http://proxy:8080/extract,Q29udGVudC1MZW5ndGg6IDQ1MzQ1DQpDb250ZW50LVR5cGU6IGFwcGxpY2F0aW9uL2pzb24NCkRhdGU6IFdlZCwgMDcgT2N0IDIwMjYgMDQ6Mzc6NTcgR01UDQpTZXJ2ZXItVGltaW5nOiBxdWV1ZTtkdXI9MC4wLCBleHRyYWN0O2R1cj0zNi40DQpYLUNvbnRlbnQtVHlwZS1PcHRpb25zOiBub3NuaWZmDQoNCg==
1791347877936921518,200,191104946,93347,0,,,,616,POST,http://proxy:8080/extract,Q29udGVudC1MZW5ndGg6IDM2NjQNCkNvbnRlbnQtVHlwZTogYXBwbGljYXRpb24vanNvbg0KRGF0ZTogV2VkLCAwNyBPY3QgMjAyNiAwNDozNzo1OCBHTVQNClNlcnZlci1UaW1pbmc6IHF1ZXVlO2R1cj0wLjAsIGV4dHJhY3Q7ZHVyPTE4LjMNClgtQ29udGVudC1UeXBlLU9wdGlvbnM6IG5vc25pZmYNCg0K
1791347877965029941,200,224224352,147209,0,,,,617,POST,http://proxy:8080/extract,Q29udGVudC1MZW5ndGg6IDQ1MzQ1DQpDb250ZW50LVR5cGU6IGFwcGxpY2F0aW9uL2pzb24NCkRhdGU6IFdlZCwgMDcgT2N0IDIwMjYgMDQ6Mzc6NTggR01UDQpTZXJ2ZXItVGltaW5nOiBxdWV1ZTtkdXI9MC4wLCBleHRyYWN0O2R1cj00MC43DQpYLUNvbnRlbnQtVHlwZS1PcHRpb25zOiBub3NuaWZmDQoNCg==
1791347878016912334,200,191895301,93347,0,,,,620,POST,http://proxy:8080/extract,Q29udGVudC1MZW5ndGg6IDM2NjQNCkNvbnRlbnQtVHlwZTogYXBwbGljYXRpb24vanNvbg0KRGF0ZTogV2VkLCAwNyBPY3QgMjAyNiAwNDozNzo1OCBHTVQNClNlcnZlci1UaW1pbmc6IHF1ZXVlO2R1cj0wLjEsIGV4dHJhY3Q7ZHVyPTExLjgNClgtQ29udGVudC1UeXBlLU9wdGlvbnM6IG5vc25pZmYNCg0K
1791347878041820927,200,221456709,147209,0,,,,621,POST,http://proxy:8080/extract,Q29udGVudC1MZW5ndGg6IDQ1MzQ1DQpDb250ZW50LVR5cGU6IGFwcGxpY2F0aW9uL2pzb24NCkRhdGU6IFdlZCwgMDcgT2N0IDIwMjYgMDQ6Mzc6NTggR01UDQpTZXJ2ZXItVGltaW5nOiBxdWV1ZTtkdXI9MC4wLCBleHRyYWN0O2R1cj01My43DQpYLUNvbnRlbnQtVHlwZS1PcHRpb25zOiBub3NuaWZmDQoNCg==
1791347878099194199,200,173677222,93347,0,,,,624,POST,http://proxy:8080/extract,Q29udGVudC1MZW5ndGg6IDM2NjQNCkNvbnRlbnQtVHlwZTogYXBwbGljYXRpb24vanNvbg0KRGF0ZTogV2VkLCAwNyBPY3QgMjAyNiAwNDozNzo1OCBHTVQNClNlcnZlci1UaW1pbmc6IHF1ZXVlO2R1cj0wLjAsIGV4dHJhY3Q7ZHVyPTUuOQ0KWC1Db250ZW50LVR5cGUtT3B0aW9uczogbm9zbmlmZg0KDQo=
1791347877876925431,200,400912166,147209,0,,,,613,POST,http://proxy:8080/extract,Q29udGVudC1MZW5ndGg6IDQ1MzQ1DQpDb250ZW50LVR5cGU6IGFwcGxpY2F0aW9uL2pzb24NCkRhdGU6IFdlZCwgMDcgT2N0IDIwMjYgMDQ6Mzc6NTcgR01UDQpTZXJ2ZXItVGltaW5nOiBxdWV1ZTtkdXI9MC4wLCBleHRyYWN0O2R1cj0xNzEuNg0KWC1Db250ZW50LVR5cGUtT3B0aW9uczogbm9zbmlmZg0KDQo=
1791347878122370253,200,205954563,147209,0,,,,625,POST,http://proxy:8080/extract,Q29udGVudC1MZW5ndGg6IDQ1MzQ1DQpDb250ZW50LVR5cGU6IGFwcGxpY2F0aW9uL2pzb24NCkRhdGU6IFdlZCwgMDcgT2N0IDIwMjYgMDQ6Mzc6NTggR01UDQpTZXJ2ZXItVGltaW5nOiBxdWV1ZTtkdXI9MC4wLCBleHRyYWN0O2R1cj01My4zDQpYLUNvbnRlbnQtVHlwZS1PcHRpb25zOiBub3NuaWZmDQoNCg==
1791347878177251635,200,156512950,93347,0,,,,628,POST,http://proxy:8080/extract,Q29udGVudC1MZW5ndGg6IDM2NjQNCkNvbnRlbnQtVHlwZTogYXBwbGljYXRpb24vanNvbg0KRGF0ZTogV2VkLCAwNyBPY3QgMjAyNiAwNDozNzo1NyBHTVQNClNlcnZlci1UaW1pbmc6IHF1ZXVlO2R1cj0wLjAsIGV4dHJhY3Q7ZHVyPTU1LjkNClgtQ29udGVudC1UeXBlLU9wdGlvbnM6IG5vc25pZmYNCg0K
1791347868617603935,200,9718655940,736965,0,,,,150,POST,http://proxy:8080/extract,Q29udGVudC1MZW5ndGg6IDc5Mjg5NQ0KQ29udGVudC1UeXBlOiBhcHBsaWNhdGlvbi9qc29uDQpEYXRlOiBXZWQsIDA3IE9jdCAyMDI2IDA0OjM3OjU2IEdNVA0KU2VydmVyLVRpbWluZzogcXVldWU7ZHVyPTAuMCwgZXh0cmFjdDtkdXI9MTEwNS4xDQpYLUNvbnRlbnQtVHlwZS1PcHRpb25zOiBub3NuaWZmDQoNCg==
1791347868777688453,200,9578767990,736965,0,,,,158,POST,http://proxy:8080/extract,Q29udGVudC1MZW5ndGg6IDc5Mjg5NQ0KQ29udGVudC1UeXBlOiBhcHBsaWNhdGlvbi9qc29uDQpEYXRlOiBXZWQsIDA3IE9jdCAyMDI2IDA0OjM3OjU3IEdNVA0KU2VydmVyLVRpbWluZzogcXVldWU7ZHVyPTAuMCwgZXh0cmFjdDtkdXI9ODY4LjQNClgtQ29udGVudC1UeXBlLU9wdGlvbnM6IG5vc25pZmYNCg0K
1791347878258927782,200,112494701,93347,0,,,,632,POST,http://proxy:8080/extract,Q29udGVudC1MZW5ndGg6IDM2NjQNCkNvbnRlbnQtVHlwZTogYXBwbGljYXRpb24vanNvbg0KRGF0ZTogV2VkLCAwNyBPY3QgMjAyNiAwNDozNzo1NyBHTVQNClNlcnZlci1UaW1pbmc6IHF1ZXVlO2R1cj0wLjAsIGV4dHJhY3Q7ZHVyPTMyLjkNClgtQ29udGVudC1UeXBlLU9wdGlvbnM6IG5vc25pZmYNCg0K
1791347878337363292,200,36519874,93347,0,,,,636,POST,http://proxy:8080/extract,Q29udGVudC1MZW5ndGg6IDM2NjQNCkNvbnRlbnQtVHlwZTogYXBwbGljYXRpb24vanNvbg0KRGF0ZTogV2VkLCAwNyBPY3QgMjAyNiAwNDozNzo1OCBHTVQNClNlcnZlci1UaW1pbmc6IHF1ZXVlO2R1cj0wLjAsIGV4dHJhY3Q7ZHVyPTUuOA0KWC1Db250ZW50LVR5cGUtT3B0aW9uczogbm9zbmlmZg0KDQo=
1791347878198744058,200,184908628,147209,0,,,,629,POST,http://proxy:8080/extract,Q29udGVudC1MZW5ndGg6IDQ1MzQ1DQpDb250ZW50LVR5cGU6IGFwcGxpY2F0aW9uL2pzb24NCkRhdGU6IFdlZCwgMDcgT2N0IDIwMjYgMDQ6Mzc6NTggR01UDQpTZXJ2ZXItVGltaW5nOiBxdWV1ZTtkdXI9MC4wLCBleHRyYWN0O2R1cj01MS43DQpYLUNvbnRlbnQtVHlwZS1PcHRpb25zOiBub3NuaWZmDQoNCg==
1791347878276977328,200,162143956,147209,0,,,,633,POST,http://proxy:8080/extract,Q29udGVudC1MZW5ndGg6IDQ1MzQ1DQpDb250ZW50LVR5cGU6IGFwcGxpY2F0aW9uL2pzb24NCkRhdGU6IFdlZCwgMDcgT2N0IDIwMjYgMDQ6Mzc6NTcgR01UDQpTZXJ2ZXItVGltaW5nOiBxdWV1ZTtkdXI9MC4wLCBleHRyYWN0O2R1cj05OC41DQpYLUNvbnRlbnQtVHlwZS1PcHRpb25zOiBub3NuaWZmDQoNCg==
1791347878420681961,200,38750913,93347,0,,,,640,POST,http://proxy:8080/extract,Q29udGVudC1MZW5ndGg6IDM2NjQNCkNvbnRlbnQtVHlwZTogYXBwbGljYXRpb24vanNvbg0KRGF0ZTogV2VkLCAwNyBPY3QgMjAyNiAwNDozNzo1NyBHTVQNClNlcnZlci1UaW1pbmc6IHF1ZXVlO2R1cj0wLjAsIGV4dHJhY3Q7ZHVyPTE2LjcNClgtQ29udGVudC1UeXBlLU9wdGlvbnM6IG5vc25pZmYNCg0K
1791347878357550558,200,125144886,147209,0,,,,637,POST,http://proxy:8080/extract,Q29udGVudC1MZW5ndGg6IDQ1MzQ1DQpDb250ZW50LVR5cGU6IGFwcGxpY2F0aW9uL2pzb24NCkRhdGU6IFdlZCwgMDcgT2N0IDIwMjYgMDQ6Mzc6NTcgR01UDQpTZXJ2ZXItVGltaW5nOiBxdWV1ZTtkdXI9MC4wLCBleHRyYWN0O2R1cj0xMDguOQ0KWC1Db250ZW50LVR5cGUtT3B0aW9uczogbm9zbmlmZg0KDQo=
1791347878439110781,200,96142489,147209,0,,,,641,POST,http://proxy:8080/extract,Q29udGVudC1MZW5ndGg6IDQ1MzQ1DQpDb250ZW50LVR5cGU6IGFwcGxpY2F0aW9uL2pzb24NCkRhdGU6IFdlZCwgMDcgT2N0IDIwMjYgMDQ6Mzc6NTcgR01UDQpTZXJ2ZXItVGltaW5nOiBxdWV1ZTtkdXI9MC4wLCBleHRyYWN0O2R1cj02OC44DQpYLUNvbnRlbnQtVHlwZS1PcHRpb25zOiBub3NuaWZmDQoNCg==
1791347878500002345,200,52214858,93347,0,,,,644,POST,http://proxy:8080/extract,Q29udGVudC1MZW5ndGg6IDM2NjQNCkNvbnRlbnQtVHlwZTogYXBwbGljYXRpb24vanNvbg0KRGF0ZTogV2VkLCAwNyBPY3QgMjAyNiAwNDozNzo1NyBHTVQNClNlcnZlci1UaW1pbmc6IHF1ZXVlO2R1cj0wLjAsIGV4dHJhY3Q7ZHVyPTE1LjkNClgtQ29udGVudC1UeXBlLU9wdGlvbnM6IG5vc25pZmYNCg0K
1791347868697304142,200,9906395176,736965,0,,,,154,POST,http://proxy:8080/extract,Q29udGVudC1MZW5ndGg6IDc5Mjg5NQ0KQ29udGVudC1UeXBlOiBhcHBsaWNhdGlvbi9qc29uDQpEYXRlOiBXZWQsIDA3IE9jdCAyMDI2IDA0OjM3OjU3IEdNVA0KU2VydmVyLVRpbWluZzogcXVldWU7ZHVyPTIuOSwgZXh0cmFjdDtkdXI9MTE5Ni4yDQpYLUNvbnRlbnQtVHlwZS1PcHRpb25zOiBub3NuaWZmDQoNCg==
1791347878518119004,200,142354168,147209,0,,,,645,POST,http://proxy:8080/extract,Q29udGVudC1MZW5ndGg6IDQ1MzQ1DQpDb250ZW50LVR5cGU6IGFwcGxpY2F0aW9uL2pzb24NCkRhdGU6IFdlZCwgMDcgT2N0IDIwMjYgMDQ6Mzc6NTcgR01UDQpTZXJ2ZXItVGltaW5nOiBxdWV1ZTtkdXI9MC4wLCBleHRyYWN0O2R1cj05NS4zDQpYLUNvbnRlbnQtVHlwZS1PcHRpb25zOiBub3NuaWZmDQoNCg==
1791347868887190988,200,9774758974,10063439,0,,,,163,POST,http://proxy:8080/extract,Q29udGVudC1MZW5ndGg6IDQxMzA1DQpDb250ZW50LVR5cGU6IGFwcGxpY2F0aW9uL2pzb24NCkRhdGU6IFdlZCwgMDcgT2N0IDIwMjYgMDQ6Mzc6NTggR01UDQpTZXJ2ZXItVGltaW5nOiBxdWV1ZTtkdXI9MC4wLCBleHRyYWN0O2R1cj0yMzAuOQ0KWC1Db250ZW50LVR5cGUtT3B0aW9uczogbm9zbmlmZg0KDQo=
1791347878660792535,200,14510350,93347,0,,,,652,POST,http://proxy:8080/extract,Q29udGVudC1MZW5ndGg6IDM2NjQNCkNvbnRlbnQtVHlwZTogYXBwbGljYXRpb24vanNvbg0KRGF0ZTogV2VkLCAwNyBPY3QgMjAyNiAwNDozNzo1OCBHTVQNClNlcnZlci1UaW1pbmc6IHF1ZXVlO2R1cj0wLjAsIGV4dHJhY3Q7ZHVyPTEwLjYNClgtQ29udGVudC1UeXBlLU9wdGlvbnM6IG5vc25pZmYNCg0K
1791347878601789142,200,88601408,93347,0,,,,648,POST,http://proxy:8080/extract,Q29udGVudC1MZW5ndGg6IDM2NjQNCkNvbnRlbnQtVHlwZTogYXBwbGljYXRpb24vanNvbg0KRGF0ZTogV2VkLCAwNyBPY3QgMjAyNiAwNDozNzo1OCBHTVQNClNlcnZlci1UaW1pbmc6IHF1ZXVlO2R1cj0wLjAsIGV4dHJhY3Q7ZHVyPTYuMw0KWC1Db250ZW50LVR5cGUtT3B0aW9uczogbm9zbmlmZg0KDQo=
1791347878601789942,200,118598201,147209,0,,,,649,POST,http://proxy:8080/extract,Q29udGVudC1MZW5ndGg6IDQ1MzQ1DQpDb250ZW50LVR5cGU6IGFwcGxpY2F0aW9uL2pzb24NCkRhdGU6IFdlZCwgMDcgT2N0IDIwMjYgMDQ6Mzc6NTggR01UDQpTZXJ2ZXItVGltaW5nOiBxdWV1ZTtkdXI9MC4wLCBleHRyYWN0O2R1cj0xMTIuOA0KWC1Db250ZW50LVR5cGUtT3B0aW9uczogbm9zbmlmZg0KDQo=
1791347878681572817,200,79176856,147209,0,,,,653,POST,http://proxy:8080/extract,Q29udGVudC1MZW5ndGg6IDQ1MzQ1DQpDb250ZW50LVR5cGU6IGFwcGxpY2F0aW9uL2pzb24NCkRhdGU6IFdlZCwgMDcgT2N0IDIwMjYgMDQ6Mzc6NTggR01UDQpTZXJ2ZXItVGltaW5nOiBxdWV1ZTtkdXI9MC4wLCBleHRyYWN0O2R1cj02OC41DQpYLUNvbnRlbnQtVHlwZS1PcHRpb25zOiBub3NuaWZmDQoNCg==
1791347878738315965,200,49248876,93347,0,,,,656,POST,http://proxy:8080/extract,Q29udGVudC1MZW5ndGg6IDM2NjQNCkNvbnRlbnQtVHlwZTogYXBwbGljYXRpb24vanNvbg0KRGF0ZTogV2VkLCAwNyBPY3QgMjAyNiAwNDozNzo1OCBHTVQNClNlcnZlci1UaW1pbmc6IHF1ZXVlO2R1cj0wLjAsIGV4dHJhY3Q7ZHVyPTI1LjUNClgtQ29udGVudC1UeXBlLU9wdGlvbnM6IG5vc25pZmYNCg0K
1791347878757041444,200,117648414,147209,0,,,,657,POST,http://proxy:8080/extract,Q29udGVudC1MZW5ndGg6IDQ1MzQ1DQpDb250ZW50LVR5cGU6IGFwcGxpY2F0aW9uL2pzb24NCkRhdGU6IFdlZCwgMDcgT2N0IDIwMjYgMDQ6Mzc6NTggR01UDQpTZXJ2ZXItVGltaW5nOiBxdWV1ZTtkdXI9MC4wLCBleHRyYWN0O2R1cj03My43DQpYLUNvbnRlbnQtVHlwZS1PcHRpb25zOiBub3NuaWZmDQoNCg==
1791347878817662754,200,78007826,93347,0,,,,660,POST,http://proxy:8080/extract,Q29udGVudC1MZW5ndGg6IDM2NjQNCkNvbnRlbnQtVHlwZTogYXBwbGljYXRpb24vanNvbg0KRGF0ZTogV2VkLCAwNyBPY3QgMjAyNiAwNDozNzo1OCBHTVQNClNlcnZlci1UaW1pbmc6IHF1ZXVlO2R1cj0wLjAsIGV4dHJhY3Q7ZHVyPTE5LjENClgtQ29udGVudC1UeXBlLU9wdGlvbnM6IG5vc25pZmYNCg0K
1791347878837637179,200,150669601,147209,0,,,,661,POST,http://proxy:8080/extract,Q29udGVudC1MZW5ndGg6IDQ1MzQ1DQpDb250ZW50LVR5cGU6IGFwcGxpY2F0aW9uL2pzb24NCkRhdGU6IFdlZCwgMDcgT2N0IDIwMjYgMDQ6Mzc6NTggR01UDQpTZXJ2ZXItVGltaW5nOiBxdWV1ZTtkdXI9MC4xLCBleHRyYWN0O2R1cj04OS4xDQpYLUNvbnRlbnQtVHlwZS1PcHRpb25zOiBub3NuaWZmDQoNCg==
1791347878896987739,200,98868524,93347,0,,,,664,POST,http://proxy:8080/extract,Q29udGVudC1MZW5ndGg6IDM2NjQNCkNvbnRlbnQtVHlwZTogYXBwbGljYXRpb24vanNvbg0KRGF0ZTogV2VkLCAwNyBPY3QgMjAyNiAwNDozNzo1OCBHTVQNClNlcnZlci1UaW1pbmc6IHF1ZXVlO2R1cj0wLjAsIGV4dHJhY3Q7ZHVyPTYuMQ0KWC1Db250ZW50LVR5cGUtT3B0aW9uczogbm9zbmlmZg0KDQo=
1791347868957209625,200,10073245136,10063439,0,,,,167,POST,http://proxy:8080/extract,Q29udGVudC1MZW5ndGg6IDQxMzA1DQpDb250ZW50LVR5cGU6IGFwcGxpY2F0aW9uL2pzb24NCkRhdGU6IFdlZCwgMDcgT2N0IDIwMjYgMDQ6Mzc6NTggR01UDQpTZXJ2ZXItVGltaW5nOiBxdWV1ZTtkdXI9MC4wLCBleHRyYWN0O2R1cj0yNjYuMQ0KWC1Db250ZW50LVR5cGUtT3B0aW9uczogbm9zbmlmZg0KDQo=
1791347878983410318,200,65627394,93347,0,,,,668,POST,http://proxy:8080/extract,Q29udGVudC1MZW5ndGg6IDM2NjQNCkNvbnRlbnQtVHlwZTogYXBwbGljYXRpb24vanNvbg0KRGF0ZTogV2VkLCAwNyBPY3QgMjAyNiAwNDozNzo1OCBHTVQNClNlcnZlci1UaW1pbmc6IHF1ZXVlO2R1cj0wLjAsIGV4dHJhY3Q7ZHVyPTEzLjANClgtQ29udGVudC1UeXBlLU9wdGlvbnM6IG5vc25pZmYNCg0K
1791347878917052981,200,162993723,147209,0,,,,665,POST,http://proxy:8080/extract,Q29udGVudC1MZW5ndGg6IDQ1MzQ1DQpDb250ZW50LVR5cGU6IGFwcGxpY2F0aW9uL2pzb24NCkRhdGU6IFdlZCwgMDcgT2N0IDIwMjYgMDQ6Mzc6NTggR01UDQpTZXJ2ZXItVGltaW5nOiBxdWV1ZTtkdXI9MC4wLCBleHRyYWN0O2R1cj03OC42DQpYLUNvbnRlbnQtVHlwZS1PcHRpb25zOiBub3NuaWZmDQoNCg==
1791347879057140304,200,40296917,93347,0,,,,672,POST,http://proxy:8080/extract,Q29udGVudC1MZW5ndGg6IDM2NjQNCkNvbnRlbnQtVHlwZTogYXBwbGljYXRpb24vanNvbg0KRGF0ZTogV2VkLCAwNyBPY3QgMjAyNiAwNDozNzo1OCBHTVQNClNlcnZlci1UaW1pbmc6IHF1ZXVlO2R1cj0wLjAsIGV4dHJhY3Q7ZHVyPTE1LjgNClgtQ29udGVudC1UeXBlLU9wdGlvbnM6IG5vc25pZmYNCg0K
1791347868857104618,200,10243170560,736965,0,,,,162,POST,http://proxy:8080/extract,Q29udGVudC1MZW5ndGg6IDc5Mjg5NQ0KQ29udGVudC1UeXBlOiBhcHBsaWNhdGlvbi9qc29uDQpEYXRlOiBXZWQsIDA3IE9jdCAyMDI2IDA0OjM3OjU4IEdNVA0KU2VydmVyLVRpbWluZzogcXVldWU7ZHVyPTAuMCwgZXh0cmFjdDtkdXI9NzE5LjgNClgtQ29udGVudC1UeXBlLU9wdGlvbnM6IG5vc25pZmYNCg0K
1791347878997004289,200,112899481,147209,0,,,,669,POST,http://proxy:8080/extract,Q29udGVudC1MZW5ndGg6IDQ1MzQ1DQpDb250ZW50LVR5cGU6IGFwcGxpY2F0aW9uL2pzb24NCkRhdGU6IFdlZCwgMDcgT2N0IDIwMjYgMDQ6Mzc6NTggR01UDQpTZXJ2ZXItVGltaW5nOiBxdWV1ZTtkdXI9MC4wLCBleHRyYWN0O2R1cj01My43DQpYLUNvbnRlbnQtVHlwZS1PcHRpb25zOiBub3NuaWZmDQoNCg==
1791347879077610125,200,83950594,147209,0,,,,673,POST,http://proxy:8080/extract,Q29udGVudC1MZW5ndGg6IDQ1MzQ1DQpDb250ZW50LVR5cGU6IGFwcGxpY2F0aW9uL2pzb24NCkRhdGU6IFdlZCwgMDcgT2N0IDIwMjYgMDQ6Mzc6NTggR01UDQpTZXJ2ZXItVGltaW5nOiBxdWV1ZTtkdXI9MC4wLCBleHRyYWN0O2R1cj01Ni42DQpYLUNvbnRlbnQtVHlwZS1PcHRpb25zOiBub3NuaWZmDQoNCg==
1791347879137182229,200,42340018,93347,0,,,,676,POST,http://proxy:8080/extract,Q29udGVudC1MZW5ndGg6IDM2NjQNCkNvbnRlbnQtVHlwZTogYXBwbGljYXRpb24vanNvbg0KRGF0ZTogV2VkLCAwNyBPY3QgMjAyNiAwNDozNzo1OCBHTVQNClNlcnZlci1UaW1pbmc6IHF1ZXVlO2R1cj0wLjAsIGV4dHJhY3Q7ZHVyPTEzLjQNClgtQ29udGVudC1UeXBlLU9wdGlvbnM6IG5vc25pZmYNCg0K
1791347879157283078,200,69342624,147209,0,,,,677,POST,http://proxy:8080/extract,Q29udGVudC1MZW5ndGg6IDQ1MzQ1DQpDb250ZW50LVR5cGU6IGFwcGxpY2F0aW9uL2pzb24NCkRhdGU6IFdlZCwgMDcgT2N0IDIwMjYgMDQ6Mzc6NTggR01UDQpTZXJ2ZXItVGltaW5nOiBxdWV1ZTtkdXI9MC4wLCBleHRyYWN0O2R1cj00My4wDQpYLUNvbnRlbnQtVHlwZS1PcHRpb25zOiBub3NuaWZmDQoNCg==
1791347879217339077,200,27052415,93347,0,,,,680,POST,http://proxy:8080/extract,Q29udGVudC1MZW5ndGg6IDM2NjQNCkNvbnRlbnQtVHlwZTogYXBwbGljYXRpb24vanNvbg0KRGF0ZTogV2VkLCAwNyBPY3QgMjAyNiAwNDozNzo1OCBHTVQNClNlcnZlci1UaW1pbmc6IHF1ZXVlO2R1cj0wLjAsIGV4dHJhY3Q7ZHVyPTEyLjUNClgtQ29udGVudC1UeXBlLU9wdGlvbnM6IG5vc25pZmYNCg0K
1791347869037609939,200,10333533156,10063439,0,,,,171,POST,http://proxy:8080/extract,Q29udGVudC1MZW5ndGg6IDQxMzA1DQpDb250ZW50LVR5cGU6IGFwcGxpY2F0aW9uL2pzb24NCkRhdGU6IFdlZCwgMDcgT2N0IDIwMjYgMDQ6Mzc6NTggR01UDQpTZXJ2ZXItVGltaW5nOiBxdWV1ZTtkdXI9MC4wLCBleHRyYWN0O2R1cj0yMzEuNQ0KWC1Db250ZW50LVR5cGUtT3B0aW9uczogbm9zbmlmZg0KDQo=
1791347879243871090,200,214649371,147209,0,,,,681,POST,http://proxy:8080/extract,Q29udGVudC1MZW5ndGg6IDQ1MzQ1DQpDb250ZW50LVR5cGU6IGFwcGxpY2F0aW9uL2pzb24NCkRhdGU6IFdlZCwgMDcgT2N0IDIwMjYgMDQ6Mzc6NTkgR01UDQpTZXJ2ZXItVGltaW5nOiBxdWV1ZTtkdXI9MC4wLCBleHRyYWN0O2R1cj04Ni4xDQpYLUNvbnRlbnQtVHlwZS1PcHRpb25zOiBub3NuaWZmDQoNCg==
1791347879299857989,200,175975374,93347,0,,,,684,POST,http://proxy:8080/extract,Q29udGVudC1MZW5ndGg6IDM2NjQNCkNvbnRlbnQtVHlwZTogYXBwbGljYXRpb24vanNvbg0KRGF0ZTogV2VkLCAwNyBPY3QgMjAyNiAwNDozNzo1OSBHTVQNClNlcnZlci1UaW1pbmc6IHF1ZXVlO2R1cj0wLjAsIGV4dHJhY3Q7ZHVyPTE1LjkNClgtQ29udGVudC1UeXBlLU9wdGlvbnM6IG5vc25pZmYNCg0K
1791347879317536163,200,221071033,147209,0,,,,685,POST,http://proxy:8080/extract,Q29udGVudC1MZW5ndGg6IDQ1MzQ1DQpDb250ZW50LVR5cGU6IGFwcGxpY2F0aW9uL2pzb24NCkRhdGU6IFdlZCwgMDcgT2N0IDIwMjYgMDQ6Mzc6NTkgR01UDQpTZXJ2ZXItVGltaW5nOiBxdWV1ZTtkdXI9MC4wLCBleHRyYWN0O2R1cj02MC4xDQpYLUNvbnRlbnQtVHlwZS1PcHRpb25zOiBub3NuaWZmDQoNCg==
1791347879384231966,200,164118444,93347,0,,,,688,POST,http://proxy:8080/extract,Q29udGVudC1MZW5ndGg6IDM2NjQNCkNvbnRlbnQtVHlwZTogYXBwbGljYXRpb24vanNvbg0KRGF0ZTogV2VkLCAwNyBPY3QgMjAyNiAwNDozNzo1OSBHTVQNClNlcnZlci1UaW1pbmc6IHF1ZXVlO2R1cj0wLjAsIGV4dHJhY3Q7ZHVyPTguOA0KWC1Db250ZW50LVR5cGUtT3B0aW9uczogbm9zbmlmZg0KDQo=
1791347869021848044,200,10528703598,736965,0,,,,170,POST,http://proxy:8080/extract,Q29udGVudC1MZW5ndGg6IDc5Mjg5NQ0KQ29udGVudC1UeXBlOiBhcHBsaWNhdGlvbi9qc29uDQpEYXRlOiBXZWQsIDA3IE9jdCAyMDI2IDA0OjM3OjU4IEdNVA0KU2VydmVyLVRpbWluZzogcXVldWU7ZHVyPTAuMCwgZXh0cmFjdDtkdXI9ODI1LjYNClgtQ29udGVudC1UeXBlLU9wdGlvbnM6IG5vc25pZmYNCg0K
1791347879457082279,200,101639568,93347,0,,,,692,POST,http://proxy:8080/extract,Q29udGVudC1MZW5ndGg6IDM2NjQNCkNvbnRlbnQtVHlwZTogYXBwbGljYXRpb24vanNvbg0KRGF0ZTogV2VkLCAwNyBPY3QgMjAyNiAwNDozNzo1OSBHTVQNClNlcnZlci1UaW1pbmc6IHF1ZXVlO2R1cj0wLjAsIGV4dHJhY3Q7ZHVyPTUuNg0KWC1Db250ZW50LVR5cGUtT3B0aW9uczogbm9zbmlmZg0KDQo=
1791347869117343351,200,10458404542,10063439,0,,,,175,POST,http://proxy:8080/extract,Q29udGVudC1MZW5ndGg6IDQxMzA1DQpDb250ZW50LVR5cGU6IGFwcGxpY2F0aW9uL2pzb24NCkRhdGU6IFdlZCwgMDcgT2N0IDIwMjYgMDQ6Mzc6NTggR01UDQpTZXJ2ZXItVGltaW5nOiBxdWV1ZTtkdXI9MC4xLCBleHRyYWN0O2R1cj0yNzkuMg0KWC1Db250ZW50LVR5cGUtT3B0aW9uczogbm9zbmlmZg0KDQo=
1791347879538698914,200,55771857,93347,0,,,,696,POST,http://proxy:8080/extract,Q29udGVudC1MZW5ndGg6IDM2NjQNCkNvbnRlbnQtVHlwZTogYXBwbGljYXRpb24vanNvbg0KRGF0ZTogV2VkLCAwNyBPY3QgMjAyNiAwNDozNzo1OCBHTVQNClNlcnZlci1UaW1pbmc6IHF1ZXVlO2R1cj0wLjYsIGV4dHJhY3Q7ZHVyPTE1LjYNClgtQ29udGVudC1UeXBlLU9wdGlvbnM6IG5vc25pZmYNCg0K
1791347879476898472,200,136313981,147209,0,,,,693,POST,http://proxy:8080/extract,Q29udGVudC1MZW5ndGg6IDQ1MzQ1DQpDb250ZW50LVR5cGU6IGFwcGxpY2F0aW9uL2pzb24NCkRhdGU6IFdlZCwgMDcgT2N0IDIwMjYgMDQ6Mzc6NTkgR01UDQpTZXJ2ZXItVGltaW5nOiBxdWV1ZTtkdXI9MC4wLCBleHRyYWN0O2R1cj01MS4xDQpYLUNvbnRlbnQtVHlwZS1PcHRpb25zOiBub3NuaWZmDQoNCg==
1791347879400770315,200,213984441,147209,0,,,,689,POST,http://proxy:8080/extract,Q29udGVudC1MZW5ndGg6IDQ1MzQ1DQpDb250ZW50LVR5cGU6IGFwcGxpY2F0aW9uL2pzb24NCkRhdGU6IFdlZCwgMDcgT2N0IDIwMjYgMDQ6Mzc6NTkgR01UDQpTZXJ2ZXItVGltaW5nOiBxdWV1ZTtkdXI9MC4wLCBleHRyYWN0O2R1cj02MS40DQpYLUNvbnRlbnQtVHlwZS1PcHRpb25zOiBub3NuaWZmDQoNCg==
1791347879558290563,200,77228773,147209,0,,,,697,POST,http://proxy:8080/extract,Q29udGVudC1MZW5ndGg6IDQ1MzQ1DQpDb250ZW50LVR5cGU6IGFwcGxpY2F0aW9uL2pzb24NCkRhdGU6IFdlZCwgMDcgT2N0IDIwMjYgMDQ6Mzc6NTggR01UDQpTZXJ2ZXItVGltaW5nOiBxdWV1ZTtkdXI9MC4wLCBleHRyYWN0O2R1cj0zOC40DQpYLUNvbnRlbnQtVHlwZS1PcHRpb25zOiBub3NuaWZmDQoNCg==
1791347879617945383,200,28699638,93347,0,,,,700,POST,http://proxy:8080/extract,Q29udGVudC1MZW5ndGg6IDM2NjQNCkNvbnRlbnQtVHlwZTogYXBwbGljYXRpb24vanNvbg0KRGF0ZTogV2VkLCAwNyBPY3QgMjAyNiAwNDozNzo1OCBHTVQNClNlcnZlci1UaW1pbmc6IHF1ZXVlO2R1cj0wLjAsIGV4dHJhY3Q7ZHVyPTEwLjENClgtQ29udGVudC1UeXBlLU9wdGlvbnM6IG5vc25pZmYNCg0K
1791347868937581443,200,10745273292,736965,0,,,,166,POST,http://proxy:8080/extract,Q29udGVudC1MZW5ndGg6IDc5Mjg5NQ0KQ29udGVudC1UeXBlOiBhcHBsaWNhdGlvbi9qc29uDQpEYXRlOiBXZWQsIDA3IE9jdCAyMDI2IDA0OjM3OjU3IEdNVA0KU2VydmVyLVRpbWluZzogcXVldWU7ZHVyPTAuMCwgZXh0cmFjdDtkdXI9MTE5Ny4yDQpYLUNvbnRlbnQtVHlwZS1PcHRpb25zOiBub3NuaWZmDQoNCg==
1791347879637689862,200,66323330,147209,0,,,,701,POST,http://proxy:8080/extract,Q29udGVudC1MZW5ndGg6IDQ1MzQ1DQpDb250ZW50LVR5cGU6IGFwcGxpY2F0aW9uL2pzb24NCkRhdGU6IFdlZCwgMDcgT2N0IDIwMjYgMDQ6Mzc6NTggR01UDQpTZXJ2ZXItVGltaW5nOiBxdWV1ZTtkdXI9MC4wLCBleHRyYWN0O2R1cj01Ni4wDQpYLUNvbnRlbnQtVHlwZS1PcHRpb25zOiBub3NuaWZmDQoNCg==
1791347869281674215,200,10722751844,10063439,0,,,,183,POST,http://proxy:8080/extract,Q29udGVudC1MZW5ndGg6IDQxMzA1DQpDb250ZW50LVR5cGU6IGFwcGxpY2F0aW9uL2pzb24NCkRhdGU6IFdlZCwgMDcgT2N0IDIwMjYgMDQ6Mzc6NTkgR01UDQpTZXJ2ZXItVGltaW5nOiBxdWV1ZTtkdXI9MC4wLCBleHRyYWN0O2R1cj0yMzIuMQ0KWC1Db250ZW50LVR5cGUtT3B0aW9uczogbm9zbmlmZg0KDQo=
1791347879697156345,200,332640313,93347,0,,,,704,POST,http://proxy:8080/extract,Q29udGVudC1MZW5ndGg6IDM2NjQNCkNvbnRlbnQtVHlwZTogYXBwbGljYXRpb24vanNvbg0KRGF0ZTogV2VkLCAwNyBPY3QgMjAyNiAwNDozNzo1OSBHTVQNClNlcnZlci1UaW1pbmc6IHF1ZXVlO2R1cj0wLjAsIGV4dHJhY3Q7ZHVyPTE4LjMNClgtQ29udGVudC1UeXBlLU9wdGlvbnM6IG5vc25pZmYNCg0K
1791347869197340904,200,10875372581,10063439,0,,,,179,POST,http://proxy:8080/extract,Q29udGVudC1MZW5ndGg6IDQxMzA1DQpDb250ZW50LVR5cGU6IGFwcGxpY2F0aW9uL2pzb24NCkRhdGU6IFdlZCwgMDcgT2N0IDIwMjYgMDQ6Mzc6NTkgR01UDQpTZXJ2ZXItVGltaW5nOiBxdWV1ZTtkdXI9MC4wLCBleHRyYWN0O2R1cj0zODQuNQ0KWC1Db250ZW50LVR5cGUtT3B0aW9uczogbm9zbmlmZg0KDQo=
1791347869097636157,200,10991300889,736965,0,,,,174,POST,http://proxy:8080/extract,Q29udGVudC1MZW5ndGg6IDc5Mjg5NQ0KQ29udGVudC1UeXBlOiBhcHBsaWNhdGlvbi9qc29uDQpEYXRlOiBXZWQsIDA3IE9jdCAyMDI2IDA0OjM3OjU4IEdNVA0KU2VydmVyLVRpbWluZzogcXVldWU7ZHVyPTAuMCwgZXh0cmFjdDtkdXI9OTY3LjUNClgtQ29udGVudC1UeXBlLU9wdGlvbnM6IG5vc25pZmYNCg0K
1791347879777822193,200,311412913,93347,0,,,,708,POST,http://proxy:8080/extract,Q29udGVudC1MZW5ndGg6IDM2NjQNCkNvbnRlbnQtVHlwZTogYXBwbGljYXRpb24vanNvbg0KRGF0ZTogV2VkLCAwNyBPY3QgMjAyNiAwNDozNzo1OSBHTVQNClNlcnZlci1UaW1pbmc6IHF1ZXVlO2R1cj0wLjAsIGV4dHJhY3Q7ZHVyPTE0LjgNClgtQ29udGVudC1UeXBlLU9wdGlvbnM6IG5vc25pZmYNCg0K
1791347879717965734,200,371304779,147209,0,,,,705,POST,http://proxy:8080/extract,Q29udGVudC1MZW5ndGg6IDQ1MzQ1DQpDb250ZW50LVR5cGU6IGFwcGxpY2F0aW9uL2pzb24NCkRhdGU6IFdlZCwgMDcgT2N0IDIwMjYgMDQ6Mzc6NTkgR01UDQpTZXJ2ZXItVGltaW5nOiBxdWV1ZTtkdXI9MC4wLCBleHRyYWN0O2R1cj01OC4xDQpYLUNvbnRlbnQtVHlwZS1PcHRpb25zOiBub3NuaWZmDQoNCg==
1791347879857413709,200,248156080,93347,0,,,,712,POST,http://proxy:8080/extract,Q29udGVudC1MZW5ndGg6IDM2NjQNCkNvbnRlbnQtVHlwZTogYXBwbGljYXRpb24vanNvbg0KRGF0ZTogV2VkLCAwNyBPY3QgMjAyNiAwNDozNzo1OSBHTVQNClNlcnZlci1UaW1pbmc6IHF1ZXVlO2R1cj0wLjAsIGV4dHJhY3Q7ZHVyPTEzLjcNClgtQ29udGVudC1UeXBlLU9wdGlvbnM6IG5vc25pZmYNCg0K
1791347879937790865,200,178101699,93347,0,,,,716,POST,http://proxy:8080/extract,Q29udGVudC1MZW5ndGg6IDM2NjQNCkNvbnRlbnQtVHlwZTogYXBwbGljYXRpb24vanNvbg0KRGF0ZTogV2VkLCAwNyBPY3QgMjAyNiAwNDozNzo1OSBHTVQNClNlcnZlci1UaW1pbmc6IHF1ZXVlO2R1cj0wLjAsIGV4dHJhY3Q7ZHVyPTguOQ0KWC1Db250ZW50LVR5cGUtT3B0aW9uczogbm9zbmlmZg0KDQo=
1791347879876889524,200,274235122,147209,0,,,,713,POST,http://proxy:8080/extract,Q29udGVudC1MZW5ndGg6IDQ1MzQ1DQpDb250ZW50LVR5cGU6IGFwcGxpY2F0aW9uL2pzb24NCkRhdGU6IFdlZCwgMDcgT2N0IDIwMjYgMDQ6Mzc6NTkgR01UDQpTZXJ2ZXItVGltaW5nOiBxdWV1ZTtkdXI9MC4wLCBleHRyYWN0O2R1cj01OS4wDQpYLUNvbnRlbnQtVHlwZS1PcHRpb25zOiBub3NuaWZmDQoNCg==
1791347879797292019,200,357019467,147209,0,,,,709,POST,http://proxy:8080/extract,Q29udGVudC1MZW5ndGg6IDQ1MzQ1DQpDb250ZW50LVR5cGU6IGFwcGxpY2F0aW9uL2pzb24NCkRhdGU6IFdlZCwgMDcgT2N0IDIwMjYgMDQ6Mzc6NTkgR01UDQpTZXJ2ZXItVGltaW5nOiBxdWV1ZTtkdXI9MC4wLCBleHRyYWN0O2R1cj02Mi4zDQpYLUNvbnRlbnQtVHlwZS1PcHRpb25zOiBub3NuaWZmDQoNCg==
1791347880027861369,200,132433520,93347,0,,,,720,POST,http://proxy:8080/extract,Q29udGVudC1MZW5ndGg6IDM2NjQNCkNvbnRlbnQtVHlwZTogYXBwbGljYXRpb24vanNvbg0KRGF0ZTogV2VkLCAwNyBPY3QgMjAyNiAwNDozNzo1OSBHTVQNClNlcnZlci1UaW1pbmc6IHF1ZXVlO2R1cj0wLjAsIGV4dHJhY3Q7ZHVyPTYuNw0KWC1Db250ZW50LVR5cGUtT3B0aW9uczogbm9zbmlmZg0KDQo=
1791347879957450817,200,202884180,147209,0,,,,717,POST,http://proxy:8080/extract,Q29udGVudC1MZW5ndGg6IDQ1MzQ1DQpDb250ZW50LVR5cGU6IGFwcGxpY2F0aW9uL2pzb24NCkRhdGU6IFdlZCwgMDcgT2N0IDIwMjYgMDQ6Mzc6NTkgR01UDQpTZXJ2ZXItVGltaW5nOiBxdWV1ZTtkdXI9MC4wLCBleHRyYWN0O2R1cj0zNy44DQpYLUNvbnRlbnQtVHlwZS1PcHRpb25zOiBub3NuaWZmDQoNCg==
1791347880097470861,200,73404354,93347,0,,,,724,POST,http://proxy:8080/extract,Q29udGVudC1MZW5ndGg6IDM2NjQNCkNvbnRlbnQtVHlwZTogYXBwbGljYXRpb24vanNvbg0KRGF0ZTogV2VkLCAwNyBPY3QgMjAyNiAwNDozNzo1OSBHTVQNClNlcnZlci1UaW1pbmc6IHF1ZXVlO2R1cj0wLjAsIGV4dHJhY3Q7ZHVyPTExLjMNClgtQ29udGVudC1UeXBlLU9wdGlvbnM6IG5vc25pZmYNCg0K
1791347880117021091,200,97252848,147209,0,,,,725,POST,http://proxy:8080/extract,Q29udGVudC1MZW5ndGg6IDQ1MzQ1DQpDb250ZW50LVR5cGU6IGFwcGxpY2F0aW9uL2pzb24NCkRhdGU6IFdlZCwgMDcgT2N0IDIwMjYgMDQ6Mzc6NTkgR01UDQpTZXJ2ZXItVGltaW5nOiBxdWV1ZTtkdXI9MC4wLCBleHRyYWN0O2R1cj00OS42DQpYLUNvbnRlbnQtVHlwZS1PcHRpb25zOiBub3NuaWZmDQoNCg==
1791347869177757529,200,11043514416,736965,0,,,,178,POST,http://proxy:8080/extract,Q29udGVudC1MZW5ndGg6IDc5Mjg5NQ0KQ29udGVudC1UeXBlOiBhcHBsaWNhdGlvbi9qc29uDQpEYXRlOiBXZWQsIDA3IE9jdCAyMDI2IDA0OjM3OjU5IEdNVA0KU2VydmVyLVRpbWluZzogcXVldWU7ZHVyPTAuMCwgZXh0cmFjdDtkdXI9NjA1LjkNClgtQ29udGVudC1UeXBlLU9wdGlvbnM6IG5vc25pZmYNCg0K
1791347880037010808,200,191763845,147209,0,,,,721,POST,http://proxy:8080/extract,Q29udGVudC1MZW5ndGg6IDQ1MzQ1DQpDb250ZW50LVR5cGU6IGFwcGxpY2F0aW9uL2pzb24NCkRhdGU6IFdlZCwgMDcgT2N0IDIwMjYgMDQ6Mzg6MDAgR01UDQpTZXJ2ZXItVGltaW5nOiBxdWV1ZTtkdXI9MC4wLCBleHRyYWN0O2R1cj02OS4xDQpYLUNvbnRlbnQtVHlwZS1PcHRpb25zOiBub3NuaWZmDQoNCg==
1791347880177109869,200,54848624,93347,0,,,,728,POST,http://proxy:8080/extract,Q29udGVudC1MZW5ndGg6IDM2NjQNCkNvbnRlbnQtVHlwZTogYXBwbGljYXRpb24vanNvbg0KRGF0ZTogV2VkLCAwNyBPY3QgMjAyNiAwNDozNzo1OSBHTVQNClNlcnZlci1UaW1pbmc6IHF1ZXVlO2R1cj0wLjAsIGV4dHJhY3Q7ZHVyPTE2LjANClgtQ29udGVudC1UeXBlLU9wdGlvbnM6IG5vc25pZmYNCg0K
1791347880197663100,200,92866266,147209,0,,,,729,POST,http://proxy:8080/extract,Q29udGVudC1MZW5ndGg6IDQ1MzQ1DQpDb250ZW50LVR5cGU6IGFwcGxpY2F0aW9uL2pzb24NCkRhdGU6IFdlZCwgMDcgT2N0IDIwMjYgMDQ6Mzc6NTkgR01UDQpTZXJ2ZXItVGltaW5nOiBxdWV1ZTtkdXI9MC4wLCBleHRyYWN0O2R1cj02Ni45DQpYLUNvbnRlbnQtVHlwZS1PcHRpb25zOiBub3NuaWZmDQoNCg==
1791347880256943015,200,47606369,93347,0,,,,732,POST,http://proxy:8080/extract,Q29udGVudC1MZW5ndGg6IDM2NjQNCkNvbnRlbnQtVHlwZTogYXBwbGljYXRpb24vanNvbg0KRGF0ZTogV2VkLCAwNyBPY3QgMjAyNiAwNDozNzo1OSBHTVQNClNlcnZlci1UaW1pbmc6IHF1ZXVlO2R1cj0wLjAsIGV4dHJhY3Q7ZHVyPTEyLjINClgtQ29udGVudC1UeXBlLU9wdGlvbnM6IG5vc25pZmYNCg0K
1791347880277327013,200,89618013,147209,0,,,,733,POST,http://proxy:8080/extract,Q29udGVudC1MZW5ndGg6IDQ1MzQ1DQpDb250ZW50LVR5cGU6IGFwcGxpY2F0aW9uL2pzb24NCkRhdGU6IFdlZCwgMDcgT2N0IDIwMjYgMDQ6Mzc6NTkgR01UDQpTZXJ2ZXItVGltaW5nOiBxdWV1ZTtkdXI9MC4wLCBleHRyYWN0O2R1cj01NS40DQpYLUNvbnRlbnQtVHlwZS1PcHRpb25zOiBub3NuaWZmDQoNCg==
1791347880337615231,200,45441233,93347,0,,,,736,POST,http://proxy:8080/extract,Q29udGVudC1MZW5ndGg6IDM2NjQNCkNvbnRlbnQtVHlwZTogYXBwbGljYXRpb24vanNvbg0KRGF0ZTogV2VkLCAwNyBPY3QgMjAyNiAwNDozODowMCBHTVQNClNlcnZlci1UaW1pbmc6IHF1ZXVlO2R1cj0wLjAsIGV4dHJhY3Q7ZHVyPTE0LjgNClgtQ29udGVudC1UeXBlLU9wdGlvbnM6IG5vc25pZmYNCg0K
1791347880361372206,200,93903475,147209,0,,,,737,POST,http://proxy:8080/extract,Q29udGVudC1MZW5ndGg6IDQ1MzQ1DQpDb250ZW50LVR5cGU6IGFwcGxpY2F0aW9uL2pzb24NCkRhdGU6IFdlZCwgMDcgT2N0IDIwMjYgMDQ6Mzg6MDAgR01UDQpTZXJ2ZXItVGltaW5nOiBxdWV1ZTtkdXI9MC4wLCBleHRyYWN0O2R1cj02Ny40DQpYLUNvbnRlbnQtVHlwZS1PcHRpb25zOiBub3NuaWZmDQoNCg==
1791347880417948178,200,46383623,93347,0,,,,740,POST,http://proxy:8080/extract,Q29udGVudC1MZW5ndGg6IDM2NjQNCkNvbnRlbnQtVHlwZTogYXBwbGljYXRpb24vanNvbg0KRGF0ZTogV2VkLCAwNyBPY3QgMjAyNiAwNDozODowMCBHTVQNClNlcnZlci1UaW1pbmc6IHF1ZXVlO2R1cj0wLjAsIGV4dHJhY3Q7ZHVyPTYuMQ0KWC1Db250ZW50LVR5cGUtT3B0aW9uczogbm9zbmlmZg0KDQo=
1791347869264995681,200,11248635429,736965,0,,,,182,POST,http://proxy:8080/extract,Q29udGVudC1MZW5ndGg6IDc5Mjg5NQ0KQ29udGVudC1UeXBlOiBhcHBsaWNhdGlvbi9qc29uDQpEYXRlOiBXZWQsIDA3IE9jdCAyMDI2IDA0OjM3OjU4IEdNVA0KU2VydmVyLVRpbWluZzogcXVldWU7ZHVyPTAuMCwgZXh0cmFjdDtkdXI9Nzk5LjcNClgtQ29udGVudC1UeXBlLU9wdGlvbnM6IG5vc25pZmYNCg0K
1791347880499248419,200,50738099,93347,0,,,,744,POST,http://proxy:8080/extract,Q29udGVudC1MZW5ndGg6IDM2NjQNCkNvbnRlbnQtVHlwZTogYXBwbGljYXRpb24vanNvbg0KRGF0ZTogV2VkLCAwNyBPY3QgMjAyNiAwNDozODowMCBHTVQNClNlcnZlci1UaW1pbmc6IHF1ZXVlO2R1cj0wLjAsIGV4dHJhY3Q7ZHVyPTIxLjMNClgtQ29udGVudC1UeXBlLU9wdGlvbnM6IG5vc25pZmYNCg0K
1791347880437205549,200,122369396,147209,0,,,,741,POST,http://proxy:8080/extract,Q29udGVudC1MZW5ndGg6IDQ1MzQ1DQpDb250ZW50LVR5cGU6IGFwcGxpY2F0aW9uL2pzb24NCkRhdGU6IFdlZCwgMDcgT2N0IDIwMjYgMDQ6Mzg6MDAgR01UDQpTZXJ2ZXItVGltaW5nOiBxdWV1ZTtkdXI9MC4wLCBleHRyYWN0O2R1cj05MC4zDQpYLUNvbnRlbnQtVHlwZS1PcHRpb25zOiBub3NuaWZmDQoNCg==
1791347880529341068,200,101225347,147209,0,,,,745,POST,http://proxy:8080/extract,Q29udGVudC1MZW5ndGg6IDQ1MzQ1DQpDb250ZW50LVR5cGU6IGFwcGxpY2F0aW9uL2pzb24NCkRhdGU6IFdlZCwgMDcgT2N0IDIwMjYgMDQ6Mzg6MDAgR01UDQpTZXJ2ZXItVGltaW5nOiBxdWV1ZTtkdXI9MC4wLCBleHRyYWN0O2R1cj03OC41DQpYLUNvbnRlbnQtVHlwZS1PcHRpb25zOiBub3NuaWZmDQoNCg==
1791347880578589767,200,77494377,93347,0,,,,748,POST,http://proxy:8080/extract,Q29udGVudC1MZW5ndGg6IDM2NjQNCkNvbnRlbnQtVHlwZTogYXBwbGljYXRpb24vanNvbg0KRGF0ZTogV2VkLCAwNyBPY3QgMjAyNiAwNDozODowMCBHTVQNClNlcnZlci1UaW1pbmc6IHF1ZXVlO2R1cj0wLjAsIGV4dHJhY3Q7ZHVyPTE2LjkNClgtQ29udGVudC1UeXBlLU9wdGlvbnM6IG5vc25pZmYNCg0K
1791347869357108875,200,11352187865,10063439,0,,,,187,POST,http://proxy:8080/extract,Q29udGVudC1MZW5ndGg6IDQxMzA1DQpDb250ZW50LVR5cGU6IGFwcGxpY2F0aW9uL2pzb24NCkRhdGU6IFdlZCwgMDcgT2N0IDIwMjYgMDQ6Mzg6MDAgR01UDQpTZXJ2ZXItVGltaW5nOiBxdWV1ZTtkdXI9MC4wLCBleHRyYWN0O2R1cj0zNzQuMw0KWC1Db250ZW50LVR5cGUtT3B0aW9uczogbm9zbmlmZg0KDQo=
1791347880601112494,200,130280987,147209,0,,,,749,POST,http://proxy:8080/extract,Q29udGVudC1MZW5ndGg6IDQ1MzQ1DQpDb250ZW50LVR5cGU6IGFwcGxpY2F0aW9uL2pzb24NCkRhdGU6IFdlZCwgMDcgT2N0IDIwMjYgMDQ6Mzg6MDAgR01UDQpTZXJ2ZXItVGltaW5nOiBxdWV1ZTtkdXI9MC4wLCBleHRyYWN0O2R1cj02MC40DQpYLUNvbnRlbnQtVHlwZS1PcHRpb25zOiBub3NuaWZmDQoNCg==
1791347880657239176,200,79940468,93347,0,,,,752,POST,http://proxy:8080/extract,Q29udGVudC1MZW5ndGg6IDM2NjQNCkNvbnRlbnQtVHlwZTogYXBwbGljYXRpb24vanNvbg0KRGF0ZTogV2VkLCAwNyBPY3QgMjAyNiAwNDozODowMCBHTVQNClNlcnZlci1UaW1pbmc6IHF1ZXVlO2R1cj0wLjAsIGV4dHJhY3Q7ZHVyPTE4LjQNClgtQ29udGVudC1UeXBlLU9wdGlvbnM6IG5vc25pZmYNCg0K
1791347869337193349,200,11406095023,736965,0,,,,186,POST,http://proxy:8080/extract,Q29udGVudC1MZW5ndGg6IDc5Mjg5NQ0KQ29udGVudC1UeXBlOiBhcHBsaWNhdGlvbi9qc29uDQpEYXRlOiBXZWQsIDA3IE9jdCAyMDI2IDA0OjM3OjU5IEdNVA0KU2VydmVyLVRpbWluZzogcXVldWU7ZHVyPTAuMCwgZXh0cmFjdDtkdXI9NTYyLjENClgtQ29udGVudC1UeXBlLU9wdGlvbnM6IG5vc25pZmYNCg0K
1791347880678120173,200,124795184,147209,0,,,,753,POST,http://proxy:8080/extract,Q29udGVudC1MZW5ndGg6IDQ1MzQ1DQpDb250ZW50LVR5cGU6IGFwcGxpY2F0aW9uL2pzb24NCkRhdGU6IFdlZCwgMDcgT2N0IDIwMjYgMDQ6Mzg6MDAgR01UDQpTZXJ2ZXItVGltaW5nOiBxdWV1ZTtkdXI9MC4wLCBleHRyYWN0O2R1cj02NS4wDQpYLUNvbnRlbnQtVHlwZS1PcHRpb25zOiBub3NuaWZmDQoNCg==
1791347880737188946,200,86956878,93347,0,,,,756,POST,http://proxy:8080/extract,Q29udGVudC1MZW5ndGg6IDM2NjQNCkNvbnRlbnQtVHlwZTogYXBwbGljYXRpb24vanNvbg0KRGF0ZTogV2VkLCAwNyBPY3QgMjAyNiAwNDozODowMCBHTVQNClNlcnZlci1UaW1pbmc6IHF1ZXVlO2R1cj0wLjAsIGV4dHJhY3Q7ZHVyPTIwLjINClgtQ29udGVudC1UeXBlLU9wdGlvbnM6IG5vc25pZmYNCg0K
1791347869437560996,200,11427047162,10063439,0,,,,191,POST,http://proxy:8080/extract,Q29udGVudC1MZW5ndGg6IDQxMzA1DQpDb250ZW50LVR5cGU6IGFwcGxpY2F0aW9uL2pzb24NCkRhdGU6IFdlZCwgMDcgT2N0IDIwMjYgMDQ6Mzg6MDAgR01UDQpTZXJ2ZXItVGltaW5nOiBxdWV1ZTtkdXI9MC4wLCBleHRyYWN0O2R1cj0yNTQuNQ0KWC1Db250ZW50LVR5cGUtT3B0aW9uczogbm9zbmlmZg0KDQo=
1791347880822413376,200,53068667,93347,0,,,,760,POST,http://proxy:8080/extract,Q29udGVudC1MZW5ndGg6IDM2NjQNCkNvbnRlbnQtVHlwZTogYXBwbGljYXRpb24vanNvbg0KRGF0ZTogV2VkLCAwNyBPY3QgMjAyNiAwNDozODowMCBHTVQNClNlcnZlci1UaW1pbmc6IHF1ZXVlO2R1cj0wLjAsIGV4dHJhY3Q7ZHVyPTUuNw0KWC1Db250ZW50LVR5cGUtT3B0aW9uczogbm9zbmlmZg0KDQo=
1791347869419166602,200,11465387265,736965,0,,,,190,POST,http://proxy:8080/extract,Q29udGVudC1MZW5ndGg6IDc5Mjg5NQ0KQ29udGVudC1UeXBlOiBhcHBsaWNhdGlvbi9qc29uDQpEYXRlOiBXZWQsIDA3IE9jdCAyMDI2IDA0OjM4OjAwIEdNVA0KU2VydmVyLVRpbWluZzogcXVldWU7ZHVyPTAuMCwgZXh0cmFjdDtkdXI9NjI5LjkNClgtQ29udGVudC1UeXBlLU9wdGlvbnM6IG5vc25pZmYNCg0K
1791347880763683972,200,123741772,147209,0,,,,757,POST,http://proxy:8080/extract,Q29udGVudC1MZW5ndGg6IDQ1MzQ1DQpDb250ZW50LVR5cGU6IGFwcGxpY2F0aW9uL2pzb24NCkRhdGU6IFdlZCwgMDcgT2N0IDIwMjYgMDQ6Mzg6MDAgR01UDQpTZXJ2ZXItVGltaW5nOiBxdWV1ZTtkdXI9MC4wLCBleHRyYWN0O2R1cj02MS4wDQpYLUNvbnRlbnQtVHlwZS1PcHRpb25zOiBub3NuaWZmDQoNCg==
1791347880836919192,200,127918912,147209,0,,,,761,POST,http://proxy:8080/extract,Q29udGVudC1MZW5ndGg6IDQ1MzQ1DQpDb250ZW50LVR5cGU6IGFwcGxpY2F0aW9uL2pzb24NCkRhdGU6IFdlZCwgMDcgT2N0IDIwMjYgMDQ6Mzg6MDAgR01UDQpTZXJ2ZXItVGltaW5nOiBxdWV1ZTtkdXI9MC4wLCBleHRyYWN0O2R1cj03MS4wDQpYLUNvbnRlbnQtVHlwZS1PcHRpb25zOiBub3NuaWZmDQoNCg==
1791347880897442157,200,75929562,93347,0,,,,764,POST,http://proxy:8080/extract,Q29udGVudC1MZW5ndGg6IDM2NjQNCkNvbnRlbnQtVHlwZTogYXBwbGljYXRpb24vanNvbg0KRGF0ZTogV2VkLCAwNyBPY3QgMjAyNiAwNDozODowMCBHTVQNClNlcnZlci1UaW1pbmc6IHF1ZXVlO2R1cj0wLjAsIGV4dHJhY3Q7ZHVyPTEzLjQNClgtQ29udGVudC1UeXBlLU9wdGlvbnM6IG5vc25pZmYNCg0K
1791347880917096008,200,128770583,147209,0,,,,765,POST,http://proxy:8080/extract,Q29udGVudC1MZW5ndGg6IDQ1MzQ1DQpDb250ZW50LVR5cGU6IGFwcGxpY2F0aW9uL2pzb24NCkRhdGU6IFdlZCwgMDcgT2N0IDIwMjYgMDQ6Mzg6MDAgR01UDQpTZXJ2ZXItVGltaW5nOiBxdWV1ZTtkdXI9MC4wLCBleHRyYWN0O2R1cj02NC4zDQpYLUNvbnRlbnQtVHlwZS1PcHRpb25zOiBub3NuaWZmDQoNCg==
1791347880977577565,200,89329555,93347,0,,,,768,POST,http://proxy:8080/extract,Q29udGVudC1MZW5ndGg6IDM2NjQNCkNvbnRlbnQtVHlwZTogYXBwbGljYXRpb24vanNvbg0KRGF0ZTogV2VkLCAwNyBPY3QgMjAyNiAwNDozODowMCBHTVQNClNlcnZlci1UaW1pbmc6IHF1ZXVlO2R1cj0wLjAsIGV4dHJhY3Q7ZHVyPTkuMQ0KWC1Db250ZW50LVR5cGUtT3B0aW9uczogbm9zbmlmZg0KDQo=
1791347869530446607,200,11548714876,10063439,0,,,,195,POST,http://proxy:8080/extract,Q29udGVudC1MZW5ndGg6IDQxMzA1DQpDb250ZW50LVR5cGU6IGFwcGxpY2F0aW9uL2pzb24NCkRhdGU6IFdlZCwgMDcgT2N0IDIwMjYgMDQ6Mzg6MDAgR01UDQpTZXJ2ZXItVGltaW5nOiBxdWV1ZTtkdXI9MC4wLCBleHRyYWN0O2R1cj0yODkuOA0KWC1Db250ZW50LVR5cGUtT3B0aW9uczogbm9zbmlmZg0KDQo=
1791347881065690876,200,29026334,93347,0,,,,772,POST,http://proxy:8080/extract,Q29udGVudC1MZW5ndGg6IDM2NjQNCkNvbnRlbnQtVHlwZTogYXBwbGljYXRpb24vanNvbg0KRGF0ZTogV2VkLCAwNyBPY3QgMjAyNiAwNDozODowMCBHTVQNClNlcnZlci1UaW1pbmc6IHF1ZXVlO2R1cj0wLjAsIGV4dHJhY3Q7ZHVyPTE0LjINClgtQ29udGVudC1UeXBlLU9wdGlvbnM6IG5vc25pZmYNCg0K
1791347880996922053,200,172450963,147209,0,,,,769,POST,http://proxy:8080/extract,Q29udGVudC1MZW5ndGg6IDQ1MzQ1DQpDb250ZW50LVR5cGU6IGFwcGxpY2F0aW9uL2pzb24NCkRhdGU6IFdlZCwgMDcgT2N0IDIwMjYgMDQ6Mzg6MDAgR01UDQpTZXJ2ZXItVGltaW5nOiBxdWV1ZTtkdXI9MC4wLCBleHRyYWN0O2R1cj03MC40DQpYLUNvbnRlbnQtVHlwZS1PcHRpb25zOiBub3NuaWZmDQoNCg==
1791347881078783507,200,100031107,147209,0,,,,773,POST,http://proxy:8080/extract,Q29udGVudC1MZW5ndGg6IDQ1MzQ1DQpDb250ZW50LVR5cGU6IGFwcGxpY2F0aW9uL2pzb24NCkRhdGU6IFdlZCwgMDcgT2N0IDIwMjYgMDQ6Mzg6MDAgR01UDQpTZXJ2ZXItVGltaW5nOiBxdWV1ZTtkdXI9MC4wLCBleHRyYWN0O2R1cj03Mi42DQpYLUNvbnRlbnQtVHlwZS1PcHRpb25zOiBub3NuaWZmDQoNCg==
1791347881169330908,200,26067539,93347,0,,,,776,POST,http://proxy:8080/extract,Q29udGVudC1MZW5ndGg6IDM2NjQNCkNvbnRlbnQtVHlwZTogYXBwbGljYXRpb24vanNvbg0KRGF0ZTogV2VkLCAwNyBPY3QgMjAyNiAwNDozODowMCBHTVQNClNlcnZlci1UaW1pbmc6IHF1ZXVlO2R1cj0wLjAsIGV4dHJhY3Q7ZHVyPTYuMA0KWC1Db250ZW50LVR5cGUtT3B0aW9uczogbm9zbmlmZg0KDQo=
1791347869599494595,200,11600868750,10063439,0,,,,199,POST,http://proxy:8080/extract,Q29udGVudC1MZW5ndGg6IDQxMzA1DQpDb250ZW50LVR5cGU6IGFwcGxpY2F0aW9uL2pzb24NCkRhdGU6IFdlZCwgMDcgT2N0IDIwMjYgMDQ6Mzg6MDAgR01UDQpTZXJ2ZXItVGltaW5nOiBxdWV1ZTtkdXI9MC4wLCBleHRyYWN0O2R1cj0yODQuMA0KWC1Db250ZW50LVR5cGUtT3B0aW9uczogbm9zbmlmZg0KDQo=
1791347881169381018,200,79816843,147209,0,,,,777,POST,http://proxy:8080/extract,Q29udGVudC1MZW5ndGg6IDQ1MzQ1DQpDb250ZW50LVR5cGU6IGFwcGxpY2F0aW9uL2pzb24NCkRhdGU6IFdlZCwgMDcgT2N0IDIwMjYgMDQ6Mzg6MDAgR01UDQpTZXJ2ZXItVGltaW5nOiBxdWV1ZTtkdXI9MC4wLCBleHRyYWN0O2R1cj00Ny44DQpYLUNvbnRlbnQtVHlwZS1PcHRpb25zOiBub3NuaWZmDQoNCg==
1791347881221089511,200,48952640,93347,0,,,,780,POST,http://proxy:8080/extract,Q29udGVudC1MZW5ndGg6IDM2NjQNCkNvbnRlbnQtVHlwZTogYXBwbGljYXRpb24vanNvbg0KRGF0ZTogV2VkLCAwNyBPY3QgMjAyNiAwNDozODowMCBHTVQNClNlcnZlci1UaW1pbmc6IHF1ZXVlO2R1cj0wLjAsIGV4dHJhY3Q7ZHVyPTYuOA0KWC1Db250ZW50LVR5cGUtT3B0aW9uczogbm9zbmlmZg0KDQo=
1791347881237354280,200,87460580,147209,0,,,,781,POST,http://proxy:8080/extract,Q29udGVudC1MZW5ndGg6IDQ1MzQ1DQpDb250ZW50LVR5cGU6IGFwcGxpY2F0aW9uL2pzb24NCkRhdGU6IFdlZCwgMDcgT2N0IDIwMjYgMDQ6Mzg6MDAgR01UDQpTZXJ2ZXItVGltaW5nOiBxdWV1ZTtkdXI9MC4wLCBleHRyYWN0O2R1cj00OS44DQpYLUNvbnRlbnQtVHlwZS1PcHRpb25zOiBub3NuaWZmDQoNCg==
1791347881297305231,200,46336313,93347,0,,,,784,POST,http://proxy:8080/extract,Q29udGVudC1MZW5ndGg6IDM2NjQNCkNvbnRlbnQtVHlwZTogYXBwbGljYXRpb24vanNvbg0KRGF0ZTogV2VkLCAwNyBPY3QgMjAyNiAwNDozODowMCBHTVQNClNlcnZlci1UaW1pbmc6IHF1ZXVlO2R1cj0wLjAsIGV4dHJhY3Q7ZHVyPTEzLjANClgtQ29udGVudC1UeXBlLU9wdGlvbnM6IG5vc25pZmYNCg0K
1791347881318306952,200,67277223,147209,0,,,,785,POST,http://proxy:8080/extract,Q29udGVudC1MZW5ndGg6IDQ1MzQ1DQpDb250ZW50LVR5cGU6IGFwcGxpY2F0aW9uL2pzb24NCkRhdGU6IFdlZCwgMDcgT2N0IDIwMjYgMDQ6Mzg6MDAgR01UDQpTZXJ2ZXItVGltaW5nOiBxdWV1ZTtkdXI9MC4wLCBleHRyYWN0O2R1cj00MC45DQpYLUNvbnRlbnQtVHlwZS1PcHRpb25zOiBub3NuaWZmDQoNCg==
1791347881377444339,200,19836687,93347,0,,,,788,POST,http://proxy:8080/extract,Q29udGVudC1MZW5ndGg6IDM2NjQNCkNvbnRlbnQtVHlwZTogYXBwbGljYXRpb24vanNvbg0KRGF0ZTogV2VkLCAwNyBPY3QgMjAyNiAwNDozODowMCBHTVQNClNlcnZlci1UaW1pbmc6IHF1ZXVlO2R1cj0wLjAsIGV4dHJhY3Q7ZHVyPTguNw0KWC1Db250ZW50LVR5cGUtT3B0aW9uczogbm9zbmlmZg0KDQo=
1791347869497536107,200,12065800497,736965,0,,,,194,POST,http://proxy:8080/extract,Q29udGVudC1MZW5ndGg6IDc5Mjg5NQ0KQ29udGVudC1UeXBlOiBhcHBsaWNhdGlvbi9qc29uDQpEYXRlOiBXZWQsIDA3IE9jdCAyMDI2IDA0OjM4OjAwIEdNVA0KU2VydmVyLVRpbWluZzogcXVldWU7ZHVyPTAuMCwgZXh0cmFjdDtkdXI9ODA0LjkNClgtQ29udGVudC1UeXBlLU9wdGlvbnM6IG5vc25pZmYNCg0K
1791347869581310733,200,12021902986,736965,0,,,,198,POST,http://proxy:8080/extract,Q29udGVudC1MZW5ndGg6IDc5Mjg5NQ0KQ29udGVudC1UeXBlOiBhcHBsaWNhdGlvbi9qc29uDQpEYXRlOiBXZWQsIDA3IE9jdCAyMDI2IDA0OjM4OjAwIEdNVA0KU2VydmVyLVRpbWluZzogcXVldWU7ZHVyPTAuMCwgZXh0cmFjdDtkdXI9Njg4LjkNClgtQ29udGVudC1UeXBlLU9wdGlvbnM6IG5vc25pZmYNCg0K
1791347881457496229,200,178665213,93347,0,,,,792,POST,http://proxy:8080/extract,Q29udGVudC1MZW5ndGg6IDM2NjQNCkNvbnRlbnQtVHlwZTogYXBwbGljYXRpb24vanNvbg0KRGF0ZTogV2VkLCAwNyBPY3QgMjAyNiAwNDozODowMSBHTVQNClNlcnZlci1UaW1pbmc6IHF1ZXVlO2R1cj0wLjAsIGV4dHJhY3Q7ZHVyPTE3LjMNClgtQ29udGVudC1UeXBlLU9wdGlvbnM6IG5vc25pZmYNCg0K
1791347869677510147,200,11986808454,10063439,0,,,,203,POST,http://proxy:8080/extract,Q29udGVudC1MZW5ndGg6IDQxMzA1DQpDb250ZW50LVR5cGU6IGFwcGxpY2F0aW9uL2pzb24NCkRhdGU6IFdlZCwgMDcgT2N0IDIwMjYgMDQ6Mzg6MDEgR01UDQpTZXJ2ZXItVGltaW5nOiBxdWV1ZTtkdXI9MC4xLCBleHRyYWN0O2R1cj0zOTIuMw0KWC1Db250ZW50LVR5cGUtT3B0aW9uczogbm9zbmlmZg0KDQo=
1791347881397198309,200,267201309,147209,0,,,,789,POST,http://proxy:8080/extract,Q29udGVudC1MZW5ndGg6IDQ1MzQ1DQpDb250ZW50LVR5cGU6IGFwcGxpY2F0aW9uL2pzb24NCkRhdGU6IFdlZCwgMDcgT2N0IDIwMjYgMDQ6Mzg6MDEgR01UDQpTZXJ2ZXItVGltaW5nOiBxdWV1ZTtkdXI9MC4wLCBleHRyYWN0O2R1cj04Ni41DQpYLUNvbnRlbnQtVHlwZS1PcHRpb25zOiBub3NuaWZmDQoNCg==
1791347881476931636,200,241827408,147209,0,,,,793,POST,http://proxy:8080/extract,Q29udGVudC1MZW5ndGg6IDQ1MzQ1DQpDb250ZW50LVR5cGU6IGFwcGxpY2F0aW9uL2pzb24NCkRhdGU6IFdlZCwgMDcgT2N0IDIwMjYgMDQ6Mzg6MDEgR01UDQpTZXJ2ZXItVGltaW5nOiBxdWV1ZTtkdXI9MC41LCBleHRyYWN0O2R1cj04MC4yDQpYLUNvbnRlbnQtVHlwZS1PcHRpb25zOiBub3NuaWZmDQoNCg==
1791347881543616040,200,193889672,93347,0,,,,796,POST,http://proxy:8080/extract,Q29udGVudC1MZW5ndGg6IDM2NjQNCkNvbnRlbnQtVHlwZTogYXBwbGljYXRpb24vanNvbg0KRGF0ZTogV2VkLCAwNyBPY3QgMjAyNiAwNDozODowMSBHTVQNClNlcnZlci1UaW1pbmc6IHF1ZXVlO2R1cj0wLjAsIGV4dHJhY3Q7ZHVyPTY5LjUNClgtQ29udGVudC1UeXBlLU9wdGlvbnM6IG5vc25pZmYNCg0K
1791347881561529140,200,179267734,147209,0,,,,797,POST,http://proxy:8080/extract,Q29udGVudC1MZW5ndGg6IDQ1MzQ1DQpDb250ZW50LVR5cGU6IGFwcGxpY2F0aW9uL2pzb24NCkRhdGU6IFdlZCwgMDcgT2N0IDIwMjYgMDQ6Mzg6MDEgR01UDQpTZXJ2ZXItVGltaW5nOiBxdWV1ZTtkdXI9MC4wLCBleHRyYWN0O2R1cj03MS41DQpYLUNvbnRlbnQtVHlwZS1PcHRpb25zOiBub3NuaWZmDQoNCg==
1791347881617412973,200,123407505,93347,0,,,,800,POST,http://proxy:8080/extract,Q29udGVudC1MZW5ndGg6IDM2NjQNCkNvbnRlbnQtVHlwZTogYXBwbGljYXRpb24vanNvbg0KRGF0ZTogV2VkLCAwNyBPY3QgMjAyNiAwNDozODowMSBHTVQNClNlcnZlci1UaW1pbmc6IHF1ZXVlO2R1cj0wLjAsIGV4dHJhY3Q7ZHVyPTE3LjINClgtQ29udGVudC1UeXBlLU9wdGlvbnM6IG5vc25pZmYNCg0K
1791347881697457262,200,62319627,93347,0,,,,804,POST,http://proxy:8080/extract,Q29udGVudC1MZW5ndGg6IDM2NjQNCkNvbnRlbnQtVHlwZTogYXBwbGljYXRpb24vanNvbg0KRGF0ZTogV2VkLCAwNyBPY3QgMjAyNiAwNDozODowMSBHTVQNClNlcnZlci1UaW1pbmc6IHF1ZXVlO2R1cj0wLjAsIGV4dHJhY3Q7ZHVyPTE5LjQNClgtQ29udGVudC1UeXBlLU9wdGlvbnM6IG5vc25pZmYNCg0K
1791347881718363164,200,100052811,147209,0,,,,805,POST,http://proxy:8080/extract,Q29udGVudC1MZW5ndGg6IDQ1MzQ1DQpDb250ZW50LVR5cGU6IGFwcGxpY2F0aW9uL2pzb24NCkRhdGU6IFdlZCwgMDcgT2N0IDIwMjYgMDQ6Mzg6MDEgR01UDQpTZXJ2ZXItVGltaW5nOiBxdWV1ZTtkdXI9MC4wLCBleHRyYWN0O2R1cj02NS43DQpYLUNvbnRlbnQtVHlwZS1PcHRpb25zOiBub3NuaWZmDQoNCg==
1791347881777084668,200,68976864,93347,0,,,,808,POST,http://proxy:8080/extract,Q29udGVudC1MZW5ndGg6IDM2NjQNCkNvbnRlbnQtVHlwZTogYXBwbGljYXRpb24vanNvbg0KRGF0ZTogV2VkLCAwNyBPY3QgMjAyNiAwNDozODowMSBHTVQNClNlcnZlci1UaW1pbmc6IHF1ZXVlO2R1cj0wLjAsIGV4dHJhY3Q7ZHVyPTI2LjkNClgtQ29udGVudC1UeXBlLU9wdGlvbnM6IG5vc25pZmYNCg0K
1791347881637266264,200,230781087,147209,0,,,,801,POST,http://proxy:8080/extract,Q29udGVudC1MZW5ndGg6IDQ1MzQ1DQpDb250ZW50LVR5cGU6IGFwcGxpY2F0aW9uL2pzb24NCkRhdGU6IFdlZCwgMDcgT2N0IDIwMjYgMDQ6Mzg6MDEgR01UDQpTZXJ2ZXItVGltaW5nOiBxdWV1ZTtkdXI9MC4wLCBleHRyYWN0O2R1cj0xMTIuNQ0KWC1Db250ZW50LVR5cGUtT3B0aW9uczogbm9zbmlmZg0KDQo=
1791347869657442298,200,12210645461,736965,0,,,,202,POST,http://proxy:8080/extract,Q29udGVudC1MZW5ndGg6IDc5Mjg5NQ0KQ29udGVudC1UeXBlOiBhcHBsaWNhdGlvbi9qc29uDQpEYXRlOiBXZWQsIDA3IE9jdCAyMDI2IDA0OjM4OjAwIEdNVA0KU2VydmVyLVRpbWluZzogcXVldWU7ZHVyPTAuMCwgZXh0cmFjdDtkdXI9Njc3LjANClgtQ29udGVudC1UeXBlLU9wdGlvbnM6IG5vc25pZmYNCg0K
1791347881797457963,200,124442113,147209,0,,,,809,POST,http://proxy:8080/extract,Q29udGVudC1MZW5ndGg6IDQ1MzQ1DQpDb250ZW50LVR5cGU6IGFwcGxpY2F0aW9uL2pzb24NCkRhdGU6IFdlZCwgMDcgT2N0IDIwMjYgMDQ6Mzg6MDEgR01UDQpTZXJ2ZXItVGltaW5nOiBxdWV1ZTtkdXI9MC4wLCBleHRyYWN0O2R1cj03NC40DQpYLUNvbnRlbnQtVHlwZS1PcHRpb25zOiBub3NuaWZmDQoNCg==
1791347881856859803,200,86533393,93347,0,,,,812,POST,http://proxy:8080/extract,Q29udGVudC1MZW5ndGg6IDM2NjQNCkNvbnRlbnQtVHlwZTogYXBwbGljYXRpb24vanNvbg0KRGF0ZTogV2VkLCAwNyBPY3QgMjAyNiAwNDozODowMSBHTVQNClNlcnZlci1UaW1pbmc6IHF1ZXVlO2R1cj0wLjAsIGV4dHJhY3Q7ZHVyPTE2LjgNClgtQ29udGVudC1UeXBlLU9wdGlvbnM6IG5vc25pZmYNCg0K
1791347869737046791,200,12297127452,736965,0,,,,206,POST,http://proxy:8080/extract,Q29udGVudC1MZW5ndGg6IDc5Mjg5NQ0KQ29udGVudC1UeXBlOiBhcHBsaWNhdGlvbi9qc29uDQpEYXRlOiBXZWQsIDA3IE9jdCAyMDI2IDA0OjM4OjAwIEdNVA0KU2VydmVyLVRpbWluZzogcXVldWU7ZHVyPTAuMSwgZXh0cmFjdDtkdXI9NjMxLjkNClgtQ29udGVudC1UeXBlLU9wdGlvbnM6IG5vc25pZmYNCg0K
1791347881877480947,200,157848828,147209,0,,,,813,POST,http://proxy:8080/extract,Q29udGVudC1MZW5ndGg6IDQ1MzQ1DQpDb250ZW50LVR5cGU6IGFwcGxpY2F0aW9uL2pzb24NCkRhdGU6IFdlZCwgMDcgT2N0IDIwMjYgMDQ6Mzg6MDEgR01UDQpTZXJ2ZXItVGltaW5nOiBxdWV1ZTtkdXI9MC4wLCBleHRyYWN0O2R1cj05MC4zDQpYLUNvbnRlbnQtVHlwZS1PcHRpb25zOiBub3NuaWZmDQoNCg==
1791347881943201657,200,106248357,93347,0,,,,816,POST,http://proxy:8080/extract,Q29udGVudC1MZW5ndGg6IDM2NjQNCkNvbnRlbnQtVHlwZTogYXBwbGljYXRpb24vanNvbg0KRGF0ZTogV2VkLCAwNyBPY3QgMjAyNiAwNDozODowMSBHTVQNClNlcnZlci1UaW1pbmc6IHF1ZXVlO2R1cj0wLjAsIGV4dHJhY3Q7ZHVyPTEzLjENClgtQ29udGVudC1UeXBlLU9wdGlvbnM6IG5vc25pZmYNCg0K
1791347882017450282,200,48409830,93347,0,,,,820,POST,http://proxy:8080/extract,Q29udGVudC1MZW5ndGg6IDM2NjQNCkNvbnRlbnQtVHlwZTogYXBwbGljYXRpb24vanNvbg0KRGF0ZTogV2VkLCAwNyBPY3QgMjAyNiAwNDozODowMSBHTVQNClNlcnZlci1UaW1pbmc6IHF1ZXVlO2R1cj0wLjAsIGV4dHJhY3Q7ZHVyPTkuNQ0KWC1Db250ZW50LVR5cGUtT3B0aW9uczogbm9zbmlmZg0KDQo=
1791347881958191070,200,162840332,147209,0,,,,817,POST,http://proxy:8080/extract,Q29udGVudC1MZW5ndGg6IDQ1MzQ1DQpDb250ZW50LVR5cGU6IGFwcGxpY2F0aW9uL2pzb24NCkRhdGU6IFdlZCwgMDcgT2N0IDIwMjYgMDQ6Mzg6MDEgR01UDQpTZXJ2ZXItVGltaW5nOiBxdWV1ZTtkdXI9MC4wLCBleHRyYWN0O2R1cj04NC44DQpYLUNvbnRlbnQtVHlwZS1PcHRpb25zOiBub3NuaWZmDQoNCg==
1791347882037544821,200,85955077,147209,0,,,,821,POST,http://proxy:8080/extract,Q29udGVudC1MZW5ndGg6IDQ1MzQ1DQpDb250ZW50LVR5cGU6IGFwcGxpY2F0aW9uL2pzb24NCkRhdGU6IFdlZCwgMDcgT2N0IDIwMjYgMDQ6Mzg6MDEgR01UDQpTZXJ2ZXItVGltaW5nOiBxdWV1ZTtkdXI9MC4wLCBleHRyYWN0O2R1cj01Ni43DQpYLUNvbnRlbnQtVHlwZS1PcHRpb25zOiBub3NuaWZmDQoNCg==
1791347882098085990,200,31434118,93347,0,,,,824,POST,http://proxy:8080/extract,Q29udGVudC1MZW5ndGg6IDM2NjQNCkNvbnRlbnQtVHlwZTogYXBwbGljYXRpb24vanNvbg0KRGF0ZTogV2VkLCAwNyBPY3QgMjAyNiAwNDozODowMiBHTVQNClNlcnZlci1UaW1pbmc6IHF1ZXVlO2R1cj0wLjAsIGV4dHJhY3Q7ZHVyPTUuNg0KWC1Db250ZW50LVR5cGUtT3B0aW9uczogbm9zbmlmZg0KDQo=
1791347869757172249,200,12421628464,10063439,0,,,,207,POST,http://proxy:8080/extract,Q29udGVudC1MZW5ndGg6IDQxMzA1DQpDb250ZW50LVR5cGU6IGFwcGxpY2F0aW9uL2pzb24NCkRhdGU6IFdlZCwgMDcgT2N0IDIwMjYgMDQ6Mzg6MDEgR01UDQpTZXJ2ZXItVGltaW5nOiBxdWV1ZTtkdXI9MC4wLCBleHRyYWN0O2R1cj0zMjYuNQ0KWC1Db250ZW50LVR5cGUtT3B0aW9uczogbm9zbmlmZg0KDQo=
1791347882117317955,200,81850853,147209,0,,,,825,POST,http://proxy:8080/extract,Q29udGVudC1MZW5ndGg6IDQ1MzQ1DQpDb250ZW50LVR5cGU6IGFwcGxpY2F0aW9uL2pzb24NCkRhdGU6IFdlZCwgMDcgT2N0IDIwMjYgMDQ6Mzg6MDEgR01UDQpTZXJ2ZXItVGltaW5nOiBxdWV1ZTtkdXI9MC4wLCBleHRyYWN0O2R1cj01OC42DQpYLUNvbnRlbnQtVHlwZS1PcHRpb25zOiBub3NuaWZmDQoNCg==
1791347882178733200,200,20536128,93347,0,,,,828,POST,http://proxy:8080/extract,Q29udGVudC1MZW5ndGg6IDM2NjQNCkNvbnRlbnQtVHlwZTogYXBwbGljYXRpb24vanNvbg0KRGF0ZTogV2VkLCAwNyBPY3QgMjAyNiAwNDozODowMSBHTVQNClNlcnZlci1UaW1pbmc6IHF1ZXVlO2R1cj0wLjAsIGV4dHJhY3Q7ZHVyPTcuMw0KWC1Db250ZW50LVR5cGUtT3B0aW9uczogbm9zbmlmZg0KDQo=
1791347869817209369,200,12682240296,736965,0,,,,210,POST,http://proxy:8080/extract,Q29udGVudC1MZW5ndGg6IDc5Mjg5NQ0KQ29udGVudC1UeXBlOiBhcHBsaWNhdGlvbi9qc29uDQpEYXRlOiBXZWQsIDA3IE9jdCAyMDI2IDA0OjM4OjAxIEdNVA0KU2VydmVyLVRpbWluZzogcXVldWU7ZHVyPTAuMCwgZXh0cmFjdDtkdXI9NTg4LjENClgtQ29udGVudC1UeXBlLU9wdGlvbnM6IG5vc25pZmYNCg0K
1791347882199293933,200,350810413,147209,0,,,,829,POST,http://proxy:8080/extract,Q29udGVudC1MZW5ndGg6IDQ1MzQ1DQpDb250ZW50LVR5cGU6IGFwcGxpY2F0aW9uL2pzb24NCkRhdGU6IFdlZCwgMDcgT2N0IDIwMjYgMDQ6Mzg6MDIgR01UDQpTZXJ2ZXItVGltaW5nOiBxdWV1ZTtkdXI9MC4wLCBleHRyYWN0O2R1cj00My43DQpYLUNvbnRlbnQtVHlwZS1PcHRpb25zOiBub3NuaWZmDQoNCg==
1791347882257966226,200,300659633,93347,0,,,,832,POST,http://proxy:8080/extract,Q29udGVudC1MZW5ndGg6IDM2NjQNCkNvbnRlbnQtVHlwZTogYXBwbGljYXRpb24vanNvbg0KRGF0ZTogV2VkLCAwNyBPY3QgMjAyNiAwNDozODowMiBHTVQNClNlcnZlci1UaW1pbmc6IHF1ZXVlO2R1cj0wLjAsIGV4dHJhY3Q7ZHVyPTEzLjUNClgtQ29udGVudC1UeXBlLU9wdGlvbnM6IG5vc25pZmYNCg0K
1791347882277984350,200,343360216,147209,0,,,,833,POST,http://proxy:8080/extract,Q29udGVudC1MZW5ndGg6IDQ1MzQ1DQpDb250ZW50LVR5cGU6IGFwcGxpY2F0aW9uL2pzb24NCkRhdGU6IFdlZCwgMDcgT2N0IDIwMjYgMDQ6Mzg6MDIgR01UDQpTZXJ2ZXItVGltaW5nOiBxdWV1ZTtkdXI9MC4wLCBleHRyYWN0O2R1cj00OS44DQpYLUNvbnRlbnQtVHlwZS1PcHRpb25zOiBub3NuaWZmDQoNCg==
1791347882336906593,200,300769456,93347,0,,,,836,POST,http://proxy:8080/extract,Q29udGVudC1MZW5ndGg6IDM2NjQNCkNvbnRlbnQtVHlwZTogYXBwbGljYXRpb24vanNvbg0KRGF0ZTogV2VkLCAwNyBPY3QgMjAyNiAwNDozODowMiBHTVQNClNlcnZlci1UaW1pbmc6IHF1ZXVlO2R1cj0wLjAsIGV4dHJhY3Q7ZHVyPTEyLjQNClgtQ29udGVudC1UeXBlLU9wdGlvbnM6IG5vc25pZmYNCg0K
1791347869916963723,200,12739635729,10063439,0,,,,215,POST,http://proxy:8080/extract,Q29udGVudC1MZW5ndGg6IDQxMzA1DQpDb250ZW50LVR5cGU6IGFwcGxpY2F0aW9uL2pzb24NCkRhdGU6IFdlZCwgMDcgT2N0IDIwMjYgMDQ6Mzg6MDEgR01UDQpTZXJ2ZXItVGltaW5nOiBxdWV1ZTtkdXI9MC4xLCBleHRyYWN0O2R1cj00MzIuMw0KWC1Db250ZW50LVR5cGUtT3B0aW9uczogbm9zbmlmZg0KDQo=
1791347869837668577,200,12832316666,10063439,0,,,,211,POST,http://proxy:8080/extract,Q29udGVudC1MZW5ndGg6IDQxMzA1DQpDb250ZW50LVR5cGU6IGFwcGxpY2F0aW9uL2pzb24NCkRhdGU6IFdlZCwgMDcgT2N0IDIwMjYgMDQ6Mzg6MDEgR01UDQpTZXJ2ZXItVGltaW5nOiBxdWV1ZTtkdXI9MC4wLCBleHRyYWN0O2R1cj02NDYuNg0KWC1Db250ZW50LVR5cGUtT3B0aW9uczogbm9zbmlmZg0KDQo=
1791347882420323460,200,253662187,93347,0,,,,840,POST,http://proxy:8080/extract,Q29udGVudC1MZW5ndGg6IDM2NjQNCkNvbnRlbnQtVHlwZTogYXBwbGljYXRpb24vanNvbg0KRGF0ZTogV2VkLCAwNyBPY3QgMjAyNiAwNDozODowMiBHTVQNClNlcnZlci1UaW1pbmc6IHF1ZXVlO2R1cj0wLjAsIGV4dHJhY3Q7ZHVyPTEwLjcNClgtQ29udGVudC1UeXBlLU9wdGlvbnM6IG5vc25pZmYNCg0K
1791347882357296692,200,319076935,147209,0,,,,837,POST,http://proxy:8080/extract,Q29udGVudC1MZW5ndGg6IDQ1MzQ1DQpDb250ZW50LVR5cGU6IGFwcGxpY2F0aW9uL2pzb24NCkRhdGU6IFdlZCwgMDcgT2N0IDIwMjYgMDQ6Mzg6MDIgR01UDQpTZXJ2ZXItVGltaW5nOiBxdWV1ZTtkdXI9MC4wLCBleHRyYWN0O2R1cj01MC4yDQpYLUNvbnRlbnQtVHlwZS1PcHRpb25zOiBub3NuaWZmDQoNCg==
1791347882504942169,200,189630116,93347,0,,,,844,POST,http://proxy:8080/extract,Q29udGVudC1MZW5ndGg6IDM2NjQNCkNvbnRlbnQtVHlwZTogYXBwbGljYXRpb24vanNvbg0KRGF0ZTogV2VkLCAwNyBPY3QgMjAyNiAwNDozODowMiBHTVQNClNlcnZlci1UaW1pbmc6IHF1ZXVlO2R1cj0wLjAsIGV4dHJhY3Q7ZHVyPTEwLjkNClgtQ29udGVudC1UeXBlLU9wdGlvbnM6IG5vc25pZmYNCg0K
1791347882577793212,200,134710977,93347,0,,,,848,POST,http://proxy:8080/extract,Q29udGVudC1MZW5ndGg6IDM2NjQNCkNvbnRlbnQtVHlwZTogYXBwbGljYXRpb24vanNvbg0KRGF0ZTogV2VkLCAwNyBPY3QgMjAyNiAwNDozODowMiBHTVQNClNlcnZlci1UaW1pbmc6IHF1ZXVlO2R1cj0wLjAsIGV4dHJhY3Q7ZHVyPTE5LjENClgtQ29udGVudC1UeXBlLU9wdGlvbnM6IG5vc25pZmYNCg0K
1791347882520963089,200,201228347,147209,0,,,,845,POST,http://proxy:8080/extract,Q29udGVudC1MZW5ndGg6IDQ1MzQ1DQpDb250ZW50LVR5cGU6IGFwcGxpY2F0aW9uL2pzb24NCkRhdGU6IFdlZCwgMDcgT2N0IDIwMjYgMDQ6Mzg6MDIgR01UDQpTZXJ2ZXItVGltaW5nOiBxdWV1ZTtkdXI9MC4wLCBleHRyYWN0O2R1cj00My41DQpYLUNvbnRlbnQtVHlwZS1PcHRpb25zOiBub3NuaWZmDQoNCg==
1791347882657723278,200,80250931,93347,0,,,,852,POST,http://proxy:8080/extract,Q29udGVudC1MZW5ndGg6IDM2NjQNCkNvbnRlbnQtVHlwZTogYXBwbGljYXRpb24vanNvbg0KRGF0ZTogV2VkLCAwNyBPY3QgMjAyNiAwNDozODowMiBHTVQNClNlcnZlci1UaW1pbmc6IHF1ZXVlO2R1cj0wLjAsIGV4dHJhY3Q7ZHVyPTEzLjQNClgtQ29udGVudC1UeXBlLU9wdGlvbnM6IG5vc25pZmYNCg0K
1791347882437552523,200,335970531,147209,0,,,,841,POST,http://proxy:8080/extract,Q29udGVudC1MZW5ndGg6IDQ1MzQ1DQpDb250ZW50LVR5cGU6IGFwcGxpY2F0aW9uL2pzb24NCkRhdGU6IFdlZCwgMDcgT2N0IDIwMjYgMDQ6Mzg6MDIgR01UDQpTZXJ2ZXItVGltaW5nOiBxdWV1ZTtkdXI9MC4wLCBleHRyYWN0O2R1cj05NS45DQpYLUNvbnRlbnQtVHlwZS1PcHRpb25zOiBub3NuaWZmDQoNCg==
1791347882677341421,200,110168144,147209,0,,,,853,POST,http://proxy:8080/extract,Q29udGVudC1MZW5ndGg6IDQ1MzQ1DQpDb250ZW50LVR5cGU6IGFwcGxpY2F0aW9uL2pzb24NCkRhdGU6IFdlZCwgMDcgT2N0IDIwMjYgMDQ6Mzg6MDIgR01UDQpTZXJ2ZXItVGltaW5nOiBxdWV1ZTtkdXI9MC4wLCBleHRyYWN0O2R1cj00NC42DQpYLUNvbnRlbnQtVHlwZS1PcHRpb25zOiBub3NuaWZmDQoNCg==
1791347869977116861,200,12810608548,736965,0,,,,218,POST,http://proxy:8080/extract,Q29udGVudC1MZW5ndGg6IDc5Mjg5NQ0KQ29udGVudC1UeXBlOiBhcHBsaWNhdGlvbi9qc29uDQpEYXRlOiBXZWQsIDA3IE9jdCAyMDI2IDA0OjM4OjAxIEdNVA0KU2VydmVyLVRpbWluZzogcXVldWU7ZHVyPTAuMCwgZXh0cmFjdDtkdXI9NTY1LjUNClgtQ29udGVudC1UeXBlLU9wdGlvbnM6IG5vc25pZmYNCg0K
1791347882738062026,200,52544762,93347,0,,,,856,POST,http://proxy:8080/extract,Q29udGVudC1MZW5ndGg6IDM2NjQNCkNvbnRlbnQtVHlwZTogYXBwbGljYXRpb24vanNvbg0KRGF0ZTogV2VkLCAwNyBPY3QgMjAyNiAwNDozODowMiBHTVQNClNlcnZlci1UaW1pbmc6IHF1ZXVlO2R1cj0wLjAsIGV4dHJhY3Q7ZHVyPTExLjgNClgtQ29udGVudC1UeXBlLU9wdGlvbnM6IG5vc25pZmYNCg0K
1791347882759539843,200,81684819,147209,0,,,,857,POST,http://proxy:8080/extract,Q29udGVudC1MZW5ndGg6IDQ1MzQ1DQpDb250ZW50LVR5cGU6IGFwcGxpY2F0aW9uL2pzb24NCkRhdGU6IFdlZCwgMDcgT2N0IDIwMjYgMDQ6Mzg6MDIgR01UDQpTZXJ2ZXItVGltaW5nOiBxdWV1ZTtkdXI9MC4wLCBleHRyYWN0O2R1cj01Mi44DQpYLUNvbnRlbnQtVHlwZS1PcHRpb25zOiBub3NuaWZmDQoNCg==
1791347882820217540,200,28169462,93347,0,,,,860,POST,http://proxy:8080/extract,Q29udGVudC1MZW5ndGg6IDM2NjQNCkNvbnRlbnQtVHlwZTogYXBwbGljYXRpb24vanNvbg0KRGF0ZTogV2VkLCAwNyBPY3QgMjAyNiAwNDozODowMiBHTVQNClNlcnZlci1UaW1pbmc6IHF1ZXVlO2R1cj0wLjAsIGV4dHJhY3Q7ZHVyPTUuOQ0KWC1Db250ZW50LVR5cGUtT3B0aW9uczogbm9zbmlmZg0KDQo=
1791347882605982678,200,273072988,147209,0,,,,849,POST,http://proxy:8080/extract,Q29udGVudC1MZW5ndGg6IDQ1MzQ1DQpDb250ZW50LVR5cGU6IGFwcGxpY2F0aW9uL2pzb24NCkRhdGU6IFdlZCwgMDcgT2N0IDIwMjYgMDQ6Mzg6MDIgR01UDQpTZXJ2ZXItVGltaW5nOiBxdWV1ZTtkdXI9MC4wLCBleHRyYWN0O2R1cj0xNTEuNg0KWC1Db250ZW50LVR5cGUtT3B0aW9uczogbm9zbmlmZg0KDQo=
1791347882837465607,200,88801549,147209,0,,,,861,POST,http://proxy:8080/extract,Q29udGVudC1MZW5ndGg6IDQ1MzQ1DQpDb250ZW50LVR5cGU6IGFwcGxpY2F0aW9uL2pzb24NCkRhdGU6IFdlZCwgMDcgT2N0IDIwMjYgMDQ6Mzg6MDIgR01UDQpTZXJ2ZXItVGltaW5nOiBxdWV1ZTtkdXI9MC4wLCBleHRyYWN0O2R1cj03MS41DQpYLUNvbnRlbnQtVHlwZS1PcHRpb25zOiBub3NuaWZmDQoNCg==
1791347869897832517,200,13044306729,736965,0,,,,214,POST,http://proxy:8080/extract,Q29udGVudC1MZW5ndGg6IDc5Mjg5NQ0KQ29udGVudC1UeXBlOiBhcHBsaWNhdGlvbi9qc29uDQpEYXRlOiBXZWQsIDA3IE9jdCAyMDI2IDA0OjM4OjAyIEdNVA0KU2VydmVyLVRpbWluZzogcXVldWU7ZHVyPTAuMCwgZXh0cmFjdDtkdXI9ODA2LjkNClgtQ29udGVudC1UeXBlLU9wdGlvbnM6IG5vc25pZmYNCg0K
1791347882926364876,200,42112664,93347,0,,,,864,POST,http://proxy:8080/extract,Q29udGVudC1MZW5ndGg6IDM2NjQNCkNvbnRlbnQtVHlwZTogYXBwbGljYXRpb24vanNvbg0KRGF0ZTogV2VkLCAwNyBPY3QgMjAyNiAwNDozODowMiBHTVQNClNlcnZlci1UaW1pbmc6IHF1ZXVlO2R1cj0wLjAsIGV4dHJhY3Q7ZHVyPTE0LjkNClgtQ29udGVudC1UeXBlLU9wdGlvbnM6IG5vc25pZmYNCg0K
1791347882926574918,200,99597819,147209,0,,,,865,POST,http://proxy:8080/extract,Q29udGVudC1MZW5ndGg6IDQ1MzQ1DQpDb250ZW50LVR5cGU6IGFwcGxpY2F0aW9uL2pzb24NCkRhdGU6IFdlZCwgMDcgT2N0IDIwMjYgMDQ6Mzg6MDIgR01UDQpTZXJ2ZXItVGltaW5nOiBxdWV1ZTtkdXI9MC4wLCBleHRyYWN0O2R1cj01Ni4xDQpYLUNvbnRlbnQtVHlwZS1PcHRpb25zOiBub3NuaWZmDQoNCg==
1791347882979004957,200,64460256,93347,0,,,,868,POST,http://proxy:8080/extract,Q29udGVudC1MZW5ndGg6IDM2NjQNCkNvbnRlbnQtVHlwZTogYXBwbGljYXRpb24vanNvbg0KRGF0ZTogV2VkLCAwNyBPY3QgMjAyNiAwNDozODowMiBHTVQNClNlcnZlci1UaW1pbmc6IHF1ZXVlO2R1cj0wLjAsIGV4dHJhY3Q7ZHVyPTE2LjANClgtQ29udGVudC1UeXBlLU9wdGlvbnM6IG5vc25pZmYNCg0K
1791347883004017584,200,117612040,147209,0,,,,869,POST,http://proxy:8080/extract,Q29udGVudC1MZW5ndGg6IDQ1MzQ1DQpDb250ZW50LVR5cGU6IGFwcGxpY2F0aW9uL2pzb24NCkRhdGU6IFdlZCwgMDcgT2N0IDIwMjYgMDQ6Mzg6MDIgR01UDQpTZXJ2ZXItVGltaW5nOiBxdWV1ZTtkdXI9MC4wLCBleHRyYWN0O2R1cj03NC41DQpYLUNvbnRlbnQtVHlwZS1PcHRpb25zOiBub3NuaWZmDQoNCg==
1791347883057883511,200,73172008,93347,0,,,,872,POST,http://proxy:8080/extract,Q29udGVudC1MZW5ndGg6IDM2NjQNCkNvbnRlbnQtVHlwZTogYXBwbGljYXRpb24vanNvbg0KRGF0ZTogV2VkLCAwNyBPY3QgMjAyNiAwNDozODowMyBHTVQNClNlcnZlci1UaW1pbmc6IHF1ZXVlO2R1cj0wLjAsIGV4dHJhY3Q7ZHVyPTUuNQ0KWC1Db250ZW50LVR5cGUtT3B0aW9uczogbm9zbmlmZg0KDQo=
1791347883079496156,200,110599230,147209,0,,,,873,POST,http://proxy:8080/extract,Q29udGVudC1MZW5ndGg6IDQ1MzQ1DQpDb250ZW50LVR5cGU6IGFwcGxpY2F0aW9uL2pzb24NCkRhdGU6IFdlZCwgMDcgT2N0IDIwMjYgMDQ6Mzg6MDMgR01UDQpTZXJ2ZXItVGltaW5nOiBxdWV1ZTtkdXI9MC4wLCBleHRyYWN0O2R1cj01Mi41DQpYLUNvbnRlbnQtVHlwZS1PcHRpb25zOiBub3NuaWZmDQoNCg==
1791347883137289472,200,75658808,93347,0,,,,876,POST,http://proxy:8080/extract,Q29udGVudC1MZW5ndGg6IDM2NjQNCkNvbnRlbnQtVHlwZTogYXBwbGljYXRpb24vanNvbg0KRGF0ZTogV2VkLCAwNyBPY3QgMjAyNiAwNDozODowMyBHTVQNClNlcnZlci1UaW1pbmc6IHF1ZXVlO2R1cj0wLjAsIGV4dHJhY3Q7ZHVyPTE3LjkNClgtQ29udGVudC1UeXBlLU9wdGlvbnM6IG5vc25pZmYNCg0K
1791347883159128862,200,128070142,147209,0,,,,877,POST,http://proxy:8080/extract,Q29udGVudC1MZW5ndGg6IDQ1MzQ1DQpDb250ZW50LVR5cGU6IGFwcGxpY2F0aW9uL2pzb24NCkRhdGU6IFdlZCwgMDcgT2N0IDIwMjYgMDQ6Mzg6MDMgR01UDQpTZXJ2ZXItVGltaW5nOiBxdWV1ZTtkdXI9MC4wLCBleHRyYWN0O2R1cj02Mi40DQpYLUNvbnRlbnQtVHlwZS1PcHRpb25zOiBub3NuaWZmDQoNCg==
1791347883217160926,200,91890671,93347,0,,,,880,POST,http://proxy:8080/extract,Q29udGVudC1MZW5ndGg6IDM2NjQNCkNvbnRlbnQtVHlwZTogYXBwbGljYXRpb24vanNvbg0KRGF0ZTogV2VkLCAwNyBPY3QgMjAyNiAwNDozODowMyBHTVQNClNlcnZlci1UaW1pbmc6IHF1ZXVlO2R1cj0wLjAsIGV4dHJhY3Q7ZHVyPTE1LjcNClgtQ29udGVudC1UeXBlLU9wdGlvbnM6IG5vc25pZmYNCg0K
1791347869999551169,200,13324457934,10063439,0,,,,219,POST,http://proxy:8080/extract,Q29udGVudC1MZW5ndGg6IDQxMzA1DQpDb250ZW50LVR5cGU6IGFwcGxpY2F0aW9uL2pzb24NCkRhdGU6IFdlZCwgMDcgT2N0IDIwMjYgMDQ6Mzg6MDIgR01UDQpTZXJ2ZXItVGltaW5nOiBxdWV1ZTtkdXI9MC4wLCBleHRyYWN0O2R1cj00NjAuOA0KWC1Db250ZW50LVR5cGUtT3B0aW9uczogbm9zbmlmZg0KDQo=
1791347883300097897,200,57323022,93347,0,,,,884,POST,http://proxy:8080/extract,Q29udGVudC1MZW5ndGg6IDM2NjQNCkNvbnRlbnQtVHlwZTogYXBwbGljYXRpb24vanNvbg0KRGF0ZTogV2VkLCAwNyBPY3QgMjAyNiAwNDozODowMiBHTVQNClNlcnZlci1UaW1pbmc6IHF1ZXVlO2R1cj0wLjAsIGV4dHJhY3Q7ZHVyPTI4LjUNClgtQ29udGVudC1UeXBlLU9wdGlvbnM6IG5vc25pZmYNCg0K
1791347883237603335,200,149835318,147209,0,,,,881,POST,http://proxy:8080/extract,Q29udGVudC1MZW5ndGg6IDQ1MzQ1DQpDb250ZW50LVR5cGU6IGFwcGxpY2F0aW9uL2pzb24NCkRhdGU6IFdlZCwgMDcgT2N0IDIwMjYgMDQ6Mzg6MDMgR01UDQpTZXJ2ZXItVGltaW5nOiBxdWV1ZTtkdXI9MC4xLCBleHRyYWN0O2R1cj03NS4xDQpYLUNvbnRlbnQtVHlwZS1PcHRpb25zOiBub3NuaWZmDQoNCg==
1791347883377760207,200,21714365,93347,0,,,,888,POST,http://proxy:8080/extract,Q29udGVudC1MZW5ndGg6IDM2NjQNCkNvbnRlbnQtVHlwZTogYXBwbGljYXRpb24vanNvbg0KRGF0ZTogV2VkLCAwNyBPY3QgMjAyNiAwNDozODowMyBHTVQNClNlcnZlci1UaW1pbmc6IHF1ZXVlO2R1cj0wLjAsIGV4dHJhY3Q7ZHVyPTEwLjcNClgtQ29udGVudC1UeXBlLU9wdGlvbnM6IG5vc25pZmYNCg0K
1791347870063904145,200,13337162547,736965,0,,,,222,POST,http://proxy:8080/extract,Q29udGVudC1MZW5ndGg6IDc5Mjg5NQ0KQ29udGVudC1UeXBlOiBhcHBsaWNhdGlvbi9qc29uDQpEYXRlOiBXZWQsIDA3IE9jdCAyMDI2IDA0OjM4OjAyIEdNVA0KU2VydmVyLVRpbWluZzogcXVldWU7ZHVyPTAuMCwgZXh0cmFjdDtkdXI9NjA1LjgNClgtQ29udGVudC1UeXBlLU9wdGlvbnM6IG5vc25pZmYNCg0K
1791347883323183637,200,108717053,147209,0,,,,885,POST,http://proxy:8080/extract,Q29udGVudC1MZW5ndGg6IDQ1MzQ1DQpDb250ZW50LVR5cGU6IGFwcGxpY2F0aW9uL2pzb24NCkRhdGU6IFdlZCwgMDcgT2N0IDIwMjYgMDQ6Mzg6MDIgR01UDQpTZXJ2ZXItVGltaW5nOiBxdWV1ZTtkdXI9MC4wLCBleHRyYWN0O2R1cj03Mi41DQpYLUNvbnRlbnQtVHlwZS1PcHRpb25zOiBub3NuaWZmDQoNCg==
1791347883397520179,200,86450577,147209,0,,,,889,POST,http://proxy:8080/extract,Q29udGVudC1MZW5ndGg6IDQ1MzQ1DQpDb250ZW50LVR5cGU6IGFwcGxpY2F0aW9uL2pzb24NCkRhdGU6IFdlZCwgMDcgT2N0IDIwMjYgMDQ6Mzg6MDMgR01UDQpTZXJ2ZXItVGltaW5nOiBxdWV1ZTtkdXI9MC4wLCBleHRyYWN0O2R1cj03Mi4wDQpYLUNvbnRlbnQtVHlwZS1PcHRpb25zOiBub3NuaWZmDQoNCg==
1791347870080201221,200,13425413485,10063439,0,,,,223,POST,http://proxy:8080/extract,Q29udGVudC1MZW5ndGg6IDQxMzA1DQpDb250ZW50LVR5cGU6IGFwcGxpY2F0aW9uL2pzb24NCkRhdGU6IFdlZCwgMDcgT2N0IDIwMjYgMDQ6Mzg6MDIgR01UDQpTZXJ2ZXItVGltaW5nOiBxdWV1ZTtkdXI9MC4wLCBleHRyYWN0O2R1cj01MzUuMQ0KWC1Db250ZW50LVR5cGUtT3B0aW9uczogbm9zbmlmZg0KDQo=
1791347883457091353,200,53162486,93347,0,,,,892,POST,http://proxy:8080/extract,Q29udGVudC1MZW5ndGg6IDM2NjQNCkNvbnRlbnQtVHlwZTogYXBwbGljYXRpb24vanNvbg0KRGF0ZTogV2VkLCAwNyBPY3QgMjAyNiAwNDozODowMyBHTVQNClNlcnZlci1UaW1pbmc6IHF1ZXVlO2R1cj0wLjAsIGV4dHJhY3Q7ZHVyPTcuOQ0KWC1Db250ZW50LVR5cGUtT3B0aW9uczogbm9zbmlmZg0KDQo=
1791347870137346002,200,13393967270,736965,0,,,,226,POST,http://proxy:8080/extract,Q29udGVudC1MZW5ndGg6IDc5Mjg5NQ0KQ29udGVudC1UeXBlOiBhcHBsaWNhdGlvbi9qc29uDQpEYXRlOiBXZWQsIDA3IE9jdCAyMDI2IDA0OjM4OjAyIEdNVA0KU2VydmVyLVRpbWluZzogcXVldWU7ZHVyPTAuMCwgZXh0cmFjdDtkdXI9NTg0LjMNClgtQ29udGVudC1UeXBlLU9wdGlvbnM6IG5vc25pZmYNCg0K
1791347883481561572,200,107188545,147209,0,,,,893,POST,http://proxy:8080/extract,Q29udGVudC1MZW5ndGg6IDQ1MzQ1DQpDb250ZW50LVR5cGU6IGFwcGxpY2F0aW9uL2pzb24NCkRhdGU6IFdlZCwgMDcgT2N0IDIwMjYgMDQ6Mzg6MDMgR01UDQpTZXJ2ZXItVGltaW5nOiBxdWV1ZTtkdXI9MC4wLCBleHRyYWN0O2R1cj03OS4zDQpYLUNvbnRlbnQtVHlwZS1PcHRpb25zOiBub3NuaWZmDQoNCg==
1791347883537019519,200,69627395,93347,0,,,,896,POST,http://proxy:8080/extract,Q29udGVudC1MZW5ndGg6IDM2NjQNCkNvbnRlbnQtVHlwZTogYXBwbGljYXRpb24vanNvbg0KRGF0ZTogV2VkLCAwNyBPY3QgMjAyNiAwNDozODowMyBHTVQNClNlcnZlci1UaW1pbmc6IHF1ZXVlO2R1cj0wLjAsIGV4dHJhY3Q7ZHVyPTE2LjYNClgtQ29udGVudC1UeXBlLU9wdGlvbnM6IG5vc25pZmYNCg0K
1791347883560092857,200,111224256,147209,0,,,,897,POST,http://proxy:8080/extract,Q29udGVudC1MZW5ndGg6IDQ1MzQ1DQpDb250ZW50LVR5cGU6IGFwcGxpY2F0aW9uL2pzb24NCkRhdGU6IFdlZCwgMDcgT2N0IDIwMjYgMDQ6Mzg6MDMgR01UDQpTZXJ2ZXItVGltaW5nOiBxdWV1ZTtkdXI9MC4wLCBleHRyYWN0O2R1cj01OC4zDQpYLUNvbnRlbnQtVHlwZS1PcHRpb25zOiBub3NuaWZmDQoNCg==
1791347883617477391,200,61115784,93347,0,,,,900,POST,http://proxy:8080/extract,Q29udGVudC1MZW5ndGg6IDM2NjQNCkNvbnRlbnQtVHlwZTogYXBwbGljYXRpb24vanNvbg0KRGF0ZTogV2VkLCAwNyBPY3QgMjAyNiAwNDozODowMyBHTVQNClNlcnZlci1UaW1pbmc6IHF1ZXVlO2R1cj0wLjAsIGV4dHJhY3Q7ZHVyPTUuNw0KWC1Db250ZW50LVR5cGUtT3B0aW9uczogbm9zbmlmZg0KDQo=
1791347883636909097,200,115796875,147209,0,,,,901,POST,http://proxy:8080/extract,Q29udGVudC1MZW5ndGg6IDQ1MzQ1DQpDb250ZW50LVR5cGU6IGFwcGxpY2F0aW9uL2pzb24NCkRhdGU6IFdlZCwgMDcgT2N0IDIwMjYgMDQ6Mzg6MDMgR01UDQpTZXJ2ZXItVGltaW5nOiBxdWV1ZTtkdXI9MC4wLCBleHRyYWN0O2R1cj01Mi4yDQpYLUNvbnRlbnQtVHlwZS1PcHRpb25zOiBub3NuaWZmDQoNCg==
1791347870157884022,200,13599488688,10063439,0,,,,227,POST,http://proxy:8080/extract,Q29udGVudC1MZW5ndGg6IDQxMzA1DQpDb250ZW50LVR5cGU6IGFwcGxpY2F0aW9uL2pzb24NCkRhdGU6IFdlZCwgMDcgT2N0IDIwMjYgMDQ6Mzg6MDMgR01UDQpTZXJ2ZXItVGltaW5nOiBxdWV1ZTtkdXI9MC4wLCBleHRyYWN0O2R1cj0yNjUuNg0KWC1Db250ZW50LVR5cGUtT3B0aW9uczogbm9zbmlmZg0KDQo=
1791347883707440174,200,62799223,93347,0,,,,904,POST,http://proxy:8080/extract,Q29udGVudC1MZW5ndGg6IDM2NjQNCkNvbnRlbnQtVHlwZTogYXBwbGljYXRpb24vanNvbg0KRGF0ZTogV2VkLCAwNyBPY3QgMjAyNiAwNDozODowMyBHTVQNClNlcnZlci1UaW1pbmc6IHF1ZXVlO2R1cj0wLjAsIGV4dHJhY3Q7ZHVyPTExLjINClgtQ29udGVudC1UeXBlLU9wdGlvbnM6IG5vc25pZmYNCg0K
1791347870237652540,200,13532694878,10063439,0,,,,231,POST,http://proxy:8080/extract,Q29udGVudC1MZW5ndGg6IDQxMzA1DQpDb250ZW50LVR5cGU6IGFwcGxpY2F0aW9uL2pzb24NCkRhdGU6IFdlZCwgMDcgT2N0IDIwMjYgMDQ6Mzg6MDMgR01UDQpTZXJ2ZXItVGltaW5nOiBxdWV1ZTtkdXI9MC4wLCBleHRyYWN0O2R1cj0yMjEuNA0KWC1Db250ZW50LVR5cGUtT3B0aW9uczogbm9zbmlmZg0KDQo=
1791347883717875971,200,94464588,147209,0,,,,905,POST,http://proxy:8080/extract,Q29udGVudC1MZW5ndGg6IDQ1MzQ1DQpDb250ZW50LVR5cGU6IGFwcGxpY2F0aW9uL2pzb24NCkRhdGU6IFdlZCwgMDcgT2N0IDIwMjYgMDQ6Mzg6MDMgR01UDQpTZXJ2ZXItVGltaW5nOiBxdWV1ZTtkdXI9MC4wLCBleHRyYWN0O2R1cj00Ni4wDQpYLUNvbnRlbnQtVHlwZS1PcHRpb25zOiBub3NuaWZmDQoNCg==
1791347883784804224,200,36709779,93347,0,,,,908,POST,http://proxy:8080/extract,Q29udGVudC1MZW5ndGg6IDM2NjQNCkNvbnRlbnQtVHlwZTogYXBwbGljYXRpb24vanNvbg0KRGF0ZTogV2VkLCAwNyBPY3QgMjAyNiAwNDozODowMyBHTVQNClNlcnZlci1UaW1pbmc6IHF1ZXVlO2R1cj0wLjAsIGV4dHJhY3Q7ZHVyPTkuMw0KWC1Db250ZW50LVR5cGUtT3B0aW9uczogbm9zbmlmZg0KDQo=
1791347883799324043,200,66005167,147209,0,,,,909,POST,http://proxy:8080/extract,Q29udGVudC1MZW5ndGg6IDQ1MzQ1DQpDb250ZW50LVR5cGU6IGFwcGxpY2F0aW9uL2pzb24NCkRhdGU6IFdlZCwgMDcgT2N0IDIwMjYgMDQ6Mzg6MDMgR01UDQpTZXJ2ZXItVGltaW5nOiBxdWV1ZTtkdXI9MC4wLCBleHRyYWN0O2R1cj00MC43DQpYLUNvbnRlbnQtVHlwZS1PcHRpb25zOiBub3NuaWZmDQoNCg==
1791347883857766090,200,23101643,93347,0,,,,912,POST,http://proxy:8080/extract,Q29udGVudC1MZW5ndGg6IDM2NjQNCkNvbnRlbnQtVHlwZTogYXBwbGljYXRpb24vanNvbg0KRGF0ZTogV2VkLCAwNyBPY3QgMjAyNiAwNDozODowMyBHTVQNClNlcnZlci1UaW1pbmc6IHF1ZXVlO2R1cj0wLjAsIGV4dHJhY3Q7ZHVyPTguMg0KWC1Db250ZW50LVR5cGUtT3B0aW9uczogbm9zbmlmZg0KDQo=
1791347883878854629,200,67666801,147209,0,,,,913,POST,http://proxy:8080/extract,Q29udGVudC1MZW5ndGg6IDQ1MzQ1DQpDb250ZW50LVR5cGU6IGFwcGxpY2F0aW9uL2pzb24NCkRhdGU6IFdlZCwgMDcgT2N0IDIwMjYgMDQ6Mzg6MDMgR01UDQpTZXJ2ZXItVGltaW5nOiBxdWV1ZTtkdXI9MC4wLCBleHRyYWN0O2R1cj02My43DQpYLUNvbnRlbnQtVHlwZS1PcHRpb25zOiBub3NuaWZmDQoNCg==
1791347883937178052,200,26545235,93347,0,,,,916,POST,http://proxy:8080/extract,Q29udGVudC1MZW5ndGg6IDM2NjQNCkNvbnRlbnQtVHlwZTogYXBwbGljYXRpb24vanNvbg0KRGF0ZTogV2VkLCAwNyBPY3QgMjAyNiAwNDozODowMyBHTVQNClNlcnZlci1UaW1pbmc6IHF1ZXVlO2R1cj0wLjAsIGV4dHJhY3Q7ZHVyPTE0LjMNClgtQ29udGVudC1UeXBlLU9wdGlvbnM6IG5vc25pZmYNCg0K
1791347883957498836,200,55057267,147209,0,,,,917,POST,http://proxy:8080/extract,Q29udGVudC1MZW5ndGg6IDQ1MzQ1DQpDb250ZW50LVR5cGU6IGFwcGxpY2F0aW9uL2pzb24NCkRhdGU6IFdlZCwgMDcgT2N0IDIwMjYgMDQ6Mzg6MDMgR01UDQpTZXJ2ZXItVGltaW5nOiBxdWV1ZTtkdXI9MC4wLCBleHRyYWN0O2R1cj00NC40DQpYLUNvbnRlbnQtVHlwZS1PcHRpb25zOiBub3NuaWZmDQoNCg==
1791347870217631798,200,13954009581,736965,0,,,,230,POST,http://proxy:8080/extract,Q29udGVudC1MZW5ndGg6IDc5Mjg5NQ0KQ29udGVudC1UeXBlOiBhcHBsaWNhdGlvbi9qc29uDQpEYXRlOiBXZWQsIDA3IE9jdCAyMDI2IDA0OjM4OjAzIEdNVA0KU2VydmVyLVRpbWluZzogcXVldWU7ZHVyPTAuMCwgZXh0cmFjdDtkdXI9NzMxLjcNClgtQ29udGVudC1UeXBlLU9wdGlvbnM6IG5vc25pZmYNCg0K
1791347884017012999,200,171567585,93347,0,,,,920,POST,http://proxy:8080/extract,Q29udGVudC1MZW5ndGg6IDM2NjQNCkNvbnRlbnQtVHlwZTogYXBwbGljYXRpb24vanNvbg0KRGF0ZTogV2VkLCAwNyBPY3QgMjAyNiAwNDozODowMyBHTVQNClNlcnZlci1UaW1pbmc6IHF1ZXVlO2R1cj0wLjAsIGV4dHJhY3Q7ZHVyPTE1LjUNClgtQ29udGVudC1UeXBlLU9wdGlvbnM6IG5vc25pZmYNCg0K
1791347870317425358,200,13901720870,10063439,0,,,,235,POST,http://proxy:8080/extract,Q29udGVudC1MZW5ndGg6IDQxMzA1DQpDb250ZW50LVR5cGU6IGFwcGxpY2F0aW9uL2pzb24NCkRhdGU6IFdlZCwgMDcgT2N0IDIwMjYgMDQ6Mzg6MDMgR01UDQpTZXJ2ZXItVGltaW5nOiBxdWV1ZTtkdXI9MC4wLCBleHRyYWN0O2R1cj0zODIuNg0KWC1Db250ZW50LVR5cGUtT3B0aW9uczogbm9zbmlmZg0KDQo=
1791347884097382653,200,128352199,93347,0,,,,924,POST,http://proxy:8080/extract,Q29udGVudC1MZW5ndGg6IDM2NjQNCkNvbnRlbnQtVHlwZTogYXBwbGljYXRpb24vanNvbg0KRGF0ZTogV2VkLCAwNyBPY3QgMjAyNiAwNDozODowMyBHTVQNClNlcnZlci1UaW1pbmc6IHF1ZXVlO2R1cj0wLjAsIGV4dHJhY3Q7ZHVyPTUuNA0KWC1Db250ZW50LVR5cGUtT3B0aW9uczogbm9zbmlmZg0KDQo=
1791347884037022221,200,222359694,147209,0,,,,921,POST,http://proxy:8080/extract,Q29udGVudC1MZW5ndGg6IDQ1MzQ1DQpDb250ZW50LVR5cGU6IGFwcGxpY2F0aW9uL2pzb24NCkRhdGU6IFdlZCwgMDcgT2N0IDIwMjYgMDQ6Mzg6MDMgR01UDQpTZXJ2ZXItVGltaW5nOiBxdWV1ZTtkdXI9MC4wLCBleHRyYWN0O2R1cj02OC40DQpYLUNvbnRlbnQtVHlwZS1PcHRpb25zOiBub3NuaWZmDQoNCg==
1791347870397367002,200,13868319081,10063439,0,,,,239,POST,http://proxy:8080/extract,Q29udGVudC1MZW5ndGg6IDQxMzA1DQpDb250ZW50LVR5cGU6IGFwcGxpY2F0aW9uL2pzb24NCkRhdGU6IFdlZCwgMDcgT2N0IDIwMjYgMDQ6Mzg6MDMgR01UDQpTZXJ2ZXItVGltaW5nOiBxdWV1ZTtkdXI9MC4wLCBleHRyYWN0O2R1cj0yMTQuMw0KWC1Db250ZW50LVR5cGUtT3B0aW9uczogbm9zbmlmZg0KDQo=
1791347870377226042,200,13904222409,736965,0,,,,238,POST,http://proxy:8080/extract,Q29udGVudC1MZW5ndGg6IDc5Mjg5NQ0KQ29udGVudC1UeXBlOiBhcHBsaWNhdGlvbi9qc29uDQpEYXRlOiBXZWQsIDA3IE9jdCAyMDI2IDA0OjM4OjAzIEdNVA0KU2VydmVyLVRpbWluZzogcXVldWU7ZHVyPTAuMCwgZXh0cmFjdDtkdXI9NTA1LjkNClgtQ29udGVudC1UeXBlLU9wdGlvbnM6IG5vc25pZmYNCg0K
1791347884123061515,200,158740407,147209,0,,,,925,POST,http://proxy:8080/extract,Q29udGVudC1MZW5ndGg6IDQ1MzQ1DQpDb250ZW50LVR5cGU6IGFwcGxpY2F0aW9uL2pzb24NCkRhdGU6IFdlZCwgMDcgT2N0IDIwMjYgMDQ6Mzg6MDMgR01UDQpTZXJ2ZXItVGltaW5nOiBxdWV1ZTtkdXI9MC4wLCBleHRyYWN0O2R1cj01My43DQpYLUNvbnRlbnQtVHlwZS1PcHRpb25zOiBub3NuaWZmDQoNCg==
1791347884177867231,200,129607751,93347,0,,,,928,POST,http://proxy:8080/extract,Q29udGVudC1MZW5ndGg6IDM2NjQNCkNvbnRlbnQtVHlwZTogYXBwbGljYXRpb24vanNvbg0KRGF0ZTogV2VkLCAwNyBPY3QgMjAyNiAwNDozODowMyBHTVQNClNlcnZlci1UaW1pbmc6IHF1ZXVlO2R1cj0wLjAsIGV4dHJhY3Q7ZHVyPTMwLjINClgtQ29udGVudC1UeXBlLU9wdGlvbnM6IG5vc25pZmYNCg0K
1791347870302373271,200,14013072013,736965,0,,,,234,POST,http://proxy:8080/extract,Q29udGVudC1MZW5ndGg6IDc5Mjg5NQ0KQ29udGVudC1UeXBlOiBhcHBsaWNhdGlvbi9qc29uDQpEYXRlOiBXZWQsIDA3IE9jdCAyMDI2IDA0OjM4OjAyIEdNVA0KU2VydmVyLVRpbWluZzogcXVldWU7ZHVyPTAuMCwgZXh0cmFjdDtkdXI9NzYwLjENClgtQ29udGVudC1UeXBlLU9wdGlvbnM6IG5vc25pZmYNCg0K
1791347884256938924,200,63495463,93347,0,,,,932,POST,http://proxy:8080/extract,Q29udGVudC1MZW5ndGg6IDM2NjQNCkNvbnRlbnQtVHlwZTogYXBwbGljYXRpb24vanNvbg0KRGF0ZTogV2VkLCAwNyBPY3QgMjAyNiAwNDozODowMyBHTVQNClNlcnZlci1UaW1pbmc6IHF1ZXVlO2R1cj0wLjAsIGV4dHJhY3Q7ZHVyPTM0LjkNClgtQ29udGVudC1UeXBlLU9wdGlvbnM6IG5vc25pZmYNCg0K
1791347884198636305,200,139362313,147209,0,,,,929,POST,http://proxy:8080/extract,Q29udGVudC1MZW5ndGg6IDQ1MzQ1DQpDb250ZW50LVR5cGU6IGFwcGxpY2F0aW9uL2pzb24NCkRhdGU6IFdlZCwgMDcgT2N0IDIwMjYgMDQ6Mzg6MDQgR01UDQpTZXJ2ZXItVGltaW5nOiBxdWV1ZTtkdXI9MC4wLCBleHRyYWN0O2R1cj02Ny4zDQpYLUNvbnRlbnQtVHlwZS1PcHRpb25zOiBub3NuaWZmDQoNCg==
1791347884337581334,200,11975307,93347,0,,,,936,POST,http://proxy:8080/extract,Q29udGVudC1MZW5ndGg6IDM2NjQNCkNvbnRlbnQtVHlwZTogYXBwbGljYXRpb24vanNvbg0KRGF0ZTogV2VkLCAwNyBPY3QgMjAyNiAwNDozODowNCBHTVQNClNlcnZlci1UaW1pbmc6IHF1ZXVlO2R1cj0wLjAsIGV4dHJhY3Q7ZHVyPTcuNw0KWC1Db250ZW50LVR5cGUtT3B0aW9uczogbm9zbmlmZg0KDQo=
1791347884277906339,200,92073907,147209,0,,,,933,POST,http://proxy:8080/extract,Q29udGVudC1MZW5ndGg6IDQ1MzQ1DQpDb250ZW50LVR5cGU6IGFwcGxpY2F0aW9uL2pzb24NCkRhdGU6IFdlZCwgMDcgT2N0IDIwMjYgMDQ6Mzg6MDMgR01UDQpTZXJ2ZXItVGltaW5nOiBxdWV1ZTtkdXI9MC4wLCBleHRyYWN0O2R1cj04My44DQpYLUNvbnRlbnQtVHlwZS1PcHRpb25zOiBub3NuaWZmDQoNCg==
1791347884358430224,200,91701533,147209,0,,,,937,POST,http://proxy:8080/extract,Q29udGVudC1MZW5ndGg6IDQ1MzQ1DQpDb250ZW50LVR5cGU6IGFwcGxpY2F0aW9uL2pzb24NCkRhdGU6IFdlZCwgMDcgT2N0IDIwMjYgMDQ6Mzg6MDQgR01UDQpTZXJ2ZXItVGltaW5nOiBxdWV1ZTtkdXI9MC4wLCBleHRyYWN0O2R1cj03OC41DQpYLUNvbnRlbnQtVHlwZS1PcHRpb25zOiBub3NuaWZmDQoNCg==
1791347884417421882,200,40759593,93347,0,,,,940,POST,http://proxy:8080/extract,Q29udGVudC1MZW5ndGg6IDM2NjQNCkNvbnRlbnQtVHlwZTogYXBwbGljYXRpb24vanNvbg0KRGF0ZTogV2VkLCAwNyBPY3QgMjAyNiAwNDozODowNCBHTVQNClNlcnZlci1UaW1pbmc6IHF1ZXVlO2R1cj0wLjAsIGV4dHJhY3Q7ZHVyPTYuOQ0KWC1Db250ZW50LVR5cGUtT3B0aW9uczogbm9zbmlmZg0KDQo=
1791347884437785375,200,68531975,147209,0,,,,941,POST,http://proxy:8080/extract,Q29udGVudC1MZW5ndGg6IDQ1MzQ1DQpDb250ZW50LVR5cGU6IGFwcGxpY2F0aW9uL2pzb24NCkRhdGU6IFdlZCwgMDcgT2N0IDIwMjYgMDQ6Mzg6MDQgR01UDQpTZXJ2ZXItVGltaW5nOiBxdWV1ZTtkdXI9MC4wLCBleHRyYWN0O2R1cj00Ny4yDQpYLUNvbnRlbnQtVHlwZS1PcHRpb25zOiBub3NuaWZmDQoNCg==
1791347884497961971,200,25446815,93347,0,,,,944,POST,http://proxy:8080/extract,Q29udGVudC1MZW5ndGg6IDM2NjQNCkNvbnRlbnQtVHlwZTogYXBwbGljYXRpb24vanNvbg0KRGF0ZTogV2VkLCAwNyBPY3QgMjAyNiAwNDozODowNCBHTVQNClNlcnZlci1UaW1pbmc6IHF1ZXVlO2R1cj0wLjAsIGV4dHJhY3Q7ZHVyPTE1LjcNClgtQ29udGVudC1UeXBlLU9wdGlvbnM6IG5vc25pZmYNCg0K
1791347884517524503,200,65058677,147209,0,,,,945,POST,http://proxy:8080/extract,Q29udGVudC1MZW5ndGg6IDQ1MzQ1DQpDb250ZW50LVR5cGU6IGFwcGxpY2F0aW9uL2pzb24NCkRhdGU6IFdlZCwgMDcgT2N0IDIwMjYgMDQ6Mzg6MDQgR01UDQpTZXJ2ZXItVGltaW5nOiBxdWV1ZTtkdXI9MC4wLCBleHRyYWN0O2R1cj01OC41DQpYLUNvbnRlbnQtVHlwZS1PcHRpb25zOiBub3NuaWZmDQoNCg==
1791347884577607780,200,23206664,93347,0,,,,948,POST,http://proxy:8080/extract,Q29udGVudC1MZW5ndGg6IDM2NjQNCkNvbnRlbnQtVHlwZTogYXBwbGljYXRpb24vanNvbg0KRGF0ZTogV2VkLCAwNyBPY3QgMjAyNiAwNDozODowNCBHTVQNClNlcnZlci1UaW1pbmc6IHF1ZXVlO2R1cj0wLjAsIGV4dHJhY3Q7ZHVyPTE2LjUNClgtQ29udGVudC1UeXBlLU9wdGlvbnM6IG5vc25pZmYNCg0K
1791347870557579941,200,14075888967,10063439,0,,,,247,POST,http://proxy:8080/extract,Q29udGVudC1MZW5ndGg6IDQxMzA1DQpDb250ZW50LVR5cGU6IGFwcGxpY2F0aW9uL2pzb24NCkRhdGU6IFdlZCwgMDcgT2N0IDIwMjYgMDQ6Mzg6MDQgR01UDQpTZXJ2ZXItVGltaW5nOiBxdWV1ZTtkdXI9MC4wLCBleHRyYWN0O2R1cj0yMzQuNg0KWC1Db250ZW50LVR5cGUtT3B0aW9uczogbm9zbmlmZg0KDQo=
1791347884597047287,200,70448060,147209,0,,,,949,POST,http://proxy:8080/extract,Q29udGVudC1MZW5ndGg6IDQ1MzQ1DQpDb250ZW50LVR5cGU6IGFwcGxpY2F0aW9uL2pzb24NCkRhdGU6IFdlZCwgMDcgT2N0IDIwMjYgMDQ6Mzg6MDQgR01UDQpTZXJ2ZXItVGltaW5nOiBxdWV1ZTtkdXI9MC4wLCBleHRyYWN0O2R1cj02NS4xDQpYLUNvbnRlbnQtVHlwZS1PcHRpb25zOiBub3NuaWZmDQoNCg==
1791347884656910120,200,25939614,93347,0,,,,952,POST,http://proxy:8080/extract,Q29udGVudC1MZW5ndGg6IDM2NjQNCkNvbnRlbnQtVHlwZTogYXBwbGljYXRpb24vanNvbg0KRGF0ZTogV2VkLCAwNyBPY3QgMjAyNiAwNDozODowNCBHTVQNClNlcnZlci1UaW1pbmc6IHF1ZXVlO2R1cj0wLjAsIGV4dHJhY3Q7ZHVyPTE0LjINClgtQ29udGVudC1UeXBlLU9wdGlvbnM6IG5vc25pZmYNCg0K
1791347870477193229,200,14225580609,10063439,0,,,,243,POST,http://proxy:8080/extract,Q29udGVudC1MZW5ndGg6IDQxMzA1DQpDb250ZW50LVR5cGU6IGFwcGxpY2F0aW9uL2pzb24NCkRhdGU6IFdlZCwgMDcgT2N0IDIwMjYgMDQ6Mzg6MDMgR01UDQpTZXJ2ZXItVGltaW5nOiBxdWV1ZTtkdXI9MC4xLCBleHRyYWN0O2R1cj0zMjcuMA0KWC1Db250ZW50LVR5cGUtT3B0aW9uczogbm9zbmlmZg0KDQo=
1791347884676888335,200,74290133,147209,0,,,,953,POST,http://proxy:8080/extract,Q29udGVudC1MZW5ndGg6IDQ1MzQ1DQpDb250ZW50LVR5cGU6IGFwcGxpY2F0aW9uL2pzb24NCkRhdGU6IFdlZCwgMDcgT2N0IDIwMjYgMDQ6Mzg6MDQgR01UDQpTZXJ2ZXItVGltaW5nOiBxdWV1ZTtkdXI9MC4wLCBleHRyYWN0O2R1cj01OS41DQpYLUNvbnRlbnQtVHlwZS1PcHRpb25zOiBub3NuaWZmDQoNCg==
1791347870538378524,200,14427456290,736965,0,,,,246,POST,http://proxy:8080/extract,Q29udGVudC1MZW5ndGg6IDc5Mjg5NQ0KQ29udGVudC1UeXBlOiBhcHBsaWNhdGlvbi9qc29uDQpEYXRlOiBXZWQsIDA3IE9jdCAyMDI2IDA0OjM4OjA0IEdNVA0KU2VydmVyLVRpbWluZzogcXVldWU7ZHVyPTAuMCwgZXh0cmFjdDtkdXI9NjA0LjMNClgtQ29udGVudC1UeXBlLU9wdGlvbnM6IG5vc25pZmYNCg0K
1791347884739359292,200,232509935,93347,0,,,,956,POST,http://proxy:8080/extract,Q29udGVudC1MZW5ndGg6IDM2NjQNCkNvbnRlbnQtVHlwZTogYXBwbGljYXRpb24vanNvbg0KRGF0ZTogV2VkLCAwNyBPY3QgMjAyNiAwNDozODowNCBHTVQNClNlcnZlci1UaW1pbmc6IHF1ZXVlO2R1cj0wLjAsIGV4dHJhY3Q7ZHVyPTYuMg0KWC1Db250ZW50LVR5cGUtT3B0aW9uczogbm9zbmlmZg0KDQo=
1791347884756845807,200,299212242,147209,0,,,,957,POST,http://proxy:8080/extract,Q29udGVudC1MZW5ndGg6IDQ1MzQ1DQpDb250ZW50LVR5cGU6IGFwcGxpY2F0aW9uL2pzb24NCkRhdGU6IFdlZCwgMDcgT2N0IDIwMjYgMDQ6Mzg6MDQgR01UDQpTZXJ2ZXItVGltaW5nOiBxdWV1ZTtkdXI9MC4wLCBleHRyYWN0O2R1cj00Ni43DQpYLUNvbnRlbnQtVHlwZS1PcHRpb25zOiBub3NuaWZmDQoNCg==
1791347884818173734,200,265161398,93347,0,,,,960,POST,http://proxy:8080/extract,Q29udGVudC1MZW5ndGg6IDM2NjQNCkNvbnRlbnQtVHlwZTogYXBwbGljYXRpb24vanNvbg0KRGF0ZTogV2VkLCAwNyBPY3QgMjAyNiAwNDozODowNCBHTVQNClNlcnZlci1UaW1pbmc6IHF1ZXVlO2R1cj0wLjAsIGV4dHJhY3Q7ZHVyPTE1LjkNClgtQ29udGVudC1UeXBlLU9wdGlvbnM6IG5vc25pZmYNCg0K
1791347870457125580,200,14633843987,736965,0,,,,242,POST,http://proxy:8080/extract,Q29udGVudC1MZW5ndGg6IDc5Mjg5NQ0KQ29udGVudC1UeXBlOiBhcHBsaWNhdGlvbi9qc29uDQpEYXRlOiBXZWQsIDA3IE9jdCAyMDI2IDA0OjM4OjAzIEdNVA0KU2VydmVyLVRpbWluZzogcXVldWU7ZHVyPTAuMCwgZXh0cmFjdDtkdXI9NzY2LjINClgtQ29udGVudC1UeXBlLU9wdGlvbnM6IG5vc25pZmYNCg0K
1791347884897518883,200,211701752,93347,0,,,,964,POST,http://proxy:8080/extract,Q29udGVudC1MZW5ndGg6IDM2NjQNCkNvbnRlbnQtVHlwZTogYXBwbGljYXRpb24vanNvbg0KRGF0ZTogV2VkLCAwNyBPY3QgMjAyNiAwNDozODowNCBHTVQNClNlcnZlci1UaW1pbmc6IHF1ZXVlO2R1cj0wLjAsIGV4dHJhY3Q7ZHVyPTcuNg0KWC1Db250ZW50LVR5cGUtT3B0aW9uczogbm9zbmlmZg0KDQo=
1791347870637294250,200,14510657770,10063439,0,,,,251,POST,http://proxy:8080/extract,Q29udGVudC1MZW5ndGg6IDQxMzA1DQpDb250ZW50LVR5cGU6IGFwcGxpY2F0aW9uL2pzb24NCkRhdGU6IFdlZCwgMDcgT2N0IDIwMjYgMDQ6Mzg6MDMgR01UDQpTZXJ2ZXItVGltaW5nOiBxdWV1ZTtkdXI9MC4wLCBleHRyYWN0O2R1cj0zMjkuNw0KWC1Db250ZW50LVR5cGUtT3B0aW9uczogbm9zbmlmZg0KDQo=
1791347884837764572,200,310196450,147209,0,,,,961,POST,http://proxy:8080/extract,Q29udGVudC1MZW5ndGg6IDQ1MzQ1DQpDb250ZW50LVR5cGU6IGFwcGxpY2F0aW9uL2pzb24NCkRhdGU6IFdlZCwgMDcgT2N0IDIwMjYgMDQ6Mzg6MDQgR01UDQpTZXJ2ZXItVGltaW5nOiBxdWV1ZTtkdXI9MC4wLCBleHRyYWN0O2R1cj01NC45DQpYLUNvbnRlbnQtVHlwZS1PcHRpb25zOiBub3NuaWZmDQoNCg==
1791347884977387836,200,190214134,93347,0,,,,968,POST,http://proxy:8080/extract,Q29udGVudC1MZW5ndGg6IDM2NjQNCkNvbnRlbnQtVHlwZTogYXBwbGljYXRpb24vanNvbg0KRGF0ZTogV2VkLCAwNyBPY3QgMjAyNiAwNDozODowNCBHTVQNClNlcnZlci1UaW1pbmc6IHF1ZXVlO2R1cj0wLjAsIGV4dHJhY3Q7ZHVyPTEyLjUNClgtQ29udGVudC1UeXBlLU9wdGlvbnM6IG5vc25pZmYNCg0K
1791347884927509711,200,254951646,147209,0,,,,965,POST,http://proxy:8080/extract,Q29udGVudC1MZW5ndGg6IDQ1MzQ1DQpDb250ZW50LVR5cGU6IGFwcGxpY2F0aW9uL2pzb24NCkRhdGU6IFdlZCwgMDcgT2N0IDIwMjYgMDQ6Mzg6MDQgR01UDQpTZXJ2ZXItVGltaW5nOiBxdWV1ZTtkdXI9MC4wLCBleHRyYWN0O2R1cj02My42DQpYLUNvbnRlbnQtVHlwZS1PcHRpb25zOiBub3NuaWZmDQoNCg==
1791347885057204880,200,126781883,93347,0,,,,972,POST,http://proxy:8080/extract,Q29udGVudC1MZW5ndGg6IDM2NjQNCkNvbnRlbnQtVHlwZTogYXBwbGljYXRpb24vanNvbg0KRGF0ZTogV2VkLCAwNyBPY3QgMjAyNiAwNDozODowNCBHTVQNClNlcnZlci1UaW1pbmc6IHF1ZXVlO2R1cj0wLjAsIGV4dHJhY3Q7ZHVyPTE1LjANClgtQ29udGVudC1UeXBlLU9wdGlvbnM6IG5vc25pZmYNCg0K
1791347885147259381,200,43595563,93347,0,,,,976,POST,http://proxy:8080/extract,Q29udGVudC1MZW5ndGg6IDM2NjQNCkNvbnRlbnQtVHlwZTogYXBwbGljYXRpb24vanNvbg0KRGF0ZTogV2VkLCAwNyBPY3QgMjAyNiAwNDozODowNCBHTVQNClNlcnZlci1UaW1pbmc6IHF1ZXVlO2R1cj0wLjAsIGV4dHJhY3Q7ZHVyPTUuNQ0KWC1Db250ZW50LVR5cGUtT3B0aW9uczogbm9zbmlmZg0KDQo=
1791347885000392760,200,225864400,147209,0,,,,969,POST,http://proxy:8080/extract,Q29udGVudC1MZW5ndGg6IDQ1MzQ1DQpDb250ZW50LVR5cGU6IGFwcGxpY2F0aW9uL2pzb24NCkRhdGU6IFdlZCwgMDcgT2N0IDIwMjYgMDQ6Mzg6MDQgR01UDQpTZXJ2ZXItVGltaW5nOiBxdWV1ZTtkdXI9MC4wLCBleHRyYWN0O2R1cj02OC45DQpYLUNvbnRlbnQtVHlwZS1PcHRpb25zOiBub3NuaWZmDQoNCg==
1791347885083347935,200,159461752,147209,0,,,,973,POST,http://proxy:8080/extract,Q29udGVudC1MZW5ndGg6IDQ1MzQ1DQpDb250ZW50LVR5cGU6IGFwcGxpY2F0aW9uL2pzb24NCkRhdGU6IFdlZCwgMDcgT2N0IDIwMjYgMDQ6Mzg6MDQgR01UDQpTZXJ2ZXItVGltaW5nOiBxdWV1ZTtkdXI9MC4wLCBleHRyYWN0O2R1cj01OS41DQpYLUNvbnRlbnQtVHlwZS1PcHRpb25zOiBub3NuaWZmDQoNCg==
1791347885221362276,200,37924723,93347,0,,,,980,POST,http://proxy:8080/extract,Q29udGVudC1MZW5ndGg6IDM2NjQNCkNvbnRlbnQtVHlwZTogYXBwbGljYXRpb24vanNvbg0KRGF0ZTogV2VkLCAwNyBPY3QgMjAyNiAwNDozODowNCBHTVQNClNlcnZlci1UaW1pbmc6IHF1ZXVlO2R1cj0wLjAsIGV4dHJhY3Q7ZHVyPTEyLjMNClgtQ29udGVudC1UeXBlLU9wdGlvbnM6IG5vc25pZmYNCg0K
1791347885159222586,200,105206747,147209,0,,,,977,POST,http://proxy:8080/extract,Q29udGVudC1MZW5ndGg6IDQ1MzQ1DQpDb250ZW50LVR5cGU6IGFwcGxpY2F0aW9uL2pzb24NCkRhdGU6IFdlZCwgMDcgT2N0IDIwMjYgMDQ6Mzg6MDQgR01UDQpTZXJ2ZXItVGltaW5nOiBxdWV1ZTtkdXI9MC4wLCBleHRyYWN0O2R1cj02MC4yDQpYLUNvbnRlbnQtVHlwZS1PcHRpb25zOiBub3NuaWZmDQoNCg==
1791347870617661768,200,14657861294,736965,0,,,,250,POST,http://proxy:8080/extract,Q29udGVudC1MZW5ndGg6IDc5Mjg5NQ0KQ29udGVudC1UeXBlOiBhcHBsaWNhdGlvbi9qc29uDQpEYXRlOiBXZWQsIDA3IE9jdCAyMDI2IDA0OjM4OjA0IEdNVA0KU2VydmVyLVRpbWluZzogcXVldWU7ZHVyPTAuMCwgZXh0cmFjdDtkdXI9NjMwLjUNClgtQ29udGVudC1UeXBlLU9wdGlvbnM6IG5vc25pZmYNCg0K
1791347885236920503,200,94716939,147209,0,,,,981,POST,http://proxy:8080/extract,Q29udGVudC1MZW5ndGg6IDQ1MzQ1DQpDb250ZW50LVR5cGU6IGFwcGxpY2F0aW9uL2pzb24NCkRhdGU6IFdlZCwgMDcgT2N0IDIwMjYgMDQ6Mzg6MDQgR01UDQpTZXJ2ZXItVGltaW5nOiBxdWV1ZTtkdXI9MC4wLCBleHRyYWN0O2R1cj01Ni4yDQpYLUNvbnRlbnQtVHlwZS1PcHRpb25zOiBub3NuaWZmDQoNCg==
1791347885296859451,200,51064564,93347,0,,,,984,POST,http://proxy:8080/extract,Q29udGVudC1MZW5ndGg6IDM2NjQNCkNvbnRlbnQtVHlwZTogYXBwbGljYXRpb24vanNvbg0KRGF0ZTogV2VkLCAwNyBPY3QgMjAyNiAwNDozODowNCBHTVQNClNlcnZlci1UaW1pbmc6IHF1ZXVlO2R1cj0wLjAsIGV4dHJhY3Q7ZHVyPTE1LjYNClgtQ29udGVudC1UeXBlLU9wdGlvbnM6IG5vc25pZmYNCg0K
1791347870697870452,200,14651686891,736965,0,,,,254,POST,http://proxy:8080/extract,Q29udGVudC1MZW5ndGg6IDc5Mjg5NQ0KQ29udGVudC1UeXBlOiBhcHBsaWNhdGlvbi9qc29uDQpEYXRlOiBXZWQsIDA3IE9jdCAyMDI2IDA0OjM4OjA0IEdNVA0KU2VydmVyLVRpbWluZzogcXVldWU7ZHVyPTAuMCwgZXh0cmFjdDtkdXI9NTkwLjgNClgtQ29udGVudC1UeXBlLU9wdGlvbnM6IG5vc25pZmYNCg0K
1791347885317660132,200,94279951,147209,0,,,,985,POST,http://proxy:8080/extract,Q29udGVudC1MZW5ndGg6IDQ1MzQ1DQpDb250ZW50LVR5cGU6IGFwcGxpY2F0aW9uL2pzb24NCkRhdGU6IFdlZCwgMDcgT2N0IDIwMjYgMDQ6Mzg6MDQgR01UDQpTZXJ2ZXItVGltaW5nOiBxdWV1ZTtkdXI9MC4wLCBleHRyYWN0O2R1cj01OC43DQpYLUNvbnRlbnQtVHlwZS1PcHRpb25zOiBub3NuaWZmDQoNCg==
1791347885379483759,200,42963235,93347,0,,,,988,POST,http://proxy:8080/extract,Q29udGVudC1MZW5ndGg6IDM2NjQNCkNvbnRlbnQtVHlwZTogYXBwbGljYXRpb24vanNvbg0KRGF0ZTogV2VkLCAwNyBPY3QgMjAyNiAwNDozODowNCBHTVQNClNlcnZlci1UaW1pbmc6IHF1ZXVlO2R1cj0wLjAsIGV4dHJhY3Q7ZHVyPTEwLjMNClgtQ29udGVudC1UeXBlLU9wdGlvbnM6IG5vc25pZmYNCg0K
1791347885399889360,200,67413351,147209,0,,,,989,POST,http://proxy:8080/extract,Q29udGVudC1MZW5ndGg6IDQ1MzQ1DQpDb250ZW50LVR5cGU6IGFwcGxpY2F0aW9uL2pzb24NCkRhdGU6IFdlZCwgMDcgT2N0IDIwMjYgMDQ6Mzg6MDQgR01UDQpTZXJ2ZXItVGltaW5nOiBxdWV1ZTtkdXI9MC4wLCBleHRyYWN0O2R1cj0zOS43DQpYLUNvbnRlbnQtVHlwZS1PcHRpb25zOiBub3NuaWZmDQoNCg==
1791347885457711683,200,40643169,93347,0,,,,992,POST,http://proxy:8080/extract,Q29udGVudC1MZW5ndGg6IDM2NjQNCkNvbnRlbnQtVHlwZTogYXBwbGljYXRpb24vanNvbg0KRGF0ZTogV2VkLCAwNyBPY3QgMjAyNiAwNDozODowNCBHTVQNClNlcnZlci1UaW1pbmc6IHF1ZXVlO2R1cj0wLjAsIGV4dHJhY3Q7ZHVyPTIwLjANClgtQ29udGVudC1UeXBlLU9wdGlvbnM6IG5vc25pZmYNCg0K
1791347885477125085,200,89077905,147209,0,,,,993,POST,http://proxy:8080/extract,Q29udGVudC1MZW5ndGg6IDQ1MzQ1DQpDb250ZW50LVR5cGU6IGFwcGxpY2F0aW9uL2pzb24NCkRhdGU6IFdlZCwgMDcgT2N0IDIwMjYgMDQ6Mzg6MDUgR01UDQpTZXJ2ZXItVGltaW5nOiBxdWV1ZTtkdXI9MC4wLCBleHRyYWN0O2R1cj01OS43DQpYLUNvbnRlbnQtVHlwZS1PcHRpb25zOiBub3NuaWZmDQoNCg==
1791347870717745072,200,14855315296,10063439,0,,,,255,POST,http://proxy:8080/extract,Q29udGVudC1MZW5ndGg6IDQxMzA1DQpDb250ZW50LVR5cGU6IGFwcGxpY2F0aW9uL2pzb24NCkRhdGU6IFdlZCwgMDcgT2N0IDIwMjYgMDQ6Mzg6MDQgR01UDQpTZXJ2ZXItVGltaW5nOiBxdWV1ZTtkdXI9MC4xLCBleHRyYWN0O2R1cj0yNTUuNQ0KWC1Db250ZW50LVR5cGUtT3B0aW9uczogbm9zbmlmZg0KDQo=
1791347885537233067,200,62962655,93347,0,,,,996,POST,http://proxy:8080/extract,Q29udGVudC1MZW5ndGg6IDM2NjQNCkNvbnRlbnQtVHlwZTogYXBwbGljYXRpb24vanNvbg0KRGF0ZTogV2VkLCAwNyBPY3QgMjAyNiAwNDozODowNSBHTVQNClNlcnZlci1UaW1pbmc6IHF1ZXVlO2R1cj0wLjAsIGV4dHJhY3Q7ZHVyPTUuNg0KWC1Db250ZW50LVR5cGUtT3B0aW9uczogbm9zbmlmZg0KDQo=
1791347885557502441,200,76832643,147209,0,,,,997,POST,http://proxy:8080/extract,Q29udGVudC1MZW5ndGg6IDQ1MzQ1DQpDb250ZW50LVR5cGU6IGFwcGxpY2F0aW9uL2pzb24NCkRhdGU6IFdlZCwgMDcgT2N0IDIwMjYgMDQ6Mzg6MDQgR01UDQpTZXJ2ZXItVGltaW5nOiBxdWV1ZTtkdXI9MC4wLCBleHRyYWN0O2R1cj01MS42DQpYLUNvbnRlbnQtVHlwZS1PcHRpb25zOiBub3NuaWZmDQoNCg==
1791347885617726046,200,32400313,93347,0,,,,1000,POST,http://proxy:8080/extract,Q29udGVudC1MZW5ndGg6IDM2NjQNCkNvbnRlbnQtVHlwZTogYXBwbGljYXRpb24vanNvbg0KRGF0ZTogV2VkLCAwNyBPY3QgMjAyNiAwNDozODowNCBHTVQNClNlcnZlci1UaW1pbmc6IHF1ZXVlO2R1cj0wLjAsIGV4dHJhY3Q7ZHVyPTExLjQNClgtQ29udGVudC1UeXBlLU9wdGlvbnM6IG5vc25pZmYNCg0K
1791347870797090325,200,14910802745,10063439,0,,,,259,POST,http://proxy:8080/extract,Q29udGVudC1MZW5ndGg6IDQxMzA1DQpDb250ZW50LVR5cGU6IGFwcGxpY2F0aW9uL2pzb24NCkRhdGU6IFdlZCwgMDcgT2N0IDIwMjYgMDQ6Mzg6MDUgR01UDQpTZXJ2ZXItVGltaW5nOiBxdWV1ZTtkdXI9MC4xLCBleHRyYWN0O2R1cj0zNTUuOA0KWC1Db250ZW50LVR5cGUtT3B0aW9uczogbm9zbmlmZg0KDQo=
1791347885637209362,200,73655805,147209,0,,,,1001,POST,http://proxy:8080/extract,Q29udGVudC1MZW5ndGg6IDQ1MzQ1DQpDb250ZW50LVR5cGU6IGFwcGxpY2F0aW9uL2pzb24NCkRhdGU6IFdlZCwgMDcgT2N0IDIwMjYgMDQ6Mzg6MDQgR01UDQpTZXJ2ZXItVGltaW5nOiBxdWV1ZTtkdXI9MC4wLCBleHRyYWN0O2R1cj01My4zDQpYLUNvbnRlbnQtVHlwZS1PcHRpb25zOiBub3NuaWZmDQoNCg==
1791347885697246630,200,25756077,93347,0,,,,1004,POST,http://proxy:8080/extract,Q29udGVudC1MZW5ndGg6IDM2NjQNCkNvbnRlbnQtVHlwZTogYXBwbGljYXRpb24vanNvbg0KRGF0ZTogV2VkLCAwNyBPY3QgMjAyNiAwNDozODowNSBHTVQNClNlcnZlci1UaW1pbmc6IHF1ZXVlO2R1cj0wLjAsIGV4dHJhY3Q7ZHVyPTExLjkNClgtQ29udGVudC1UeXBlLU9wdGlvbnM6IG5vc25pZmYNCg0K
1791347870778460195,200,15035501395,736965,0,,,,258,POST,http://proxy:8080/extract,Q29udGVudC1MZW5ndGg6IDc5Mjg5NQ0KQ29udGVudC1UeXBlOiBhcHBsaWNhdGlvbi9qc29uDQpEYXRlOiBXZWQsIDA3IE9jdCAyMDI2IDA0OjM4OjA0IEdNVA0KU2VydmVyLVRpbWluZzogcXVldWU7ZHVyPTAuMCwgZXh0cmFjdDtkdXI9NTM5LjENClgtQ29udGVudC1UeXBlLU9wdGlvbnM6IG5vc25pZmYNCg0K
1791347885717020504,200,162335130,147209,0,,,,1005,POST,http://proxy:8080/extract,Q29udGVudC1MZW5ndGg6IDQ1MzQ1DQpDb250ZW50LVR5cGU6IGFwcGxpY2F0aW9uL2pzb24NCkRhdGU6IFdlZCwgMDcgT2N0IDIwMjYgMDQ6Mzg6MDUgR01UDQpTZXJ2ZXItVGltaW5nOiBxdWV1ZTtkdXI9MC4wLCBleHRyYWN0O2R1cj01NC45DQpYLUNvbnRlbnQtVHlwZS1PcHRpb25zOiBub3NuaWZmDQoNCg==
1791347885777071875,200,121170656,93347,0,,,,1008,POST,http://proxy:8080/extract,Q29udGVudC1MZW5ndGg6IDM2NjQNCkNvbnRlbnQtVHlwZTogYXBwbGljYXRpb24vanNvbg0KRGF0ZTogV2VkLCAwNyBPY3QgMjAyNiAwNDozODowNSBHTVQNClNlcnZlci1UaW1pbmc6IHF1ZXVlO2R1cj0wLjAsIGV4dHJhY3Q7ZHVyPTE1LjcNClgtQ29udGVudC1UeXBlLU9wdGlvbnM6IG5vc25pZmYNCg0K
1791347870877573352,200,15065571304,10063439,0,,,,263,POST,http://proxy:8080/extract,Q29udGVudC1MZW5ndGg6IDQxMzA1DQpDb250ZW50LVR5cGU6IGFwcGxpY2F0aW9uL2pzb24NCkRhdGU6IFdlZCwgMDcgT2N0IDIwMjYgMDQ6Mzg6MDUgR01UDQpTZXJ2ZXItVGltaW5nOiBxdWV1ZTtkdXI9MC4wLCBleHRyYWN0O2R1cj0yMzguMw0KWC1Db250ZW50LVR5cGUtT3B0aW9uczogbm9zbmlmZg0KDQo=
1791347885856951631,200,94328660,93347,0,,,,1012,POST,http://proxy:8080/extract,Q29udGVudC1MZW5ndGg6IDM2NjQNCkNvbnRlbnQtVHlwZTogYXBwbGljYXRpb24vanNvbg0KRGF0ZTogV2VkLCAwNyBPY3QgMjAyNiAwNDozODowNSBHTVQNClNlcnZlci1UaW1pbmc6IHF1ZXVlO2R1cj0wLjAsIGV4dHJhY3Q7ZHVyPTUuNw0KWC1Db250ZW50LVR5cGUtT3B0aW9uczogbm9zbmlmZg0KDQo=
1791347885797681217,200,155130182,147209,0,,,,1009,POST,http://proxy:8080/extract,Q29udGVudC1MZW5ndGg6IDQ1MzQ1DQpDb250ZW50LVR5cGU6IGFwcGxpY2F0aW9uL2pzb24NCkRhdGU6IFdlZCwgMDcgT2N0IDIwMjYgMDQ6Mzg6MDUgR01UDQpTZXJ2ZXItVGltaW5nOiBxdWV1ZTtkdXI9MC4wLCBleHRyYWN0O2R1cj00Ny42DQpYLUNvbnRlbnQtVHlwZS1PcHRpb25zOiBub3NuaWZmDQoNCg==
1791347885943178563,200,24121648,93347,0,,,,1016,POST,http://proxy:8080/extract,Q29udGVudC1MZW5ndGg6IDM2NjQNCkNvbnRlbnQtVHlwZTogYXBwbGljYXRpb24vanNvbg0KRGF0ZTogV2VkLCAwNyBPY3QgMjAyNiAwNDozODowNSBHTVQNClNlcnZlci1UaW1pbmc6IHF1ZXVlO2R1cj0wLjAsIGV4dHJhY3Q7ZHVyPTEzLjgNClgtQ29udGVudC1UeXBlLU9wdGlvbnM6IG5vc25pZmYNCg0K
1791347885879474658,200,129272084,147209,0,,,,1013,POST,http://proxy:8080/extract,Q29udGVudC1MZW5ndGg6IDQ1MzQ1DQpDb250ZW50LVR5cGU6IGFwcGxpY2F0aW9uL2pzb24NCkRhdGU6IFdlZCwgMDcgT2N0IDIwMjYgMDQ6Mzg6MDUgR01UDQpTZXJ2ZXItVGltaW5nOiBxdWV1ZTtkdXI9MC4wLCBleHRyYWN0O2R1cj01My41DQpYLUNvbnRlbnQtVHlwZS1PcHRpb25zOiBub3NuaWZmDQoNCg==
1791347885957248991,200,58021062,147209,0,,,,1017,POST,http://proxy:8080/extract,Q29udGVudC1MZW5ndGg6IDQ1MzQ1DQpDb250ZW50LVR5cGU6IGFwcGxpY2F0aW9uL2pzb24NCkRhdGU6IFdlZCwgMDcgT2N0IDIwMjYgMDQ6Mzg6MDUgR01UDQpTZXJ2ZXItVGltaW5nOiBxdWV1ZTtkdXI9MC4wLCBleHRyYWN0O2R1cj00Mi4zDQpYLUNvbnRlbnQtVHlwZS1PcHRpb25zOiBub3NuaWZmDQoNCg==
1791347870959760637,200,15067244075,10063439,0,,,,267,POST,http://proxy:8080/extract,Q29udGVudC1MZW5ndGg6IDQxMzA1DQpDb250ZW50LVR5cGU6IGFwcGxpY2F0aW9uL2pzb24NCkRhdGU6IFdlZCwgMDcgT2N0IDIwMjYgMDQ6Mzg6MDUgR01UDQpTZXJ2ZXItVGltaW5nOiBxdWV1ZTtkdXI9MC4wLCBleHRyYWN0O2R1cj0yMzkuOQ0KWC1Db250ZW50LVR5cGUtT3B0aW9uczogbm9zbmlmZg0KDQo=
1791347886017500702,200,24576140,93347,0,,,,1020,POST,http://proxy:8080/extract,Q29udGVudC1MZW5ndGg6IDM2NjQNCkNvbnRlbnQtVHlwZTogYXBwbGljYXRpb24vanNvbg0KRGF0ZTogV2VkLCAwNyBPY3QgMjAyNiAwNDozODowNSBHTVQNClNlcnZlci1UaW1pbmc6IHF1ZXVlO2R1cj0wLjAsIGV4dHJhY3Q7ZHVyPTkuNA0KWC1Db250ZW50LVR5cGUtT3B0aW9uczogbm9zbmlmZg0KDQo=
1791347870857194256,200,15193156249,736965,0,,,,262,POST,http://proxy:8080/extract,Q29udGVudC1MZW5ndGg6IDc5Mjg5NQ0KQ29udGVudC1UeXBlOiBhcHBsaWNhdGlvbi9qc29uDQpEYXRlOiBXZWQsIDA3IE9jdCAyMDI2IDA0OjM4OjA1IEdNVA0KU2VydmVyLVRpbWluZzogcXVldWU7ZHVyPTAuMCwgZXh0cmFjdDtkdXI9Njc4LjUNClgtQ29udGVudC1UeXBlLU9wdGlvbnM6IG5vc25pZmYNCg0K
1791347886041984523,200,62331729,147209,0,,,,1021,POST,http://proxy:8080/extract,Q29udGVudC1MZW5ndGg6IDQ1MzQ1DQpDb250ZW50LVR5cGU6IGFwcGxpY2F0aW9uL2pzb24NCkRhdGU6IFdlZCwgMDcgT2N0IDIwMjYgMDQ6Mzg6MDUgR01UDQpTZXJ2ZXItVGltaW5nOiBxdWV1ZTtkdXI9MC4wLCBleHRyYWN0O2R1cj00Ni43DQpYLUNvbnRlbnQtVHlwZS1PcHRpb25zOiBub3NuaWZmDQoNCg==
1791347886097616105,200,17358089,93347,0,,,,1024,POST,http://proxy:8080/extract,Q29udGVudC1MZW5ndGg6IDM2NjQNCkNvbnRlbnQtVHlwZTogYXBwbGljYXRpb24vanNvbg0KRGF0ZTogV2VkLCAwNyBPY3QgMjAyNiAwNDozODowNSBHTVQNClNlcnZlci1UaW1pbmc6IHF1ZXVlO2R1cj0wLjAsIGV4dHJhY3Q7ZHVyPTguMA0KWC1Db250ZW50LVR5cGUtT3B0aW9uczogbm9zbmlmZg0KDQo=
1791347870937852409,200,15390828441,736965,0,,,,266,POST,http://proxy:8080/extract,Q29udGVudC1MZW5ndGg6IDc5Mjg5NQ0KQ29udGVudC1UeXBlOiBhcHBsaWNhdGlvbi9qc29uDQpEYXRlOiBXZWQsIDA3IE9jdCAyMDI2IDA0OjM4OjA0IEdNVA0KU2VydmVyLVRpbWluZzogcXVldWU7ZHVyPTAuMCwgZXh0cmFjdDtkdXI9NTk3LjINClgtQ29udGVudC1UeXBlLU9wdGlvbnM6IG5vc25pZmYNCg0K
1791347871037616364,200,15354324901,10063439,0,,,,271,POST,http://proxy:8080/extract,Q29udGVudC1MZW5ndGg6IDQxMzA1DQpDb250ZW50LVR5cGU6IGFwcGxpY2F0aW9uL2pzb24NCkRhdGU6IFdlZCwgMDcgT2N0IDIwMjYgMDQ6Mzg6MDUgR01UDQpTZXJ2ZXItVGltaW5nOiBxdWV1ZTtkdXI9MC4wLCBleHRyYWN0O2R1cj0yNzUuMg0KWC1Db250ZW50LVR5cGUtT3B0aW9uczogbm9zbmlmZg0KDQo=
1791347886117265455,200,276339245,147209,0,,,,1025,POST,http://proxy:8080/extract,Q29udGVudC1MZW5ndGg6IDQ1MzQ1DQpDb250ZW50LVR5cGU6IGFwcGxpY2F0aW9uL2pzb24NCkRhdGU6IFdlZCwgMDcgT2N0IDIwMjYgMDQ6Mzg6MDUgR01UDQpTZXJ2ZXItVGltaW5nOiBxdWV1ZTtkdXI9MC4wLCBleHRyYWN0O2R1cj01My40DQpYLUNvbnRlbnQtVHlwZS1PcHRpb25zOiBub3NuaWZmDQoNCg==
1791347886178426948,200,220855793,93347,0,,,,1028,POST,http://proxy:8080/extract,Q29udGVudC1MZW5ndGg6IDM2NjQNCkNvbnRlbnQtVHlwZTogYXBwbGljYXRpb24vanNvbg0KRGF0ZTogV2VkLCAwNyBPY3QgMjAyNiAwNDozODowNiBHTVQNClNlcnZlci1UaW1pbmc6IHF1ZXVlO2R1cj0wLjAsIGV4dHJhY3Q7ZHVyPTUuOQ0KWC1Db250ZW50LVR5cGUtT3B0aW9uczogbm9zbmlmZg0KDQo=
1791347886257485639,200,173826040,93347,0,,,,1032,POST,http://proxy:8080/extract,Q29udGVudC1MZW5ndGg6IDM2NjQNCkNvbnRlbnQtVHlwZTogYXBwbGljYXRpb24vanNvbg0KRGF0ZTogV2VkLCAwNyBPY3QgMjAyNiAwNDozODowNiBHTVQNClNlcnZlci1UaW1pbmc6IHF1ZXVlO2R1cj0wLjAsIGV4dHJhY3Q7ZHVyPTE4LjENClgtQ29udGVudC1UeXBlLU9wdGlvbnM6IG5vc25pZmYNCg0K
1791347886199598004,200,253336921,147209,0,,,,1029,POST,http://proxy:8080/extract,Q29udGVudC1MZW5ndGg6IDQ1MzQ1DQpDb250ZW50LVR5cGU6IGFwcGxpY2F0aW9uL2pzb24NCkRhdGU6IFdlZCwgMDcgT2N0IDIwMjYgMDQ6Mzg6MDUgR01UDQpTZXJ2ZXItVGltaW5nOiBxdWV1ZTtkdXI9MC4wLCBleHRyYWN0O2R1cj01Ni45DQpYLUNvbnRlbnQtVHlwZS1PcHRpb25zOiBub3NuaWZmDQoNCg==
1791347886337482419,200,122737670,93347,0,,,,1036,POST,http://proxy:8080/extract,Q29udGVudC1MZW5ndGg6IDM2NjQNCkNvbnRlbnQtVHlwZTogYXBwbGljYXRpb24vanNvbg0KRGF0ZTogV2VkLCAwNyBPY3QgMjAyNiAwNDozODowNSBHTVQNClNlcnZlci1UaW1pbmc6IHF1ZXVlO2R1cj0wLjAsIGV4dHJhY3Q7ZHVyPTcuMQ0KWC1Db250ZW50LVR5cGUtT3B0aW9uczogbm9zbmlmZg0KDQo=
1791347886277052972,200,206904389,147209,0,,,,1033,POST,http://proxy:8080/extract,Q29udGVudC1MZW5ndGg6IDQ1MzQ1DQpDb250ZW50LVR5cGU6IGFwcGxpY2F0aW9uL2pzb24NCkRhdGU6IFdlZCwgMDcgT2N0IDIwMjYgMDQ6Mzg6MDYgR01UDQpTZXJ2ZXItVGltaW5nOiBxdWV1ZTtkdXI9MC4wLCBleHRyYWN0O2R1cj00Ni4yDQpYLUNvbnRlbnQtVHlwZS1PcHRpb25zOiBub3NuaWZmDQoNCg==
1791347871117512101,200,15374440167,10063439,0,,,,275,POST,http://proxy:8080/extract,Q29udGVudC1MZW5ndGg6IDQxMzA1DQpDb250ZW50LVR5cGU6IGFwcGxpY2F0aW9uL2pzb24NCkRhdGU6IFdlZCwgMDcgT2N0IDIwMjYgMDQ6Mzg6MDUgR01UDQpTZXJ2ZXItVGltaW5nOiBxdWV1ZTtkdXI9MC4xLCBleHRyYWN0O2R1cj0yODcuNw0KWC1Db250ZW50LVR5cGUtT3B0aW9uczogbm9zbmlmZg0KDQo=
1791347886417203343,200,78225023,93347,0,,,,1040,POST,http://proxy:8080/extract,Q29udGVudC1MZW5ndGg6IDM2NjQNCkNvbnRlbnQtVHlwZTogYXBwbGljYXRpb24vanNvbg0KRGF0ZTogV2VkLCAwNyBPY3QgMjAyNiAwNDozODowNiBHTVQNClNlcnZlci1UaW1pbmc6IHF1ZXVlO2R1cj0wLjAsIGV4dHJhY3Q7ZHVyPTcuMw0KWC1Db250ZW50LVR5cGUtT3B0aW9uczogbm9zbmlmZg0KDQo=
1791347886357871917,200,148818713,147209,0,,,,1037,POST,http://proxy:8080/extract,Q29udGVudC1MZW5ndGg6IDQ1MzQ1DQpDb250ZW50LVR5cGU6IGFwcGxpY2F0aW9uL2pzb24NCkRhdGU6IFdlZCwgMDcgT2N0IDIwMjYgMDQ6Mzg6MDUgR01UDQpTZXJ2ZXItVGltaW5nOiBxdWV1ZTtkdXI9MC4wLCBleHRyYWN0O2R1cj00NC4wDQpYLUNvbnRlbnQtVHlwZS1PcHRpb25zOiBub3NuaWZmDQoNCg==
1791347886497574598,200,31229677,93347,0,,,,1044,POST,http://proxy:8080/extract,Q29udGVudC1MZW5ndGg6IDM2NjQNCkNvbnRlbnQtVHlwZTogYXBwbGljYXRpb24vanNvbg0KRGF0ZTogV2VkLCAwNyBPY3QgMjAyNiAwNDozODowNSBHTVQNClNlcnZlci1UaW1pbmc6IHF1ZXVlO2R1cj0wLjAsIGV4dHJhY3Q7ZHVyPTguOQ0KWC1Db250ZW50LVR5cGUtT3B0aW9uczogbm9zbmlmZg0KDQo=
1791347886437416306,200,113082230,147209,0,,,,1041,POST,http://proxy:8080/extract,Q29udGVudC1MZW5ndGg6IDQ1MzQ1DQpDb250ZW50LVR5cGU6IGFwcGxpY2F0aW9uL2pzb24NCkRhdGU6IFdlZCwgMDcgT2N0IDIwMjYgMDQ6Mzg6MDYgR01UDQpTZXJ2ZXItVGltaW5nOiBxdWV1ZTtkdXI9MC4wLCBleHRyYWN0O2R1cj00OS4xDQpYLUNvbnRlbnQtVHlwZS1PcHRpb25zOiBub3NuaWZmDQoNCg==
1791347886528620738,200,70581787,147209,0,,,,1045,POST,http://proxy:8080/extract,Q29udGVudC1MZW5ndGg6IDQ1MzQ1DQpDb250ZW50LVR5cGU6IGFwcGxpY2F0aW9uL2pzb24NCkRhdGU6IFdlZCwgMDcgT2N0IDIwMjYgMDQ6Mzg6MDYgR01UDQpTZXJ2ZXItVGltaW5nOiBxdWV1ZTtkdXI9MC4wLCBleHRyYWN0O2R1cj01MC4xDQpYLUNvbnRlbnQtVHlwZS1PcHRpb25zOiBub3NuaWZmDQoNCg==
1791347886579157496,200,39928926,93347,0,,,,1048,POST,http://proxy:8080/extract,Q29udGVudC1MZW5ndGg6IDM2NjQNCkNvbnRlbnQtVHlwZTogYXBwbGljYXRpb24vanNvbg0KRGF0ZTogV2VkLCAwNyBPY3QgMjAyNiAwNDozODowNiBHTVQNClNlcnZlci1UaW1pbmc6IHF1ZXVlO2R1cj0wLjAsIGV4dHJhY3Q7ZHVyPTE2LjgNClgtQ29udGVudC1UeXBlLU9wdGlvbnM6IG5vc25pZmYNCg0K
1791347871023395704,200,15597728528,736965,0,,,,270,POST,http://proxy:8080/extract,Q29udGVudC1MZW5ndGg6IDc5Mjg5NQ0KQ29udGVudC1UeXBlOiBhcHBsaWNhdGlvbi9qc29uDQpEYXRlOiBXZWQsIDA3IE9jdCAyMDI2IDA0OjM4OjA1IEdNVA0KU2VydmVyLVRpbWluZzogcXVldWU7ZHVyPTAuMCwgZXh0cmFjdDtkdXI9NjAyLjUNClgtQ29udGVudC1UeXBlLU9wdGlvbnM6IG5vc25pZmYNCg0K
1791347871098422601,200,15570558150,736965,0,,,,274,POST,http://proxy:8080/extract,Q29udGVudC1MZW5ndGg6IDc5Mjg5NQ0KQ29udGVudC1UeXBlOiBhcHBsaWNhdGlvbi9qc29uDQpEYXRlOiBXZWQsIDA3IE9jdCAyMDI2IDA0OjM4OjA1IEdNVA0KU2VydmVyLVRpbWluZzogcXVldWU7ZHVyPTAuMCwgZXh0cmFjdDtkdXI9NjE0LjQNClgtQ29udGVudC1UeXBlLU9wdGlvbnM6IG5vc25pZmYNCg0K
1791347886657677979,200,32639461,93347,0,,,,1052,POST,http://proxy:8080/extract,Q29udGVudC1MZW5ndGg6IDM2NjQNCkNvbnRlbnQtVHlwZTogYXBwbGljYXRpb24vanNvbg0KRGF0ZTogV2VkLCAwNyBPY3QgMjAyNiAwNDozODowNiBHTVQNClNlcnZlci1UaW1pbmc6IHF1ZXVlO2R1cj0wLjAsIGV4dHJhY3Q7ZHVyPTkuNw0KWC1Db250ZW50LVR5cGUtT3B0aW9uczogbm9zbmlmZg0KDQo=
1791347886599000585,200,92041000,147209,0,,,,1049,POST,http://proxy:8080/extract,Q29udGVudC1MZW5ndGg6IDQ1MzQ1DQpDb250ZW50LVR5cGU6IGFwcGxpY2F0aW9uL2pzb24NCkRhdGU6IFdlZCwgMDcgT2N0IDIwMjYgMDQ6Mzg6MDYgR01UDQpTZXJ2ZXItVGltaW5nOiBxdWV1ZTtkdXI9MC4wLCBleHRyYWN0O2R1cj01OC42DQpYLUNvbnRlbnQtVHlwZS1PcHRpb25zOiBub3NuaWZmDQoNCg==
1791347886678963557,200,84861058,147209,0,,,,1053,POST,http://proxy:8080/extract,Q29udGVudC1MZW5ndGg6IDQ1MzQ1DQpDb250ZW50LVR5cGU6IGFwcGxpY2F0aW9uL2pzb24NCkRhdGU6IFdlZCwgMDcgT2N0IDIwMjYgMDQ6Mzg6MDYgR01UDQpTZXJ2ZXItVGltaW5nOiBxdWV1ZTtkdXI9MC4wLCBleHRyYWN0O2R1cj01OC44DQpYLUNvbnRlbnQtVHlwZS1PcHRpb25zOiBub3NuaWZmDQoNCg==
1791347886748470328,200,19706862,93347,0,,,,1056,POST,http://proxy:8080/extract,Q29udGVudC1MZW5ndGg6IDM2NjQNCkNvbnRlbnQtVHlwZTogYXBwbGljYXRpb24vanNvbg0KRGF0ZTogV2VkLCAwNyBPY3QgMjAyNiAwNDozODowNiBHTVQNClNlcnZlci1UaW1pbmc6IHF1ZXVlO2R1cj0wLjAsIGV4dHJhY3Q7ZHVyPTkuMA0KWC1Db250ZW50LVR5cGUtT3B0aW9uczogbm9zbmlmZg0KDQo=
1791347886763887927,200,59944149,147209,0,,,,1057,POST,http://proxy:8080/extract,Q29udGVudC1MZW5ndGg6IDQ1MzQ1DQpDb250ZW50LVR5cGU6IGFwcGxpY2F0aW9uL2pzb24NCkRhdGU6IFdlZCwgMDcgT2N0IDIwMjYgMDQ6Mzg6MDYgR01UDQpTZXJ2ZXItVGltaW5nOiBxdWV1ZTtkdXI9MC4wLCBleHRyYWN0O2R1cj01NC4xDQpYLUNvbnRlbnQtVHlwZS1PcHRpb25zOiBub3NuaWZmDQoNCg==
1791347871198902065,200,15629728076,10063439,0,,,,279,POST,http://proxy:8080/extract,Q29udGVudC1MZW5ndGg6IDQxMzA1DQpDb250ZW50LVR5cGU6IGFwcGxpY2F0aW9uL2pzb24NCkRhdGU6IFdlZCwgMDcgT2N0IDIwMjYgMDQ6Mzg6MDUgR01UDQpTZXJ2ZXItVGltaW5nOiBxdWV1ZTtkdXI9MC4wLCBleHRyYWN0O2R1cj0yMjMuMg0KWC1Db250ZW50LVR5cGUtT3B0aW9uczogbm9zbmlmZg0KDQo=
1791347886817431790,200,18658650,93347,0,,,,1060,POST,http://proxy:8080/extract,Q29udGVudC1MZW5ndGg6IDM2NjQNCkNvbnRlbnQtVHlwZTogYXBwbGljYXRpb24vanNvbg0KRGF0ZTogV2VkLCAwNyBPY3QgMjAyNiAwNDozODowNiBHTVQNClNlcnZlci1UaW1pbmc6IHF1ZXVlO2R1cj0wLjAsIGV4dHJhY3Q7ZHVyPTYuNA0KWC1Db250ZW50LVR5cGUtT3B0aW9uczogbm9zbmlmZg0KDQo=
1791347871279933775,200,15740960611,10063439,0,,,,283,POST,http://proxy:8080/extract,Q29udGVudC1MZW5ndGg6IDQxMzA1DQpDb250ZW50LVR5cGU6IGFwcGxpY2F0aW9uL2pzb24NCkRhdGU6IFdlZCwgMDcgT2N0IDIwMjYgMDQ6Mzg6MDYgR01UDQpTZXJ2ZXItVGltaW5nOiBxdWV1ZTtkdXI9MC4wLCBleHRyYWN0O2R1cj0yNTAuNQ0KWC1Db250ZW50LVR5cGUtT3B0aW9uczogbm9zbmlmZg0KDQo=
1791347886837195962,200,226588445,147209,0,,,,1061,POST,http://proxy:8080/extract,Q29udGVudC1MZW5ndGg6IDQ1MzQ1DQpDb250ZW50LVR5cGU6IGFwcGxpY2F0aW9uL2pzb24NCkRhdGU6IFdlZCwgMDcgT2N0IDIwMjYgMDQ6Mzg6MDYgR01UDQpTZXJ2ZXItVGltaW5nOiBxdWV1ZTtkdXI9MC4wLCBleHRyYWN0O2R1cj00NS4yDQpYLUNvbnRlbnQtVHlwZS1PcHRpb25zOiBub3NuaWZmDQoNCg==
1791347886897836951,200,180274636,93347,0,,,,1064,POST,http://proxy:8080/extract,Q29udGVudC1MZW5ndGg6IDM2NjQNCkNvbnRlbnQtVHlwZTogYXBwbGljYXRpb24vanNvbg0KRGF0ZTogV2VkLCAwNyBPY3QgMjAyNiAwNDozODowNiBHTVQNClNlcnZlci1UaW1pbmc6IHF1ZXVlO2R1cj0wLjAsIGV4dHJhY3Q7ZHVyPTkuNA0KWC1Db250ZW50LVR5cGUtT3B0aW9uczogbm9zbmlmZg0KDQo=
1791347871357198213,200,15753347794,10063439,0,,,,287,POST,http://proxy:8080/extract,Q29udGVudC1MZW5ndGg6IDQxMzA1DQpDb250ZW50LVR5cGU6IGFwcGxpY2F0aW9uL2pzb24NCkRhdGU6IFdlZCwgMDcgT2N0IDIwMjYgMDQ6Mzg6MDYgR01UDQpTZXJ2ZXItVGltaW5nOiBxdWV1ZTtkdXI9MC4xLCBleHRyYWN0O2R1cj0yMjMuOA0KWC1Db250ZW50LVR5cGUtT3B0aW9uczogbm9zbmlmZg0KDQo=
1791347871178692895,200,15934910026,736965,0,,,,278,POST,http://proxy:8080/extract,Q29udGVudC1MZW5ndGg6IDc5Mjg5NQ0KQ29udGVudC1UeXBlOiBhcHBsaWNhdGlvbi9qc29uDQpEYXRlOiBXZWQsIDA3IE9jdCAyMDI2IDA0OjM4OjA2IEdNVA0KU2VydmVyLVRpbWluZzogcXVldWU7ZHVyPTAuMCwgZXh0cmFjdDtkdXI9NTk4LjYNClgtQ29udGVudC1UeXBlLU9wdGlvbnM6IG5vc25pZmYNCg0K
1791347886919101126,200,215940304,147209,0,,,,1065,POST,http://proxy:8080/extract,Q29udGVudC1MZW5ndGg6IDQ1MzQ1DQpDb250ZW50LVR5cGU6IGFwcGxpY2F0aW9uL2pzb24NCkRhdGU6IFdlZCwgMDcgT2N0IDIwMjYgMDQ6Mzg6MDYgR01UDQpTZXJ2ZXItVGltaW5nOiBxdWV1ZTtkdXI9MC4wLCBleHRyYWN0O2R1cj00OS42DQpYLUNvbnRlbnQtVHlwZS1PcHRpb25zOiBub3NuaWZmDQoNCg==
1791347886977182500,200,163699404,93347,0,,,,1068,POST,http://proxy:8080/extract,Q29udGVudC1MZW5ndGg6IDM2NjQNCkNvbnRlbnQtVHlwZTogYXBwbGljYXRpb24vanNvbg0KRGF0ZTogV2VkLCAwNyBPY3QgMjAyNiAwNDozODowNiBHTVQNClNlcnZlci1UaW1pbmc6IHF1ZXVlO2R1cj0wLjAsIGV4dHJhY3Q7ZHVyPTIwLjENClgtQ29udGVudC1UeXBlLU9wdGlvbnM6IG5vc25pZmYNCg0K
1791347887057508346,200,89788448,93347,0,,,,1072,POST,http://proxy:8080/extract,Q29udGVudC1MZW5ndGg6IDM2NjQNCkNvbnRlbnQtVHlwZTogYXBwbGljYXRpb24vanNvbg0KRGF0ZTogV2VkLCAwNyBPY3QgMjAyNiAwNDozODowNiBHTVQNClNlcnZlci1UaW1pbmc6IHF1ZXVlO2R1cj0wLjAsIGV4dHJhY3Q7ZHVyPTkuMQ0KWC1Db250ZW50LVR5cGUtT3B0aW9uczogbm9zbmlmZg0KDQo=
1791347887137086041,200,17916001,93347,0,,,,1076,POST,http://proxy:8080/extract,Q29udGVudC1MZW5ndGg6IDM2NjQNCkNvbnRlbnQtVHlwZTogYXBwbGljYXRpb24vanNvbg0KRGF0ZTogV2VkLCAwNyBPY3QgMjAyNiAwNDozODowNiBHTVQNClNlcnZlci1UaW1pbmc6IHF1ZXVlO2R1cj0wLjAsIGV4dHJhY3Q7ZHVyPTcuMg0KWC1Db250ZW50LVR5cGUtT3B0aW9uczogbm9zbmlmZg0KDQo=
1791347886997531590,200,158419043,147209,0,,,,1069,POST,http://proxy:8080/extract,Q29udGVudC1MZW5ndGg6IDQ1MzQ1DQpDb250ZW50LVR5cGU6IGFwcGxpY2F0aW9uL2pzb24NCkRhdGU6IFdlZCwgMDcgT2N0IDIwMjYgMDQ6Mzg6MDYgR01UDQpTZXJ2ZXItVGltaW5nOiBxdWV1ZTtkdXI9MC4wLCBleHRyYWN0O2R1cj00MS4wDQpYLUNvbnRlbnQtVHlwZS1PcHRpb25zOiBub3NuaWZmDQoNCg==
1791347871257857121,200,15898853665,736965,0,,,,282,POST,http://proxy:8080/extract,Q29udGVudC1MZW5ndGg6IDc5Mjg5NQ0KQ29udGVudC1UeXBlOiBhcHBsaWNhdGlvbi9qc29uDQpEYXRlOiBXZWQsIDA3IE9jdCAyMDI2IDA0OjM4OjA2IEdNVA0KU2VydmVyLVRpbWluZzogcXVldWU7ZHVyPTAuMCwgZXh0cmFjdDtkdXI9NTI4LjcNClgtQ29udGVudC1UeXBlLU9wdGlvbnM6IG5vc25pZmYNCg0K
1791347887077357536,200,122731369,147209,0,,,,1073,POST,http://proxy:8080/extract,Q29udGVudC1MZW5ndGg6IDQ1MzQ1DQpDb250ZW50LVR5cGU6IGFwcGxpY2F0aW9uL2pzb24NCkRhdGU6IFdlZCwgMDcgT2N0IDIwMjYgMDQ6Mzg6MDYgR01UDQpTZXJ2ZXItVGltaW5nOiBxdWV1ZTtkdXI9MC4wLCBleHRyYWN0O2R1cj01Ny40DQpYLUNvbnRlbnQtVHlwZS1PcHRpb25zOiBub3NuaWZmDQoNCg==
1791347887156966537,200,89132016,147209,0,,,,1077,POST,http://proxy:8080/extract,Q29udGVudC1MZW5ndGg6IDQ1MzQ1DQpDb250ZW50LVR5cGU6IGFwcGxpY2F0aW9uL2pzb24NCkRhdGU6IFdlZCwgMDcgT2N0IDIwMjYgMDQ6Mzg6MDYgR01UDQpTZXJ2ZXItVGltaW5nOiBxdWV1ZTtkdXI9MC4wLCBleHRyYWN0O2R1cj00My40DQpYLUNvbnRlbnQtVHlwZS1PcHRpb25zOiBub3NuaWZmDQoNCg==
1791347887217278960,200,41520946,93347,0,,,,1080,POST,http://proxy:8080/extract,Q29udGVudC1MZW5ndGg6IDM2NjQNCkNvbnRlbnQtVHlwZTogYXBwbGljYXRpb24vanNvbg0KRGF0ZTogV2VkLCAwNyBPY3QgMjAyNiAwNDozODowNiBHTVQNClNlcnZlci1UaW1pbmc6IHF1ZXVlO2R1cj0wLjAsIGV4dHJhY3Q7ZHVyPTEyLjINClgtQ29udGVudC1UeXBlLU9wdGlvbnM6IG5vc25pZmYNCg0K
1791347887246177269,200,57156488,147209,0,,,,1081,POST,http://proxy:8080/extract,Q29udGVudC1MZW5ndGg6IDQ1MzQ1DQpDb250ZW50LVR5cGU6IGFwcGxpY2F0aW9uL2pzb24NCkRhdGU6IFdlZCwgMDcgT2N0IDIwMjYgMDQ6Mzg6MDYgR01UDQpTZXJ2ZXItVGltaW5nOiBxdWV1ZTtkdXI9MC4wLCBleHRyYWN0O2R1cj00Mi4xDQpYLUNvbnRlbnQtVHlwZS1PcHRpb25zOiBub3NuaWZmDQoNCg==
1791347887297747935,200,12044621,93347,0,,,,1084,POST,http://proxy:8080/extract,Q29udGVudC1MZW5ndGg6IDM2NjQNCkNvbnRlbnQtVHlwZTogYXBwbGljYXRpb24vanNvbg0KRGF0ZTogV2VkLCAwNyBPY3QgMjAyNiAwNDozODowNiBHTVQNClNlcnZlci1UaW1pbmc6IHF1ZXVlO2R1cj0wLjEsIGV4dHJhY3Q7ZHVyPTUuNA0KWC1Db250ZW50LVR5cGUtT3B0aW9uczogbm9zbmlmZg0KDQo=
1791347871437759551,200,15980336874,10063439,0,,,,291,POST,http://proxy:8080/extract,Q29udGVudC1MZW5ndGg6IDQxMzA1DQpDb250ZW50LVR5cGU6IGFwcGxpY2F0aW9uL2pzb24NCkRhdGU6IFdlZCwgMDcgT2N0IDIwMjYgMDQ6Mzg6MDYgR01UDQpTZXJ2ZXItVGltaW5nOiBxdWV1ZTtkdXI9MC4xLCBleHRyYWN0O2R1cj0yMjkuMw0KWC1Db250ZW50LVR5cGUtT3B0aW9uczogbm9zbmlmZg0KDQo=
1791347871337417708,200,16108269163,736965,0,,,,286,POST,http://proxy:8080/extract,Q29udGVudC1MZW5ndGg6IDc5Mjg5NQ0KQ29udGVudC1UeXBlOiBhcHBsaWNhdGlvbi9qc29uDQpEYXRlOiBXZWQsIDA3IE9jdCAyMDI2IDA0OjM4OjA1IEdNVA0KU2VydmVyLVRpbWluZzogcXVldWU7ZHVyPTAuMCwgZXh0cmFjdDtkdXI9NjA1LjENClgtQ29udGVudC1UeXBlLU9wdGlvbnM6IG5vc25pZmYNCg0K
1791347887317555416,200,147762000,147209,0,,,,1085,POST,http://proxy:8080/extract,Q29udGVudC1MZW5ndGg6IDQ1MzQ1DQpDb250ZW50LVR5cGU6IGFwcGxpY2F0aW9uL2pzb24NCkRhdGU6IFdlZCwgMDcgT2N0IDIwMjYgMDQ6Mzg6MDcgR01UDQpTZXJ2ZXItVGltaW5nOiBxdWV1ZTtkdXI9MC4wLCBleHRyYWN0O2R1cj00Mi45DQpYLUNvbnRlbnQtVHlwZS1PcHRpb25zOiBub3NuaWZmDQoNCg==
1791347887379137394,200,86258738,93347,0,,,,1088,POST,http://proxy:8080/extract,Q29udGVudC1MZW5ndGg6IDM2NjQNCkNvbnRlbnQtVHlwZTogYXBwbGljYXRpb24vanNvbg0KRGF0ZTogV2VkLCAwNyBPY3QgMjAyNiAwNDozODowNiBHTVQNClNlcnZlci1UaW1pbmc6IHF1ZXVlO2R1cj0wLjAsIGV4dHJhY3Q7ZHVyPTE0LjINClgtQ29udGVudC1UeXBlLU9wdGlvbnM6IG5vc25pZmYNCg0K
1791347887457864018,200,21425807,93347,0,,,,1092,POST,http://proxy:8080/extract,Q29udGVudC1MZW5ndGg6IDM2NjQNCkNvbnRlbnQtVHlwZTogYXBwbGljYXRpb24vanNvbg0KRGF0ZTogV2VkLCAwNyBPY3QgMjAyNiAwNDozODowNyBHTVQNClNlcnZlci1UaW1pbmc6IHF1ZXVlO2R1cj0wLjAsIGV4dHJhY3Q7ZHVyPTE1LjkNClgtQ29udGVudC1UeXBlLU9wdGlvbnM6IG5vc25pZmYNCg0K
1791347887478890745,200,37893616,147209,0,,,,1093,POST,http://proxy:8080/extract,Q29udGVudC1MZW5ndGg6IDQ1MzQ1DQpDb250ZW50LVR5cGU6IGFwcGxpY2F0aW9uL2pzb24NCkRhdGU6IFdlZCwgMDcgT2N0IDIwMjYgMDQ6Mzg6MDcgR01UDQpTZXJ2ZXItVGltaW5nOiBxdWV1ZTtkdXI9MC4wLCBleHRyYWN0O2R1cj0zNS40DQpYLUNvbnRlbnQtVHlwZS1PcHRpb25zOiBub3NuaWZmDQoNCg==
1791347887397555496,200,126125852,147209,0,,,,1089,POST,http://proxy:8080/extract,Q29udGVudC1MZW5ndGg6IDQ1MzQ1DQpDb250ZW50LVR5cGU6IGFwcGxpY2F0aW9uL2pzb24NCkRhdGU6IFdlZCwgMDcgT2N0IDIwMjYgMDQ6Mzg6MDYgR01UDQpTZXJ2ZXItVGltaW5nOiBxdWV1ZTtkdXI9MC4wLCBleHRyYWN0O2R1cj01OS4xDQpYLUNvbnRlbnQtVHlwZS1PcHRpb25zOiBub3NuaWZmDQoNCg==
1791347871517675091,200,16128517482,10063439,0,,,,295,POST,http://proxy:8080/extract,Q29udGVudC1MZW5ndGg6IDQxMzA1DQpDb250ZW50LVR5cGU6IGFwcGxpY2F0aW9uL2pzb24NCkRhdGU6IFdlZCwgMDcgT2N0IDIwMjYgMDQ6Mzg6MDYgR01UDQpTZXJ2ZXItVGltaW5nOiBxdWV1ZTtkdXI9MC4wLCBleHRyYWN0O2R1cj0yODIuOA0KWC1Db250ZW50LVR5cGUtT3B0aW9uczogbm9zbmlmZg0KDQo=
1791347887550299798,200,112882290,93347,0,,,,1096,POST,http://proxy:8080/extract,Q29udGVudC1MZW5ndGg6IDM2NjQNCkNvbnRlbnQtVHlwZTogYXBwbGljYXRpb24vanNvbg0KRGF0ZTogV2VkLCAwNyBPY3QgMjAyNiAwNDozODowNyBHTVQNClNlcnZlci1UaW1pbmc6IHF1ZXVlO2R1cj0wLjAsIGV4dHJhY3Q7ZHVyPTE0LjENClgtQ29udGVudC1UeXBlLU9wdGlvbnM6IG5vc25pZmYNCg0K
1791347887557611068,200,163809526,147209,0,,,,1097,POST,http://proxy:8080/extract,Q29udGVudC1MZW5ndGg6IDQ1MzQ1DQpDb250ZW50LVR5cGU6IGFwcGxpY2F0aW9uL2pzb24NCkRhdGU6IFdlZCwgMDcgT2N0IDIwMjYgMDQ6Mzg6MDcgR01UDQpTZXJ2ZXItVGltaW5nOiBxdWV1ZTtkdXI9MC4wLCBleHRyYWN0O2R1cj01MC4zDQpYLUNvbnRlbnQtVHlwZS1PcHRpb25zOiBub3NuaWZmDQoNCg==
1791347887617581822,200,121724967,93347,0,,,,1100,POST,http://proxy:8080/extract,Q29udGVudC1MZW5ndGg6IDM2NjQNCkNvbnRlbnQtVHlwZTogYXBwbGljYXRpb24vanNvbg0KRGF0ZTogV2VkLCAwNyBPY3QgMjAyNiAwNDozODowNyBHTVQNClNlcnZlci1UaW1pbmc6IHF1ZXVlO2R1cj0wLjAsIGV4dHJhY3Q7ZHVyPTExLjMNClgtQ29udGVudC1UeXBlLU9wdGlvbnM6IG5vc25pZmYNCg0K
1791347871497519229,200,16256664750,736965,0,,,,294,POST,http://proxy:8080/extract,Q29udGVudC1MZW5ndGg6IDc5Mjg5NQ0KQ29udGVudC1UeXBlOiBhcHBsaWNhdGlvbi9qc29uDQpEYXRlOiBXZWQsIDA3IE9jdCAyMDI2IDA0OjM4OjA2IEdNVA0KU2VydmVyLVRpbWluZzogcXVldWU7ZHVyPTAuMCwgZXh0cmFjdDtkdXI9NTY5LjUNClgtQ29udGVudC1UeXBlLU9wdGlvbnM6IG5vc25pZmYNCg0K
1791347887696866358,200,66813130,93347,0,,,,1104,POST,http://proxy:8080/extract,Q29udGVudC1MZW5ndGg6IDM2NjQNCkNvbnRlbnQtVHlwZTogYXBwbGljYXRpb24vanNvbg0KRGF0ZTogV2VkLCAwNyBPY3QgMjAyNiAwNDozODowNyBHTVQNClNlcnZlci1UaW1pbmc6IHF1ZXVlO2R1cj0wLjAsIGV4dHJhY3Q7ZHVyPTYuNw0KWC1Db250ZW50LVR5cGUtT3B0aW9uczogbm9zbmlmZg0KDQo=
1791347871418055158,200,16346903387,736965,0,,,,290,POST,http://proxy:8080/extract,Q29udGVudC1MZW5ndGg6IDc5Mjg5NQ0KQ29udGVudC1UeXBlOiBhcHBsaWNhdGlvbi9qc29uDQpEYXRlOiBXZWQsIDA3IE9jdCAyMDI2IDA0OjM4OjA2IEdNVA0KU2VydmVyLVRpbWluZzogcXVldWU7ZHVyPTAuMSwgZXh0cmFjdDtkdXI9NTY5LjMNClgtQ29udGVudC1UeXBlLU9wdGlvbnM6IG5vc25pZmYNCg0K
1791347887637161658,200,168599388,147209,0,,,,1101,POST,http://proxy:8080/extract,Q29udGVudC1MZW5ndGg6IDQ1MzQ1DQpDb250ZW50LVR5cGU6IGFwcGxpY2F0aW9uL2pzb24NCkRhdGU6IFdlZCwgMDcgT2N0IDIwMjYgMDQ6Mzg6MDcgR01UDQpTZXJ2ZXItVGltaW5nOiBxdWV1ZTtkdXI9MC4wLCBleHRyYWN0O2R1cj02My4zDQpYLUNvbnRlbnQtVHlwZS1PcHRpb25zOiBub3NuaWZmDQoNCg==
1791347887777130892,200,38964332,93347,0,,,,1108,POST,http://proxy:8080/extract,Q29udGVudC1MZW5ndGg6IDM2NjQNCkNvbnRlbnQtVHlwZTogYXBwbGljYXRpb24vanNvbg0KRGF0ZTogV2VkLCAwNyBPY3QgMjAyNiAwNDozODowNyBHTVQNClNlcnZlci1UaW1pbmc6IHF1ZXVlO2R1cj0wLjAsIGV4dHJhY3Q7ZHVyPTguNA0KWC1Db250ZW50LVR5cGUtT3B0aW9uczogbm9zbmlmZg0KDQo=
1791347887721486607,200,104401185,147209,0,,,,1105,POST,http://proxy:8080/extract,Q29udGVudC1MZW5ndGg6IDQ1MzQ1DQpDb250ZW50LVR5cGU6IGFwcGxpY2F0aW9uL2pzb24NCkRhdGU6IFdlZCwgMDcgT2N0IDIwMjYgMDQ6Mzg6MDcgR01UDQpTZXJ2ZXItVGltaW5nOiBxdWV1ZTtkdXI9MC4wLCBleHRyYWN0O2R1cj02MC42DQpYLUNvbnRlbnQtVHlwZS1PcHRpb25zOiBub3NuaWZmDQoNCg==
1791347887797404367,200,77843146,147209,0,,,,1109,POST,http://proxy:8080/extract,Q29udGVudC1MZW5ndGg6IDQ1MzQ1DQpDb250ZW50LVR5cGU6IGFwcGxpY2F0aW9uL2pzb24NCkRhdGU6IFdlZCwgMDcgT2N0IDIwMjYgMDQ6Mzg6MDcgR01UDQpTZXJ2ZXItVGltaW5nOiBxdWV1ZTtkdXI9MC4wLCBleHRyYWN0O2R1cj01Ni43DQpYLUNvbnRlbnQtVHlwZS1PcHRpb25zOiBub3NuaWZmDQoNCg==
1791347887857766300,200,31785289,93347,0,,,,1112,POST,http://proxy:8080/extract,Q29udGVudC1MZW5ndGg6IDM2NjQNCkNvbnRlbnQtVHlwZTogYXBwbGljYXRpb24vanNvbg0KRGF0ZTogV2VkLCAwNyBPY3QgMjAyNiAwNDozODowNyBHTVQNClNlcnZlci1UaW1pbmc6IHF1ZXVlO2R1cj0wLjAsIGV4dHJhY3Q7ZHVyPTEyLjINClgtQ29udGVudC1UeXBlLU9wdGlvbnM6IG5vc25pZmYNCg0K
1791347871597814665,200,16316013303,10063439,0,,,,299,POST,http://proxy:8080/extract,Q29udGVudC1MZW5ndGg6IDQxMzA1DQpDb250ZW50LVR5cGU6IGFwcGxpY2F0aW9uL2pzb24NCkRhdGU6IFdlZCwgMDcgT2N0IDIwMjYgMDQ6Mzg6MDYgR01UDQpTZXJ2ZXItVGltaW5nOiBxdWV1ZTtkdXI9MC4wLCBleHRyYWN0O2R1cj0yODkuNg0KWC1Db250ZW50LVR5cGUtT3B0aW9uczogbm9zbmlmZg0KDQo=
1791347887876917749,200,61752948,147209,0,,,,1113,POST,http://proxy:8080/extract,Q29udGVudC1MZW5ndGg6IDQ1MzQ1DQpDb250ZW50LVR5cGU6IGFwcGxpY2F0aW9uL2pzb24NCkRhdGU6IFdlZCwgMDcgT2N0IDIwMjYgMDQ6Mzg6MDcgR01UDQpTZXJ2ZXItVGltaW5nOiBxdWV1ZTtkdXI9MC4wLCBleHRyYWN0O2R1cj00Ni4wDQpYLUNvbnRlbnQtVHlwZS1PcHRpb25zOiBub3NuaWZmDQoNCg==
1791347871577101619,200,16562722854,736965,0,,,,298,POST,http://proxy:8080/extract,Q29udGVudC1MZW5ndGg6IDc5Mjg5NQ0KQ29udGVudC1UeXBlOiBhcHBsaWNhdGlvbi9qc29uDQpEYXRlOiBXZWQsIDA3IE9jdCAyMDI2IDA0OjM4OjA3IEdNVA0KU2VydmVyLVRpbWluZzogcXVldWU7ZHVyPTAuMCwgZXh0cmFjdDtkdXI9NjE1LjENClgtQ29udGVudC1UeXBlLU9wdGlvbnM6IG5vc25pZmYNCg0K
1791347887938165807,200,217187243,93347,0,,,,1116,POST,http://proxy:8080/extract,Q29udGVudC1MZW5ndGg6IDM2NjQNCkNvbnRlbnQtVHlwZTogYXBwbGljYXRpb24vanNvbg0KRGF0ZTogV2VkLCAwNyBPY3QgMjAyNiAwNDozODowNyBHTVQNClNlcnZlci1UaW1pbmc6IHF1ZXVlO2R1cj0wLjAsIGV4dHJhY3Q7ZHVyPTYuMQ0KWC1Db250ZW50LVR5cGUtT3B0aW9uczogbm9zbmlmZg0KDQo=
1791347871677689599,200,16525591423,10063439,0,,,,303,POST,http://proxy:8080/extract,Q29udGVudC1MZW5ndGg6IDQxMzA1DQpDb250ZW50LVR5cGU6IGFwcGxpY2F0aW9uL2pzb24NCkRhdGU6IFdlZCwgMDcgT2N0IDIwMjYgMDQ6Mzg6MDcgR01UDQpTZXJ2ZXItVGltaW5nOiBxdWV1ZTtkdXI9MC4wLCBleHRyYWN0O2R1cj0zMzEuNw0KWC1Db250ZW50LVR5cGUtT3B0aW9uczogbm9zbmlmZg0KDQo=
1791347887957196811,200,250692735,147209,0,,,,1117,POST,http://proxy:8080/extract,Q29udGVudC1MZW5ndGg6IDQ1MzQ1DQpDb250ZW50LVR5cGU6IGFwcGxpY2F0aW9uL2pzb24NCkRhdGU6IFdlZCwgMDcgT2N0IDIwMjYgMDQ6Mzg6MDcgR01UDQpTZXJ2ZXItVGltaW5nOiBxdWV1ZTtkdXI9MC4wLCBleHRyYWN0O2R1cj01MC44DQpYLUNvbnRlbnQtVHlwZS1PcHRpb25zOiBub3NuaWZmDQoNCg==
1791347888016951198,200,201976722,93347,0,,,,1120,POST,http://proxy:8080/extract,Q29udGVudC1MZW5ndGg6IDM2NjQNCkNvbnRlbnQtVHlwZTogYXBwbGljYXRpb24vanNvbg0KRGF0ZTogV2VkLCAwNyBPY3QgMjAyNiAwNDozODowNyBHTVQNClNlcnZlci1UaW1pbmc6IHF1ZXVlO2R1cj0wLjAsIGV4dHJhY3Q7ZHVyPTEzLjcNClgtQ29udGVudC1UeXBlLU9wdGlvbnM6IG5vc25pZmYNCg0K
1791347871756884548,200,16480214522,10063439,0,,,,307,POST,http://proxy:8080/extract,Q29udGVudC1MZW5ndGg6IDQxMzA1DQpDb250ZW50LVR5cGU6IGFwcGxpY2F0aW9uL2pzb24NCkRhdGU6IFdlZCwgMDcgT2N0IDIwMjYgMDQ6Mzg6MDcgR01UDQpTZXJ2ZXItVGltaW5nOiBxdWV1ZTtkdXI9MC4wLCBleHRyYWN0O2R1cj0yNzAuNw0KWC1Db250ZW50LVR5cGUtT3B0aW9uczogbm9zbmlmZg0KDQo=
1791347888097054424,200,144357318,93347,0,,,,1124,POST,http://proxy:8080/extract,Q29udGVudC1MZW5ndGg6IDM2NjQNCkNvbnRlbnQtVHlwZTogYXBwbGljYXRpb24vanNvbg0KRGF0ZTogV2VkLCAwNyBPY3QgMjAyNiAwNDozODowNyBHTVQNClNlcnZlci1UaW1pbmc6IHF1ZXVlO2R1cj0wLjAsIGV4dHJhY3Q7ZHVyPTYuMQ0KWC1Db250ZW50LVR5cGUtT3B0aW9uczogbm9zbmlmZg0KDQo=
1791347888176943712,200,70788260,93347,0,,,,1128,POST,http://proxy:8080/extract,Q29udGVudC1MZW5ndGg6IDM2NjQNCkNvbnRlbnQtVHlwZTogYXBwbGljYXRpb24vanNvbg0KRGF0ZTogV2VkLCAwNyBPY3QgMjAyNiAwNDozODowNyBHTVQNClNlcnZlci1UaW1pbmc6IHF1ZXVlO2R1cj0wLjAsIGV4dHJhY3Q7ZHVyPTUuOQ0KWC1Db250ZW50LVR5cGUtT3B0aW9uczogbm9zbmlmZg0KDQo=
1791347888117577894,200,163671772,147209,0,,,,1125,POST,http://proxy:8080/extract,Q29udGVudC1MZW5ndGg6IDQ1MzQ1DQpDb250ZW50LVR5cGU6IGFwcGxpY2F0aW9uL2pzb24NCkRhdGU6IFdlZCwgMDcgT2N0IDIwMjYgMDQ6Mzg6MDcgR01UDQpTZXJ2ZXItVGltaW5nOiBxdWV1ZTtkdXI9MC4wLCBleHRyYWN0O2R1cj00Mi41DQpYLUNvbnRlbnQtVHlwZS1PcHRpb25zOiBub3NuaWZmDQoNCg==
1791347888037439462,200,244927504,147209,0,,,,1121,POST,http://proxy:8080/extract,Q29udGVudC1MZW5ndGg6IDQ1MzQ1DQpDb250ZW50LVR5cGU6IGFwcGxpY2F0aW9uL2pzb24NCkRhdGU6IFdlZCwgMDcgT2N0IDIwMjYgMDQ6Mzg6MDggR01UDQpTZXJ2ZXItVGltaW5nOiBxdWV1ZTtkdXI9MC4wLCBleHRyYWN0O2R1cj03Mi40DQpYLUNvbnRlbnQtVHlwZS1PcHRpb25zOiBub3NuaWZmDQoNCg==
1791347888258445288,200,41521826,93347,0,,,,1132,POST,http://proxy:8080/extract,Q29udGVudC1MZW5ndGg6IDM2NjQNCkNvbnRlbnQtVHlwZTogYXBwbGljYXRpb24vanNvbg0KRGF0ZTogV2VkLCAwNyBPY3QgMjAyNiAwNDozODowNyBHTVQNClNlcnZlci1UaW1pbmc6IHF1ZXVlO2R1cj0wLjAsIGV4dHJhY3Q7ZHVyPTE3LjMNClgtQ29udGVudC1UeXBlLU9wdGlvbnM6IG5vc25pZmYNCg0K
1791347871657208388,200,16677345312,736965,0,,,,302,POST,http://proxy:8080/extract,Q29udGVudC1MZW5ndGg6IDc5Mjg5NQ0KQ29udGVudC1UeXBlOiBhcHBsaWNhdGlvbi9qc29uDQpEYXRlOiBXZWQsIDA3IE9jdCAyMDI2IDA0OjM4OjA3IEdNVA0KU2VydmVyLVRpbWluZzogcXVldWU7ZHVyPTAuMCwgZXh0cmFjdDtkdXI9NTYxLjcNClgtQ29udGVudC1UeXBlLU9wdGlvbnM6IG5vc25pZmYNCg0K
1791347888277755842,200,58066384,147209,0,,,,1133,POST,http://proxy:8080/extract,Q29udGVudC1MZW5ndGg6IDQ1MzQ1DQpDb250ZW50LVR5cGU6IGFwcGxpY2F0aW9uL2pzb24NCkRhdGU6IFdlZCwgMDcgT2N0IDIwMjYgMDQ6Mzg6MDggR01UDQpTZXJ2ZXItVGltaW5nOiBxdWV1ZTtkdXI9MC4wLCBleHRyYWN0O2R1cj01MS4wDQpYLUNvbnRlbnQtVHlwZS1PcHRpb25zOiBub3NuaWZmDQoNCg==
1791347888197656416,200,154663661,147209,0,,,,1129,POST,http://proxy:8080/extract,Q29udGVudC1MZW5ndGg6IDQ1MzQ1DQpDb250ZW50LVR5cGU6IGFwcGxpY2F0aW9uL2pzb24NCkRhdGU6IFdlZCwgMDcgT2N0IDIwMjYgMDQ6Mzg6MDcgR01UDQpTZXJ2ZXItVGltaW5nOiBxdWV1ZTtkdXI9MC4wLCBleHRyYWN0O2R1cj04My43DQpYLUNvbnRlbnQtVHlwZS1PcHRpb25zOiBub3NuaWZmDQoNCg==
1791347871917715946,200,16788584239,10063439,0,,,,315,POST,http://proxy:8080/extract,Q29udGVudC1MZW5ndGg6IDQxMzA1DQpDb250ZW50LVR5cGU6IGFwcGxpY2F0aW9uL2pzb24NCkRhdGU6IFdlZCwgMDcgT2N0IDIwMjYgMDQ6Mzg6MDcgR01UDQpTZXJ2ZXItVGltaW5nOiBxdWV1ZTtkdXI9MC4wLCBleHRyYWN0O2R1cj0zMTcuMg0KWC1Db250ZW50LVR5cGUtT3B0aW9uczogbm9zbmlmZg0KDQo=
1791347871837194527,200,16887571261,10063439,0,,,,311,POST,http://proxy:8080/extract,Q29udGVudC1MZW5ndGg6IDQxMzA1DQpDb250ZW50LVR5cGU6IGFwcGxpY2F0aW9uL2pzb24NCkRhdGU6IFdlZCwgMDcgT2N0IDIwMjYgMDQ6Mzg6MDcgR01UDQpTZXJ2ZXItVGltaW5nOiBxdWV1ZTtkdXI9MS4xLCBleHRyYWN0O2R1cj0zMTIuNg0KWC1Db250ZW50LVR5cGUtT3B0aW9uczogbm9zbmlmZg0KDQo=
1791347888336992636,200,422035579,93347,0,,,,1136,POST,http://proxy:8080/extract,Q29udGVudC1MZW5ndGg6IDM2NjQNCkNvbnRlbnQtVHlwZTogYXBwbGljYXRpb24vanNvbg0KRGF0ZTogV2VkLCAwNyBPY3QgMjAyNiAwNDozODowOCBHTVQNClNlcnZlci1UaW1pbmc6IHF1ZXVlO2R1cj0wLjAsIGV4dHJhY3Q7ZHVyPTQwLjQNClgtQ29udGVudC1UeXBlLU9wdGlvbnM6IG5vc25pZmYNCg0K
1791347888430211508,200,341248531,93347,0,,,,1140,POST,http://proxy:8080/extract,Q29udGVudC1MZW5ndGg6IDM2NjQNCkNvbnRlbnQtVHlwZTogYXBwbGljYXRpb24vanNvbg0KRGF0ZTogV2VkLCAwNyBPY3QgMjAyNiAwNDozODowOCBHTVQNClNlcnZlci1UaW1pbmc6IHF1ZXVlO2R1cj0wLjAsIGV4dHJhY3Q7ZHVyPTExLjYNClgtQ29udGVudC1UeXBlLU9wdGlvbnM6IG5vc25pZmYNCg0K
1791347888361037436,200,425110930,147209,0,,,,1137,POST,http://proxy:8080/extract,Q29udGVudC1MZW5ndGg6IDQ1MzQ1DQpDb250ZW50LVR5cGU6IGFwcGxpY2F0aW9uL2pzb24NCkRhdGU6IFdlZCwgMDcgT2N0IDIwMjYgMDQ6Mzg6MDggR01UDQpTZXJ2ZXItVGltaW5nOiBxdWV1ZTtkdXI9MC4xLCBleHRyYWN0O2R1cj01OS4xDQpYLUNvbnRlbnQtVHlwZS1PcHRpb25zOiBub3NuaWZmDQoNCg==
1791347888501924733,200,309424940,93347,0,,,,1144,POST,http://proxy:8080/extract,Q29udGVudC1MZW5ndGg6IDM2NjQNCkNvbnRlbnQtVHlwZTogYXBwbGljYXRpb24vanNvbg0KRGF0ZTogV2VkLCAwNyBPY3QgMjAyNiAwNDozODowOCBHTVQNClNlcnZlci1UaW1pbmc6IHF1ZXVlO2R1cj0wLjAsIGV4dHJhY3Q7ZHVyPTE5LjUNClgtQ29udGVudC1UeXBlLU9wdGlvbnM6IG5vc25pZmYNCg0K
1791347888445794495,200,396696147,147209,0,,,,1141,POST,http://proxy:8080/extract,Q29udGVudC1MZW5ndGg6IDQ1MzQ1DQpDb250ZW50LVR5cGU6IGFwcGxpY2F0aW9uL2pzb24NCkRhdGU6IFdlZCwgMDcgT2N0IDIwMjYgMDQ6Mzg6MDggR01UDQpTZXJ2ZXItVGltaW5nOiBxdWV1ZTtkdXI9MC4wLCBleHRyYWN0O2R1cj02OS45DQpYLUNvbnRlbnQtVHlwZS1PcHRpb25zOiBub3NuaWZmDQoNCg==
1791347871737706881,200,17122832989,736965,0,,,,306,POST,http://proxy:8080/extract,Q29udGVudC1MZW5ndGg6IDc5Mjg5NQ0KQ29udGVudC1UeXBlOiBhcHBsaWNhdGlvbi9qc29uDQpEYXRlOiBXZWQsIDA3IE9jdCAyMDI2IDA0OjM4OjA3IEdNVA0KU2VydmVyLVRpbWluZzogcXVldWU7ZHVyPTAuNSwgZXh0cmFjdDtkdXI9OTM0LjMNClgtQ29udGVudC1UeXBlLU9wdGlvbnM6IG5vc25pZmYNCg0K
1791347888577425136,200,306423003,93347,0,,,,1148,POST,http://proxy:8080/extract,Q29udGVudC1MZW5ndGg6IDM2NjQNCkNvbnRlbnQtVHlwZTogYXBwbGljYXRpb24vanNvbg0KRGF0ZTogV2VkLCAwNyBPY3QgMjAyNiAwNDozODowOCBHTVQNClNlcnZlci1UaW1pbmc6IHF1ZXVlO2R1cj0wLjAsIGV4dHJhY3Q7ZHVyPTMxLjkNClgtQ29udGVudC1UeXBlLU9wdGlvbnM6IG5vc25pZmYNCg0K
1791347888657670688,200,237962058,93347,0,,,,1152,POST,http://proxy:8080/extract,Q29udGVudC1MZW5ndGg6IDM2NjQNCkNvbnRlbnQtVHlwZTogYXBwbGljYXRpb24vanNvbg0KRGF0ZTogV2VkLCAwNyBPY3QgMjAyNiAwNDozODowOCBHTVQNClNlcnZlci1UaW1pbmc6IHF1ZXVlO2R1cj0wLjAsIGV4dHJhY3Q7ZHVyPTguMQ0KWC1Db250ZW50LVR5cGUtT3B0aW9uczogbm9zbmlmZg0KDQo=
1791347888520980441,200,382326578,147209,0,,,,1145,POST,http://proxy:8080/extract,Q29udGVudC1MZW5ndGg6IDQ1MzQ1DQpDb250ZW50LVR5cGU6IGFwcGxpY2F0aW9uL2pzb24NCkRhdGU6IFdlZCwgMDcgT2N0IDIwMjYgMDQ6Mzg6MDggR01UDQpTZXJ2ZXItVGltaW5nOiBxdWV1ZTtkdXI9MC4wLCBleHRyYWN0O2R1cj03Ny4zDQpYLUNvbnRlbnQtVHlwZS1PcHRpb25zOiBub3NuaWZmDQoNCg==
1791347888737870331,200,177317213,93347,0,,,,1156,POST,http://proxy:8080/extract,Q29udGVudC1MZW5ndGg6IDM2NjQNCkNvbnRlbnQtVHlwZTogYXBwbGljYXRpb24vanNvbg0KRGF0ZTogV2VkLCAwNyBPY3QgMjAyNiAwNDozODowOCBHTVQNClNlcnZlci1UaW1pbmc6IHF1ZXVlO2R1cj0wLjAsIGV4dHJhY3Q7ZHVyPTEwLjINClgtQ29udGVudC1UeXBlLU9wdGlvbnM6IG5vc25pZmYNCg0K
1791347871816855931,200,17107925829,736965,0,,,,310,POST,http://proxy:8080/extract,Q29udGVudC1MZW5ndGg6IDc5Mjg5NQ0KQ29udGVudC1UeXBlOiBhcHBsaWNhdGlvbi9qc29uDQpEYXRlOiBXZWQsIDA3IE9jdCAyMDI2IDA0OjM4OjA3IEdNVA0KU2VydmVyLVRpbWluZzogcXVldWU7ZHVyPTEyLjEsIGV4dHJhY3Q7ZHVyPTU5OS4yDQpYLUNvbnRlbnQtVHlwZS1PcHRpb25zOiBub3NuaWZmDQoNCg==
1791347888825867069,200,114641003,93347,0,,,,1160,POST,http://proxy:8080/extract,Q29udGVudC1MZW5ndGg6IDM2NjQNCkNvbnRlbnQtVHlwZTogYXBwbGljYXRpb24vanNvbg0KRGF0ZTogV2VkLCAwNyBPY3QgMjAyNiAwNDozODowOCBHTVQNClNlcnZlci1UaW1pbmc6IHF1ZXVlO2R1cj0wLjAsIGV4dHJhY3Q7ZHVyPTE0LjQNClgtQ29udGVudC1UeXBlLU9wdGlvbnM6IG5vc25pZmYNCg0K
1791347871902255709,200,17052625934,736965,0,,,,314,POST,http://proxy:8080/extract,Q29udGVudC1MZW5ndGg6IDc5Mjg5NQ0KQ29udGVudC1UeXBlOiBhcHBsaWNhdGlvbi9qc29uDQpEYXRlOiBXZWQsIDA3IE9jdCAyMDI2IDA0OjM4OjA4IEdNVA0KU2VydmVyLVRpbWluZzogcXVldWU7ZHVyPTAuMCwgZXh0cmFjdDtkdXI9NTk3LjgNClgtQ29udGVudC1UeXBlLU9wdGlvbnM6IG5vc25pZmYNCg0K
1791347888897939859,200,74054544,93347,0,,,,1164,POST,http://proxy:8080/extract,Q29udGVudC1MZW5ndGg6IDM2NjQNCkNvbnRlbnQtVHlwZTogYXBwbGljYXRpb24vanNvbg0KRGF0ZTogV2VkLCAwNyBPY3QgMjAyNiAwNDozODowOCBHTVQNClNlcnZlci1UaW1pbmc6IHF1ZXVlO2R1cj0wLjAsIGV4dHJhY3Q7ZHVyPTE0LjcNClgtQ29udGVudC1UeXBlLU9wdGlvbnM6IG5vc25pZmYNCg0K
1791347888837400432,200,148219408,147209,0,,,,1161,POST,http://proxy:8080/extract,Q29udGVudC1MZW5ndGg6IDQ1MzQ1DQpDb250ZW50LVR5cGU6IGFwcGxpY2F0aW9uL2pzb24NCkRhdGU6IFdlZCwgMDcgT2N0IDIwMjYgMDQ6Mzg6MDggR01UDQpTZXJ2ZXItVGltaW5nOiBxdWV1ZTtkdXI9MC4wLCBleHRyYWN0O2R1cj00MC41DQpYLUNvbnRlbnQtVHlwZS1PcHRpb25zOiBub3NuaWZmDQoNCg==
1791347888599241938,200,405981708,147209,0,,,,1149,POST,http://proxy:8080/extract,Q29udGVudC1MZW5ndGg6IDQ1MzQ1DQpDb250ZW50LVR5cGU6IGFwcGxpY2F0aW9uL2pzb24NCkRhdGU6IFdlZCwgMDcgT2N0IDIwMjYgMDQ6Mzg6MDcgR01UDQpTZXJ2ZXItVGltaW5nOiBxdWV1ZTtkdXI9MC4wLCBleHRyYWN0O2R1cj0xNDIuOQ0KWC1Db250ZW50LVR5cGUtT3B0aW9uczogbm9zbmlmZg0KDQo=
1791347888759785151,200,248152281,147209,0,,,,1157,POST,http://proxy:8080/extract,Q29udGVudC1MZW5ndGg6IDQ1MzQ1DQpDb250ZW50LVR5cGU6IGFwcGxpY2F0aW9uL2pzb24NCkRhdGU6IFdlZCwgMDcgT2N0IDIwMjYgMDQ6Mzg6MDggR01UDQpTZXJ2ZXItVGltaW5nOiBxdWV1ZTtkdXI9MC4wLCBleHRyYWN0O2R1cj05MS4wDQpYLUNvbnRlbnQtVHlwZS1PcHRpb25zOiBub3NuaWZmDQoNCg==
1791347888985324888,200,32997601,93347,0,,,,1168,POST,http://proxy:8080/extract,Q29udGVudC1MZW5ndGg6IDM2NjQNCkNvbnRlbnQtVHlwZTogYXBwbGljYXRpb24vanNvbg0KRGF0ZTogV2VkLCAwNyBPY3QgMjAyNiAwNDozODowOCBHTVQNClNlcnZlci1UaW1pbmc6IHF1ZXVlO2R1cj0wLjAsIGV4dHJhY3Q7ZHVyPTExLjMNClgtQ29udGVudC1UeXBlLU9wdGlvbnM6IG5vc25pZmYNCg0K
1791347888918738179,200,114696313,147209,0,,,,1165,POST,http://proxy:8080/extract,Q29udGVudC1MZW5ndGg6IDQ1MzQ1DQpDb250ZW50LVR5cGU6IGFwcGxpY2F0aW9uL2pzb24NCkRhdGU6IFdlZCwgMDcgT2N0IDIwMjYgMDQ6Mzg6MDggR01UDQpTZXJ2ZXItVGltaW5nOiBxdWV1ZTtkdXI9MC4wLCBleHRyYWN0O2R1cj01Mi4xDQpYLUNvbnRlbnQtVHlwZS1PcHRpb25zOiBub3NuaWZmDQoNCg==
1791347889001286642,200,93613443,147209,0,,,,1169,POST,http://proxy:8080/extract,Q29udGVudC1MZW5ndGg6IDQ1MzQ1DQpDb250ZW50LVR5cGU6IGFwcGxpY2F0aW9uL2pzb24NCkRhdGU6IFdlZCwgMDcgT2N0IDIwMjYgMDQ6Mzg6MDggR01UDQpTZXJ2ZXItVGltaW5nOiBxdWV1ZTtkdXI9MC4wLCBleHRyYWN0O2R1cj04Ni40DQpYLUNvbnRlbnQtVHlwZS1PcHRpb25zOiBub3NuaWZmDQoNCg==
1791347888677458527,200,443574231,147209,0,,,,1153,POST,http://proxy:8080/extract,Q29udGVudC1MZW5ndGg6IDQ1MzQ1DQpDb250ZW50LVR5cGU6IGFwcGxpY2F0aW9uL2pzb24NCkRhdGU6IFdlZCwgMDcgT2N0IDIwMjYgMDQ6Mzg6MDggR01UDQpTZXJ2ZXItVGltaW5nOiBxdWV1ZTtkdXI9MC4wLCBleHRyYWN0O2R1cj0yMjEuNg0KWC1Db250ZW50LVR5cGUtT3B0aW9uczogbm9zbmlmZg0KDQo=
1791347889057559607,200,68220000,93347,0,,,,1172,POST,http://proxy:8080/extract,Q29udGVudC1MZW5ndGg6IDM2NjQNCkNvbnRlbnQtVHlwZTogYXBwbGljYXRpb24vanNvbg0KRGF0ZTogV2VkLCAwNyBPY3QgMjAyNiAwNDozODowOCBHTVQNClNlcnZlci1UaW1pbmc6IHF1ZXVlO2R1cj0wLjAsIGV4dHJhY3Q7ZHVyPTI0LjcNClgtQ29udGVudC1UeXBlLU9wdGlvbnM6IG5vc25pZmYNCg0K
1791347889076849256,200,214699699,147209,0,,,,1173,POST,http://proxy:8080/extract,Q29udGVudC1MZW5ndGg6IDQ1MzQ1DQpDb250ZW50LVR5cGU6IGFwcGxpY2F0aW9uL2pzb24NCkRhdGU6IFdlZCwgMDcgT2N0IDIwMjYgMDQ6Mzg6MDggR01UDQpTZXJ2ZXItVGltaW5nOiBxdWV1ZTtkdXI9MC4wLCBleHRyYWN0O2R1cj0xNTUuNQ0KWC1Db250ZW50LVR5cGUtT3B0aW9uczogbm9zbmlmZg0KDQo=
1791347889137677235,200,229563057,93347,0,,,,1176,POST,http://proxy:8080/extract,Q29udGVudC1MZW5ndGg6IDM2NjQNCkNvbnRlbnQtVHlwZTogYXBwbGljYXRpb24vanNvbg0KRGF0ZTogV2VkLCAwNyBPY3QgMjAyNiAwNDozODowOCBHTVQNClNlcnZlci1UaW1pbmc6IHF1ZXVlO2R1cj0wLjAsIGV4dHJhY3Q7ZHVyPTQ5LjMNClgtQ29udGVudC1UeXBlLU9wdGlvbnM6IG5vc25pZmYNCg0K
1791347889157600999,200,349376784,147209,0,,,,1177,POST,http://proxy:8080/extract,Q29udGVudC1MZW5ndGg6IDQ1MzQ1DQpDb250ZW50LVR5cGU6IGFwcGxpY2F0aW9uL2pzb24NCkRhdGU6IFdlZCwgMDcgT2N0IDIwMjYgMDQ6Mzg6MDggR01UDQpTZXJ2ZXItVGltaW5nOiBxdWV1ZTtkdXI9MC4wLCBleHRyYWN0O2R1cj0xMzEuNw0KWC1Db250ZW50LVR5cGUtT3B0aW9uczogbm9zbmlmZg0KDQo=
1791347889217456303,200,297593524,93347,0,,,,1180,POST,http://proxy:8080/extract,Q29udGVudC1MZW5ndGg6IDM2NjQNCkNvbnRlbnQtVHlwZTogYXBwbGljYXRpb24vanNvbg0KRGF0ZTogV2VkLCAwNyBPY3QgMjAyNiAwNDozODowOCBHTVQNClNlcnZlci1UaW1pbmc6IHF1ZXVlO2R1cj0wLjAsIGV4dHJhY3Q7ZHVyPTYuMg0KWC1Db250ZW50LVR5cGUtT3B0aW9uczogbm9zbmlmZg0KDQo=
1791347889237673119,200,365724909,147209,0,,,,1181,POST,http://proxy:8080/extract,Q29udGVudC1MZW5ndGg6IDQ1MzQ1DQpDb250ZW50LVR5cGU6IGFwcGxpY2F0aW9uL2pzb24NCkRhdGU6IFdlZCwgMDcgT2N0IDIwMjYgMDQ6Mzg6MDggR01UDQpTZXJ2ZXItVGltaW5nOiBxdWV1ZTtkdXI9MC4xLCBleHRyYWN0O2R1cj03Ny43DQpYLUNvbnRlbnQtVHlwZS1PcHRpb25zOiBub3NuaWZmDQoNCg==
1791347872077518442,200,17544126749,10063439,0,,,,323,POST,http://proxy:8080/extract,Q29udGVudC1MZW5ndGg6IDQxMzA1DQpDb250ZW50LVR5cGU6IGFwcGxpY2F0aW9uL2pzb24NCkRhdGU6IFdlZCwgMDcgT2N0IDIwMjYgMDQ6Mzg6MDggR01UDQpTZXJ2ZXItVGltaW5nOiBxdWV1ZTtkdXI9MC4xLCBleHRyYWN0O2R1cj0zNTcuMg0KWC1Db250ZW50LVR5cGUtT3B0aW9uczogbm9zbmlmZg0KDQo=
1791347871997531927,200,17655043796,10063439,0,,,,319,POST,http://proxy:8080/extract,Q29udGVudC1MZW5ndGg6IDQxMzA1DQpDb250ZW50LVR5cGU6IGFwcGxpY2F0aW9uL2pzb24NCkRhdGU6IFdlZCwgMDcgT2N0IDIwMjYgMDQ6Mzg6MDggR01UDQpTZXJ2ZXItVGltaW5nOiBxdWV1ZTtkdXI9MC4xLCBleHRyYWN0O2R1cj00NTIuMw0KWC1Db250ZW50LVR5cGUtT3B0aW9uczogbm9zbmlmZg0KDQo=
1791347889300007367,200,365437457,93347,0,,,,1184,POST,http://proxy:8080/extract,Q29udGVudC1MZW5ndGg6IDM2NjQNCkNvbnRlbnQtVHlwZTogYXBwbGljYXRpb24vanNvbg0KRGF0ZTogV2VkLCAwNyBPY3QgMjAyNiAwNDozODowOSBHTVQNClNlcnZlci1UaW1pbmc6IHF1ZXVlO2R1cj0wLjAsIGV4dHJhY3Q7ZHVyPTU3LjkNClgtQ29udGVudC1UeXBlLU9wdGlvbnM6IG5vc25pZmYNCg0K
1791347889377389007,200,313575582,93347,0,,,,1188,POST,http://proxy:8080/extract,Q29udGVudC1MZW5ndGg6IDM2NjQNCkNvbnRlbnQtVHlwZTogYXBwbGljYXRpb24vanNvbg0KRGF0ZTogV2VkLCAwNyBPY3QgMjAyNiAwNDozODowOCBHTVQNClNlcnZlci1UaW1pbmc6IHF1ZXVlO2R1cj0wLjAsIGV4dHJhY3Q7ZHVyPTIxLjANClgtQ29udGVudC1UeXBlLU9wdGlvbnM6IG5vc25pZmYNCg0K
1791347871977598511,200,17716575052,736965,0,,,,318,POST,http://proxy:8080/extract,Q29udGVudC1MZW5ndGg6IDc5Mjg5NQ0KQ29udGVudC1UeXBlOiBhcHBsaWNhdGlvbi9qc29uDQpEYXRlOiBXZWQsIDA3IE9jdCAyMDI2IDA0OjM4OjA4IEdNVA0KU2VydmVyLVRpbWluZzogcXVldWU7ZHVyPTAuMCwgZXh0cmFjdDtkdXI9NjkxLjcNClgtQ29udGVudC1UeXBlLU9wdGlvbnM6IG5vc25pZmYNCg0K
1791347889457026650,200,257196598,93347,0,,,,1192,POST,http://proxy:8080/extract,Q29udGVudC1MZW5ndGg6IDM2NjQNCkNvbnRlbnQtVHlwZTogYXBwbGljYXRpb24vanNvbg0KRGF0ZTogV2VkLCAwNyBPY3QgMjAyNiAwNDozODowOCBHTVQNClNlcnZlci1UaW1pbmc6IHF1ZXVlO2R1cj0wLjAsIGV4dHJhY3Q7ZHVyPTguNQ0KWC1Db250ZW50LVR5cGUtT3B0aW9uczogbm9zbmlmZg0KDQo=
1791347889317118228,200,402100414,147209,0,,,,1185,POST,http://proxy:8080/extract,Q29udGVudC1MZW5ndGg6IDQ1MzQ1DQpDb250ZW50LVR5cGU6IGFwcGxpY2F0aW9uL2pzb24NCkRhdGU6IFdlZCwgMDcgT2N0IDIwMjYgMDQ6Mzg6MDkgR01UDQpTZXJ2ZXItVGltaW5nOiBxdWV1ZTtkdXI9MC4wLCBleHRyYWN0O2R1cj04OS40DQpYLUNvbnRlbnQtVHlwZS1PcHRpb25zOiBub3NuaWZmDQoNCg==
1791347889537388522,200,201962220,93347,0,,,,1196,POST,http://proxy:8080/extract,Q29udGVudC1MZW5ndGg6IDM2NjQNCkNvbnRlbnQtVHlwZTogYXBwbGljYXRpb24vanNvbg0KRGF0ZTogV2VkLCAwNyBPY3QgMjAyNiAwNDozODowOCBHTVQNClNlcnZlci1UaW1pbmc6IHF1ZXVlO2R1cj0wLjAsIGV4dHJhY3Q7ZHVyPTE1LjgNClgtQ29udGVudC1UeXBlLU9wdGlvbnM6IG5vc25pZmYNCg0K
1791347889397280264,200,358332287,147209,0,,,,1189,POST,http://proxy:8080/extract,Q29udGVudC1MZW5ndGg6IDQ1MzQ1DQpDb250ZW50LVR5cGU6IGFwcGxpY2F0aW9uL2pzb24NCkRhdGU6IFdlZCwgMDcgT2N0IDIwMjYgMDQ6Mzg6MDkgR01UDQpTZXJ2ZXItVGltaW5nOiBxdWV1ZTtkdXI9MC4wLCBleHRyYWN0O2R1cj04MC41DQpYLUNvbnRlbnQtVHlwZS1PcHRpb25zOiBub3NuaWZmDQoNCg==
1791347889477541219,200,280923042,147209,0,,,,1193,POST,http://proxy:8080/extract,Q29udGVudC1MZW5ndGg6IDQ1MzQ1DQpDb250ZW50LVR5cGU6IGFwcGxpY2F0aW9uL2pzb24NCkRhdGU6IFdlZCwgMDcgT2N0IDIwMjYgMDQ6Mzg6MDkgR01UDQpTZXJ2ZXItVGltaW5nOiBxdWV1ZTtkdXI9MC4wLCBleHRyYWN0O2R1cj01OC4xDQpYLUNvbnRlbnQtVHlwZS1PcHRpb25zOiBub3NuaWZmDQoNCg==
1791347889618137764,200,146303466,93347,0,,,,1200,POST,http://proxy:8080/extract,Q29udGVudC1MZW5ndGg6IDM2NjQNCkNvbnRlbnQtVHlwZTogYXBwbGljYXRpb24vanNvbg0KRGF0ZTogV2VkLCAwNyBPY3QgMjAyNiAwNDozODowOCBHTVQNClNlcnZlci1UaW1pbmc6IHF1ZXVlO2R1cj0wLjAsIGV4dHJhY3Q7ZHVyPTI0LjcNClgtQ29udGVudC1UeXBlLU9wdGlvbnM6IG5vc25pZmYNCg0K
1791347889698051756,200,75090430,93347,0,,,,1204,POST,http://proxy:8080/extract,Q29udGVudC1MZW5ndGg6IDM2NjQNCkNvbnRlbnQtVHlwZTogYXBwbGljYXRpb24vanNvbg0KRGF0ZTogV2VkLCAwNyBPY3QgMjAyNiAwNDozODowOSBHTVQNClNlcnZlci1UaW1pbmc6IHF1ZXVlO2R1cj0wLjAsIGV4dHJhY3Q7ZHVyPTEwLjYNClgtQ29udGVudC1UeXBlLU9wdGlvbnM6IG5vc25pZmYNCg0K
1791347889557489117,200,289142912,147209,0,,,,1197,POST,http://proxy:8080/extract,Q29udGVudC1MZW5ndGg6IDQ1MzQ1DQpDb250ZW50LVR5cGU6IGFwcGxpY2F0aW9uL2pzb24NCkRhdGU6IFdlZCwgMDcgT2N0IDIwMjYgMDQ6Mzg6MDkgR01UDQpTZXJ2ZXItVGltaW5nOiBxdWV1ZTtkdXI9MC4wLCBleHRyYWN0O2R1cj0xMDIuNw0KWC1Db250ZW50LVR5cGUtT3B0aW9uczogbm9zbmlmZg0KDQo=
1791347889778331114,200,93448313,93347,0,,,,1208,POST,http://proxy:8080/extract,Q29udGVudC1MZW5ndGg6IDM2NjQNCkNvbnRlbnQtVHlwZTogYXBwbGljYXRpb24vanNvbg0KRGF0ZTogV2VkLCAwNyBPY3QgMjAyNiAwNDozODowOSBHTVQNClNlcnZlci1UaW1pbmc6IHF1ZXVlO2R1cj0wLjAsIGV4dHJhY3Q7ZHVyPTIyLjUNClgtQ29udGVudC1UeXBlLU9wdGlvbnM6IG5vc25pZmYNCg0K
1791347889717723174,200,171600190,147209,0,,,,1205,POST,http://proxy:8080/extract,Q29udGVudC1MZW5ndGg6IDQ1MzQ1DQpDb250ZW50LVR5cGU6IGFwcGxpY2F0aW9uL2pzb24NCkRhdGU6IFdlZCwgMDcgT2N0IDIwMjYgMDQ6Mzg6MDggR01UDQpTZXJ2ZXItVGltaW5nOiBxdWV1ZTtkdXI9MC4wLCBleHRyYWN0O2R1cj05My40DQpYLUNvbnRlbnQtVHlwZS1PcHRpb25zOiBub3NuaWZmDQoNCg==
1791347889639123817,200,267542849,147209,0,,,,1201,POST,http://proxy:8080/extract,Q29udGVudC1MZW5ndGg6IDQ1MzQ1DQpDb250ZW50LVR5cGU6IGFwcGxpY2F0aW9uL2pzb24NCkRhdGU6IFdlZCwgMDcgT2N0IDIwMjYgMDQ6Mzg6MDkgR01UDQpTZXJ2ZXItVGltaW5nOiBxdWV1ZTtkdXI9MC4wLCBleHRyYWN0O2R1cj0xMzUuMQ0KWC1Db250ZW50LVR5cGUtT3B0aW9uczogbm9zbmlmZg0KDQo=
1791347889858239405,200,72790518,93347,0,,,,1212,POST,http://proxy:8080/extract,Q29udGVudC1MZW5ndGg6IDM2NjQNCkNvbnRlbnQtVHlwZTogYXBwbGljYXRpb24vanNvbg0KRGF0ZTogV2VkLCAwNyBPY3QgMjAyNiAwNDozODowOCBHTVQNClNlcnZlci1UaW1pbmc6IHF1ZXVlO2R1cj0wLjAsIGV4dHJhY3Q7ZHVyPTcuMw0KWC1Db250ZW50LVR5cGUtT3B0aW9uczogbm9zbmlmZg0KDQo=
1791347889797631366,200,136200659,147209,0,,,,1209,POST,http://proxy:8080/extract,Q29udGVudC1MZW5ndGg6IDQ1MzQ1DQpDb250ZW50LVR5cGU6IGFwcGxpY2F0aW9uL2pzb24NCkRhdGU6IFdlZCwgMDcgT2N0IDIwMjYgMDQ6Mzg6MDkgR01UDQpTZXJ2ZXItVGltaW5nOiBxdWV1ZTtkdXI9MC4wLCBleHRyYWN0O2R1cj02MC40DQpYLUNvbnRlbnQtVHlwZS1PcHRpb25zOiBub3NuaWZmDQoNCg==
1791347889885640306,200,130932516,147209,0,,,,1213,POST,http://proxy:8080/extract,Q29udGVudC1MZW5ndGg6IDQ1MzQ1DQpDb250ZW50LVR5cGU6IGFwcGxpY2F0aW9uL2pzb24NCkRhdGU6IFdlZCwgMDcgT2N0IDIwMjYgMDQ6Mzg6MDkgR01UDQpTZXJ2ZXItVGltaW5nOiBxdWV1ZTtkdXI9MC4wLCBleHRyYWN0O2R1cj0xMDguMA0KWC1Db250ZW50LVR5cGUtT3B0aW9uczogbm9zbmlmZg0KDQo=
1791347889937195426,200,89997896,93347,0,,,,1216,POST,http://proxy:8080/extract,Q29udGVudC1MZW5ndGg6IDM2NjQNCkNvbnRlbnQtVHlwZTogYXBwbGljYXRpb24vanNvbg0KRGF0ZTogV2VkLCAwNyBPY3QgMjAyNiAwNDozODowOSBHTVQNClNlcnZlci1UaW1pbmc6IHF1ZXVlO2R1cj0wLjAsIGV4dHJhY3Q7ZHVyPTYuMw0KWC1Db250ZW50LVR5cGUtT3B0aW9uczogbm9zbmlmZg0KDQo=
1791347872171251658,200,17941246520,10063439,0,,,,327,POST,http://proxy:8080/extract,Q29udGVudC1MZW5ndGg6IDQxMzA1DQpDb250ZW50LVR5cGU6IGFwcGxpY2F0aW9uL2pzb24NCkRhdGU6IFdlZCwgMDcgT2N0IDIwMjYgMDQ6Mzg6MDkgR01UDQpTZXJ2ZXItVGltaW5nOiBxdWV1ZTtkdXI9MC4wLCBleHRyYWN0O2R1cj0yNzIuMQ0KWC1Db250ZW50LVR5cGUtT3B0aW9uczogbm9zbmlmZg0KDQo=
1791347889957253313,200,158434436,147209,0,,,,1217,POST,http://proxy:8080/extract,Q29udGVudC1MZW5ndGg6IDQ1MzQ1DQpDb250ZW50LVR5cGU6IGFwcGxpY2F0aW9uL2pzb24NCkRhdGU6IFdlZCwgMDcgT2N0IDIwMjYgMDQ6Mzg6MDkgR01UDQpTZXJ2ZXItVGltaW5nOiBxdWV1ZTtkdXI9MC4wLCBleHRyYWN0O2R1cj04NC41DQpYLUNvbnRlbnQtVHlwZS1PcHRpb25zOiBub3NuaWZmDQoNCg==
1791347890017060510,200,122386188,93347,0,,,,1220,POST,http://proxy:8080/extract,Q29udGVudC1MZW5ndGg6IDM2NjQNCkNvbnRlbnQtVHlwZTogYXBwbGljYXRpb24vanNvbg0KRGF0ZTogV2VkLCAwNyBPY3QgMjAyNiAwNDozODowOSBHTVQNClNlcnZlci1UaW1pbmc6IHF1ZXVlO2R1cj0wLjAsIGV4dHJhY3Q7ZHVyPTE5LjcNClgtQ29udGVudC1UeXBlLU9wdGlvbnM6IG5vc25pZmYNCg0K
1791347872061259648,200,18097126137,736965,0,,,,322,POST,http://proxy:8080/extract,Q29udGVudC1MZW5ndGg6IDc5Mjg5NQ0KQ29udGVudC1UeXBlOiBhcHBsaWNhdGlvbi9qc29uDQpEYXRlOiBXZWQsIDA3IE9jdCAyMDI2IDA0OjM4OjA4IEdNVA0KU2VydmVyLVRpbWluZzogcXVldWU7ZHVyPTAuMCwgZXh0cmFjdDtkdXI9MTEwOC4zDQpYLUNvbnRlbnQtVHlwZS1PcHRpb25zOiBub3NuaWZmDQoNCg==
1791347890097605315,200,66830052,93347,0,,,,1224,POST,http://proxy:8080/extract,Q29udGVudC1MZW5ndGg6IDM2NjQNCkNvbnRlbnQtVHlwZTogYXBwbGljYXRpb24vanNvbg0KRGF0ZTogV2VkLCAwNyBPY3QgMjAyNiAwNDozODowOSBHTVQNClNlcnZlci1UaW1pbmc6IHF1ZXVlO2R1cj0wLjAsIGV4dHJhY3Q7ZHVyPTUuOQ0KWC1Db250ZW50LVR5cGUtT3B0aW9uczogbm9zbmlmZg0KDQo=
1791347890036871253,200,130331309,147209,0,,,,1221,POST,http://proxy:8080/extract,Q29udGVudC1MZW5ndGg6IDQ1MzQ1DQpDb250ZW50LVR5cGU6IGFwcGxpY2F0aW9uL2pzb24NCkRhdGU6IFdlZCwgMDcgT2N0IDIwMjYgMDQ6Mzg6MDkgR01UDQpTZXJ2ZXItVGltaW5nOiBxdWV1ZTtkdXI9MC4wLCBleHRyYWN0O2R1cj00NS42DQpYLUNvbnRlbnQtVHlwZS1PcHRpb25zOiBub3NuaWZmDQoNCg==
1791347890119107560,200,112254477,147209,0,,,,1225,POST,http://proxy:8080/extract,Q29udGVudC1MZW5ndGg6IDQ1MzQ1DQpDb250ZW50LVR5cGU6IGFwcGxpY2F0aW9uL2pzb24NCkRhdGU6IFdlZCwgMDcgT2N0IDIwMjYgMDQ6Mzg6MDkgR01UDQpTZXJ2ZXItVGltaW5nOiBxdWV1ZTtkdXI9MC4wLCBleHRyYWN0O2R1cj01Ny4xDQpYLUNvbnRlbnQtVHlwZS1PcHRpb25zOiBub3NuaWZmDQoNCg==
1791347890184001366,200,67749417,93347,0,,,,1228,POST,http://proxy:8080/extract,Q29udGVudC1MZW5ndGg6IDM2NjQNCkNvbnRlbnQtVHlwZTogYXBwbGljYXRpb24vanNvbg0KRGF0ZTogV2VkLCAwNyBPY3QgMjAyNiAwNDozODoxMCBHTVQNClNlcnZlci1UaW1pbmc6IHF1ZXVlO2R1cj0wLjAsIGV4dHJhY3Q7ZHVyPTE5LjMNClgtQ29udGVudC1UeXBlLU9wdGlvbnM6IG5vc25pZmYNCg0K
1791347890197381659,200,101912427,147209,0,,,,1229,POST,http://proxy:8080/extract,Q29udGVudC1MZW5ndGg6IDQ1MzQ1DQpDb250ZW50LVR5cGU6IGFwcGxpY2F0aW9uL2pzb24NCkRhdGU6IFdlZCwgMDcgT2N0IDIwMjYgMDQ6Mzg6MTAgR01UDQpTZXJ2ZXItVGltaW5nOiBxdWV1ZTtkdXI9MC4wLCBleHRyYWN0O2R1cj00MC4wDQpYLUNvbnRlbnQtVHlwZS1PcHRpb25zOiBub3NuaWZmDQoNCg==
1791347890257117643,200,60105250,93347,0,,,,1232,POST,http://proxy:8080/extract,Q29udGVudC1MZW5ndGg6IDM2NjQNCkNvbnRlbnQtVHlwZTogYXBwbGljYXRpb24vanNvbg0KRGF0ZTogV2VkLCAwNyBPY3QgMjAyNiAwNDozODoxMCBHTVQNClNlcnZlci1UaW1pbmc6IHF1ZXVlO2R1cj0wLjAsIGV4dHJhY3Q7ZHVyPTE2LjANClgtQ29udGVudC1UeXBlLU9wdGlvbnM6IG5vc25pZmYNCg0K
1791347890278556877,200,91305330,147209,0,,,,1233,POST,http://proxy:8080/extract,Q29udGVudC1MZW5ndGg6IDQ1MzQ1DQpDb250ZW50LVR5cGU6IGFwcGxpY2F0aW9uL2pzb24NCkRhdGU6IFdlZCwgMDcgT2N0IDIwMjYgMDQ6Mzg6MTAgR01UDQpTZXJ2ZXItVGltaW5nOiBxdWV1ZTtkdXI9MC4wLCBleHRyYWN0O2R1cj01MS40DQpYLUNvbnRlbnQtVHlwZS1PcHRpb25zOiBub3NuaWZmDQoNCg==
1791347890337522423,200,39388044,93347,0,,,,1236,POST,http://proxy:8080/extract,Q29udGVudC1MZW5ndGg6IDM2NjQNCkNvbnRlbnQtVHlwZTogYXBwbGljYXRpb24vanNvbg0KRGF0ZTogV2VkLCAwNyBPY3QgMjAyNiAwNDozODoxMCBHTVQNClNlcnZlci1UaW1pbmc6IHF1ZXVlO2R1cj0wLjAsIGV4dHJhY3Q7ZHVyPTUuNw0KWC1Db250ZW50LVR5cGUtT3B0aW9uczogbm9zbmlmZg0KDQo=
1791347890357849258,200,65370492,147209,0,,,,1237,POST,http://proxy:8080/extract,Q29udGVudC1MZW5ndGg6IDQ1MzQ1DQpDb250ZW50LVR5cGU6IGFwcGxpY2F0aW9uL2pzb24NCkRhdGU6IFdlZCwgMDcgT2N0IDIwMjYgMDQ6Mzg6MTAgR01UDQpTZXJ2ZXItVGltaW5nOiBxdWV1ZTtkdXI9MC4wLCBleHRyYWN0O2R1cj00My43DQpYLUNvbnRlbnQtVHlwZS1PcHRpb25zOiBub3NuaWZmDQoNCg==
1791347890417534533,200,21038963,93347,0,,,,1240,POST,http://proxy:8080/extract,Q29udGVudC1MZW5ndGg6IDM2NjQNCkNvbnRlbnQtVHlwZTogYXBwbGljYXRpb24vanNvbg0KRGF0ZTogV2VkLCAwNyBPY3QgMjAyNiAwNDozODoxMCBHTVQNClNlcnZlci1UaW1pbmc6IHF1ZXVlO2R1cj0wLjAsIGV4dHJhY3Q7ZHVyPTEwLjENClgtQ29udGVudC1UeXBlLU9wdGlvbnM6IG5vc25pZmYNCg0K
1791347872278903608,200,18205138520,10063439,0,,,,331,POST,http://proxy:8080/extract,Q29udGVudC1MZW5ndGg6IDQxMzA1DQpDb250ZW50LVR5cGU6IGFwcGxpY2F0aW9uL2pzb24NCkRhdGU6IFdlZCwgMDcgT2N0IDIwMjYgMDQ6Mzg6MDkgR01UDQpTZXJ2ZXItVGltaW5nOiBxdWV1ZTtkdXI9MC4wLCBleHRyYWN0O2R1cj0yNjguNA0KWC1Db250ZW50LVR5cGUtT3B0aW9uczogbm9zbmlmZg0KDQo=
1791347890437561815,200,53705905,147209,0,,,,1241,POST,http://proxy:8080/extract,Q29udGVudC1MZW5ndGg6IDQ1MzQ1DQpDb250ZW50LVR5cGU6IGFwcGxpY2F0aW9uL2pzb24NCkRhdGU6IFdlZCwgMDcgT2N0IDIwMjYgMDQ6Mzg6MTAgR01UDQpTZXJ2ZXItVGltaW5nOiBxdWV1ZTtkdXI9MC4wLCBleHRyYWN0O2R1cj00NS4yDQpYLUNvbnRlbnQtVHlwZS1PcHRpb25zOiBub3NuaWZmDQoNCg==
1791347872217000846,200,18337616204,736965,0,,,,330,POST,http://proxy:8080/extract,Q29udGVudC1MZW5ndGg6IDc5Mjg5NQ0KQ29udGVudC1UeXBlOiBhcHBsaWNhdGlvbi9qc29uDQpEYXRlOiBXZWQsIDA3IE9jdCAyMDI2IDA0OjM4OjA5IEdNVA0KU2VydmVyLVRpbWluZzogcXVldWU7ZHVyPTAuMCwgZXh0cmFjdDtkdXI9NjAyLjkNClgtQ29udGVudC1UeXBlLU9wdGlvbnM6IG5vc25pZmYNCg0K
1791347890497533540,200,67791225,93347,0,,,,1244,POST,http://proxy:8080/extract,Q29udGVudC1MZW5ndGg6IDM2NjQNCkNvbnRlbnQtVHlwZTogYXBwbGljYXRpb24vanNvbg0KRGF0ZTogV2VkLCAwNyBPY3QgMjAyNiAwNDozODoxMCBHTVQNClNlcnZlci1UaW1pbmc6IHF1ZXVlO2R1cj0wLjAsIGV4dHJhY3Q7ZHVyPTkuMA0KWC1Db250ZW50LVR5cGUtT3B0aW9uczogbm9zbmlmZg0KDQo=
1791347872171206849,200,18419890725,736965,0,,,,326,POST,http://proxy:8080/extract,Q29udGVudC1MZW5ndGg6IDc5Mjg5NQ0KQ29udGVudC1UeXBlOiBhcHBsaWNhdGlvbi9qc29uDQpEYXRlOiBXZWQsIDA3IE9jdCAyMDI2IDA0OjM4OjA4IEdNVA0KU2VydmVyLVRpbWluZzogcXVldWU7ZHVyPTAuMCwgZXh0cmFjdDtkdXI9NjQ0LjQNClgtQ29udGVudC1UeXBlLU9wdGlvbnM6IG5vc25pZmYNCg0K
1791347890577133277,200,29482972,93347,0,,,,1248,POST,http://proxy:8080/extract,Q29udGVudC1MZW5ndGg6IDM2NjQNCkNvbnRlbnQtVHlwZTogYXBwbGljYXRpb24vanNvbg0KRGF0ZTogV2VkLCAwNyBPY3QgMjAyNiAwNDozODowOSBHTVQNClNlcnZlci1UaW1pbmc6IHF1ZXVlO2R1cj0wLjAsIGV4dHJhY3Q7ZHVyPTcuNw0KWC1Db250ZW50LVR5cGUtT3B0aW9uczogbm9zbmlmZg0KDQo=
1791347890518233943,200,94233053,147209,0,,,,1245,POST,http://proxy:8080/extract,Q29udGVudC1MZW5ndGg6IDQ1MzQ1DQpDb250ZW50LVR5cGU6IGFwcGxpY2F0aW9uL2pzb24NCkRhdGU6IFdlZCwgMDcgT2N0IDIwMjYgMDQ6Mzg6MTAgR01UDQpTZXJ2ZXItVGltaW5nOiBxdWV1ZTtkdXI9MC4wLCBleHRyYWN0O2R1cj00Ni4wDQpYLUNvbnRlbnQtVHlwZS1PcHRpb25zOiBub3NuaWZmDQoNCg==
1791347890597287881,200,66991081,147209,0,,,,1249,POST,http://proxy:8080/extract,Q29udGVudC1MZW5ndGg6IDQ1MzQ1DQpDb250ZW50LVR5cGU6IGFwcGxpY2F0aW9uL2pzb24NCkRhdGU6IFdlZCwgMDcgT2N0IDIwMjYgMDQ6Mzg6MDkgR01UDQpTZXJ2ZXItVGltaW5nOiBxdWV1ZTtkdXI9MC4wLCBleHRyYWN0O2R1cj00OC45DQpYLUNvbnRlbnQtVHlwZS1PcHRpb25zOiBub3NuaWZmDQoNCg==
1791347890657904622,200,24645608,93347,0,,,,1252,POST,http://proxy:8080/extract,Q29udGVudC1MZW5ndGg6IDM2NjQNCkNvbnRlbnQtVHlwZTogYXBwbGljYXRpb24vanNvbg0KRGF0ZTogV2VkLCAwNyBPY3QgMjAyNiAwNDozODowOSBHTVQNClNlcnZlci1UaW1pbmc6IHF1ZXVlO2R1cj0wLjAsIGV4dHJhY3Q7ZHVyPTE2LjMNClgtQ29udGVudC1UeXBlLU9wdGlvbnM6IG5vc25pZmYNCg0K
1791347872297359534,200,18430171841,736965,0,,,,334,POST,http://proxy:8080/extract,Q29udGVudC1MZW5ndGg6IDc5Mjg5NQ0KQ29udGVudC1UeXBlOiBhcHBsaWNhdGlvbi9qc29uDQpEYXRlOiBXZWQsIDA3IE9jdCAyMDI2IDA0OjM4OjA5IEdNVA0KU2VydmVyLVRpbWluZzogcXVldWU7ZHVyPTAuMCwgZXh0cmFjdDtkdXI9NTQ5LjUNClgtQ29udGVudC1UeXBlLU9wdGlvbnM6IG5vc25pZmYNCg0K
1791347890677415712,200,52679021,147209,0,,,,1253,POST,http://proxy:8080/extract,Q29udGVudC1MZW5ndGg6IDQ1MzQ1DQpDb250ZW50LVR5cGU6IGFwcGxpY2F0aW9uL2pzb24NCkRhdGU6IFdlZCwgMDcgT2N0IDIwMjYgMDQ6Mzg6MDkgR01UDQpTZXJ2ZXItVGltaW5nOiBxdWV1ZTtkdXI9MC4wLCBleHRyYWN0O2R1cj00NS41DQpYLUNvbnRlbnQtVHlwZS1PcHRpb25zOiBub3NuaWZmDQoNCg==
1791347872317222036,200,18457317746,10063439,0,,,,335,POST,http://proxy:8080/extract,Q29udGVudC1MZW5ndGg6IDQxMzA1DQpDb250ZW50LVR5cGU6IGFwcGxpY2F0aW9uL2pzb24NCkRhdGU6IFdlZCwgMDcgT2N0IDIwMjYgMDQ6Mzg6MTAgR01UDQpTZXJ2ZXItVGltaW5nOiBxdWV1ZTtkdXI9MC4xLCBleHRyYWN0O2R1cj0yNDYuNw0KWC1Db250ZW50LVR5cGUtT3B0aW9uczogbm9zbmlmZg0KDQo=
1791347890737366234,200,56273864,93347,0,,,,1256,POST,http://proxy:8080/extract,Q29udGVudC1MZW5ndGg6IDM2NjQNCkNvbnRlbnQtVHlwZTogYXBwbGljYXRpb24vanNvbg0KRGF0ZTogV2VkLCAwNyBPY3QgMjAyNiAwNDozODoxMCBHTVQNClNlcnZlci1UaW1pbmc6IHF1ZXVlO2R1cj0wLjAsIGV4dHJhY3Q7ZHVyPTEyLjQNClgtQ29udGVudC1UeXBlLU9wdGlvbnM6IG5vc25pZmYNCg0K
1791347890757899106,200,78929316,147209,0,,,,1257,POST,http://proxy:8080/extract,Q29udGVudC1MZW5ndGg6IDQ1MzQ1DQpDb250ZW50LVR5cGU6IGFwcGxpY2F0aW9uL2pzb24NCkRhdGU6IFdlZCwgMDcgT2N0IDIwMjYgMDQ6Mzg6MTAgR01UDQpTZXJ2ZXItVGltaW5nOiBxdWV1ZTtkdXI9MC4wLCBleHRyYWN0O2R1cj00MS4wDQpYLUNvbnRlbnQtVHlwZS1PcHRpb25zOiBub3NuaWZmDQoNCg==
1791347890817895736,200,31441623,93347,0,,,,1260,POST,http://proxy:8080/extract,Q29udGVudC1MZW5ndGg6IDM2NjQNCkNvbnRlbnQtVHlwZTogYXBwbGljYXRpb24vanNvbg0KRGF0ZTogV2VkLCAwNyBPY3QgMjAyNiAwNDozODoxMCBHTVQNClNlcnZlci1UaW1pbmc6IHF1ZXVlO2R1cj0wLjAsIGV4dHJhY3Q7ZHVyPTExLjANClgtQ29udGVudC1UeXBlLU9wdGlvbnM6IG5vc25pZmYNCg0K
1791347890837910516,200,68241404,147209,0,,,,1261,POST,http://proxy:8080/extract,Q29udGVudC1MZW5ndGg6IDQ1MzQ1DQpDb250ZW50LVR5cGU6IGFwcGxpY2F0aW9uL2pzb24NCkRhdGU6IFdlZCwgMDcgT2N0IDIwMjYgMDQ6Mzg6MTAgR01UDQpTZXJ2ZXItVGltaW5nOiBxdWV1ZTtkdXI9MC4wLCBleHRyYWN0O2R1cj01NS42DQpYLUNvbnRlbnQtVHlwZS1PcHRpb25zOiBub3NuaWZmDQoNCg==
1791347890896844756,200,27755764,93347,0,,,,1264,POST,http://proxy:8080/extract,Q29udGVudC1MZW5ndGg6IDM2NjQNCkNvbnRlbnQtVHlwZTogYXBwbGljYXRpb24vanNvbg0KRGF0ZTogV2VkLCAwNyBPY3QgMjAyNiAwNDozODoxMCBHTVQNClNlcnZlci1UaW1pbmc6IHF1ZXVlO2R1cj0wLjAsIGV4dHJhY3Q7ZHVyPTE3LjINClgtQ29udGVudC1UeXBlLU9wdGlvbnM6IG5vc25pZmYNCg0K
1791347872403779141,200,18563408695,10063439,0,,,,339,POST,http://proxy:8080/extract,Q29udGVudC1MZW5ndGg6IDQxMzA1DQpDb250ZW50LVR5cGU6IGFwcGxpY2F0aW9uL2pzb24NCkRhdGU6IFdlZCwgMDcgT2N0IDIwMjYgMDQ6Mzg6MTAgR01UDQpTZXJ2ZXItVGltaW5nOiBxdWV1ZTtkdXI9MC4wLCBleHRyYWN0O2R1cj0yNzAuNQ0KWC1Db250ZW50LVR5cGUtT3B0aW9uczogbm9zbmlmZg0KDQo=
1791347890916878939,200,54909420,147209,0,,,,1265,POST,http://proxy:8080/extract,Q29udGVudC1MZW5ndGg6IDQ1MzQ1DQpDb250ZW50LVR5cGU6IGFwcGxpY2F0aW9uL2pzb24NCkRhdGU6IFdlZCwgMDcgT2N0IDIwMjYgMDQ6Mzg6MTAgR01UDQpTZXJ2ZXItVGltaW5nOiBxdWV1ZTtkdXI9MC4wLCBleHRyYWN0O2R1cj00Ni4yDQpYLUNvbnRlbnQtVHlwZS1PcHRpb25zOiBub3NuaWZmDQoNCg==
1791347872476848497,200,18607609413,10063439,0,,,,343,POST,http://proxy:8080/extract,Q29udGVudC1MZW5ndGg6IDQxMzA1DQpDb250ZW50LVR5cGU6IGFwcGxpY2F0aW9uL2pzb24NCkRhdGU6IFdlZCwgMDcgT2N0IDIwMjYgMDQ6Mzg6MDkgR01UDQpTZXJ2ZXItVGltaW5nOiBxdWV1ZTtkdXI9MC4wLCBleHRyYWN0O2R1cj0yNjMuNQ0KWC1Db250ZW50LVR5cGUtT3B0aW9uczogbm9zbmlmZg0KDQo=
1791347890976887171,200,128604400,93347,0,,,,1268,POST,http://proxy:8080/extract,Q29udGVudC1MZW5ndGg6IDM2NjQNCkNvbnRlbnQtVHlwZTogYXBwbGljYXRpb24vanNvbg0KRGF0ZTogV2VkLCAwNyBPY3QgMjAyNiAwNDozODoxMCBHTVQNClNlcnZlci1UaW1pbmc6IHF1ZXVlO2R1cj0wLjAsIGV4dHJhY3Q7ZHVyPTkuNA0KWC1Db250ZW50LVR5cGUtT3B0aW9uczogbm9zbmlmZg0KDQo=
1791347872377807139,200,18749445424,736965,0,,,,338,POST,http://proxy:8080/extract,Q29udGVudC1MZW5ndGg6IDc5Mjg5NQ0KQ29udGVudC1UeXBlOiBhcHBsaWNhdGlvbi9qc29uDQpEYXRlOiBXZWQsIDA3IE9jdCAyMDI2IDA0OjM4OjEwIEdNVA0KU2VydmVyLVRpbWluZzogcXVldWU7ZHVyPTAuMCwgZXh0cmFjdDtkdXI9NjE3LjINClgtQ29udGVudC1UeXBlLU9wdGlvbnM6IG5vc25pZmYNCg0K
1791347891060900897,200,71486685,93347,0,,,,1272,POST,http://proxy:8080/extract,Q29udGVudC1MZW5ndGg6IDM2NjQNCkNvbnRlbnQtVHlwZTogYXBwbGljYXRpb24vanNvbg0KRGF0ZTogV2VkLCAwNyBPY3QgMjAyNiAwNDozODoxMCBHTVQNClNlcnZlci1UaW1pbmc6IHF1ZXVlO2R1cj0wLjAsIGV4dHJhY3Q7ZHVyPTEyLjENClgtQ29udGVudC1UeXBlLU9wdGlvbnM6IG5vc25pZmYNCg0K
1791347890997326927,200,159236178,147209,0,,,,1269,POST,http://proxy:8080/extract,Q29udGVudC1MZW5ndGg6IDQ1MzQ1DQpDb250ZW50LVR5cGU6IGFwcGxpY2F0aW9uL2pzb24NCkRhdGU6IFdlZCwgMDcgT2N0IDIwMjYgMDQ6Mzg6MTAgR01UDQpTZXJ2ZXItVGltaW5nOiBxdWV1ZTtkdXI9MC4wLCBleHRyYWN0O2R1cj00MS43DQpYLUNvbnRlbnQtVHlwZS1PcHRpb25zOiBub3NuaWZmDQoNCg==
1791347891137641321,200,34273230,93347,0,,,,1276,POST,http://proxy:8080/extract,Q29udGVudC1MZW5ndGg6IDM2NjQNCkNvbnRlbnQtVHlwZTogYXBwbGljYXRpb24vanNvbg0KRGF0ZTogV2VkLCAwNyBPY3QgMjAyNiAwNDozODoxMCBHTVQNClNlcnZlci1UaW1pbmc6IHF1ZXVlO2R1cj0wLjAsIGV4dHJhY3Q7ZHVyPTE0LjUNClgtQ29udGVudC1UeXBlLU9wdGlvbnM6IG5vc25pZmYNCg0K
1791347891077477361,200,109769032,147209,0,,,,1273,POST,http://proxy:8080/extract,Q29udGVudC1MZW5ndGg6IDQ1MzQ1DQpDb250ZW50LVR5cGU6IGFwcGxpY2F0aW9uL2pzb24NCkRhdGU6IFdlZCwgMDcgT2N0IDIwMjYgMDQ6Mzg6MTAgR01UDQpTZXJ2ZXItVGltaW5nOiBxdWV1ZTtkdXI9MC4wLCBleHRyYWN0O2R1cj01Mi4yDQpYLUNvbnRlbnQtVHlwZS1PcHRpb25zOiBub3NuaWZmDQoNCg==
1791347891156852457,200,58449354,147209,0,,,,1277,POST,http://proxy:8080/extract,Q29udGVudC1MZW5ndGg6IDQ1MzQ1DQpDb250ZW50LVR5cGU6IGFwcGxpY2F0aW9uL2pzb24NCkRhdGU6IFdlZCwgMDcgT2N0IDIwMjYgMDQ6Mzg6MTAgR01UDQpTZXJ2ZXItVGltaW5nOiBxdWV1ZTtkdXI9MC4wLCBleHRyYWN0O2R1cj0zOC43DQpYLUNvbnRlbnQtVHlwZS1PcHRpb25zOiBub3NuaWZmDQoNCg==
1791347872557421327,200,18743312663,10063439,0,,,,347,POST,http://proxy:8080/extract,Q29udGVudC1MZW5ndGg6IDQxMzA1DQpDb250ZW50LVR5cGU6IGFwcGxpY2F0aW9uL2pzb24NCkRhdGU6IFdlZCwgMDcgT2N0IDIwMjYgMDQ6Mzg6MTAgR01UDQpTZXJ2ZXItVGltaW5nOiBxdWV1ZTtkdXI9MC4wLCBleHRyYWN0O2R1cj0yNjkuOQ0KWC1Db250ZW50LVR5cGUtT3B0aW9uczogbm9zbmlmZg0KDQo=
1791347872457679631,200,18845326465,736965,0,,,,342,POST,http://proxy:8080/extract,Q29udGVudC1MZW5ndGg6IDc5Mjg5NQ0KQ29udGVudC1UeXBlOiBhcHBsaWNhdGlvbi9qc29uDQpEYXRlOiBXZWQsIDA3IE9jdCAyMDI2IDA0OjM4OjEwIEdNVA0KU2VydmVyLVRpbWluZzogcXVldWU7ZHVyPTAuMCwgZXh0cmFjdDtkdXI9NTcxLjgNClgtQ29udGVudC1UeXBlLU9wdGlvbnM6IG5vc25pZmYNCg0K
1791347891217406187,200,105419554,93347,0,,,,1280,POST,http://proxy:8080/extract,Q29udGVudC1MZW5ndGg6IDM2NjQNCkNvbnRlbnQtVHlwZTogYXBwbGljYXRpb24vanNvbg0KRGF0ZTogV2VkLCAwNyBPY3QgMjAyNiAwNDozODoxMCBHTVQNClNlcnZlci1UaW1pbmc6IHF1ZXVlO2R1cj0wLjAsIGV4dHJhY3Q7ZHVyPTE3LjQNClgtQ29udGVudC1UeXBlLU9wdGlvbnM6IG5vc25pZmYNCg0K
1791347891300744692,200,39711002,93347,0,,,,1284,POST,http://proxy:8080/extract,Q29udGVudC1MZW5ndGg6IDM2NjQNCkNvbnRlbnQtVHlwZTogYXBwbGljYXRpb24vanNvbg0KRGF0ZTogV2VkLCAwNyBPY3QgMjAyNiAwNDozODoxMCBHTVQNClNlcnZlci1UaW1pbmc6IHF1ZXVlO2R1cj0wLjEsIGV4dHJhY3Q7ZHVyPTE2LjQNClgtQ29udGVudC1UeXBlLU9wdGlvbnM6IG5vc25pZmYNCg0K
1791347891237701617,200,121969113,147209,0,,,,1281,POST,http://proxy:8080/extract,Q29udGVudC1MZW5ndGg6IDQ1MzQ1DQpDb250ZW50LVR5cGU6IGFwcGxpY2F0aW9uL2pzb24NCkRhdGU6IFdlZCwgMDcgT2N0IDIwMjYgMDQ6Mzg6MTAgR01UDQpTZXJ2ZXItVGltaW5nOiBxdWV1ZTtkdXI9MC4wLCBleHRyYWN0O2R1cj01MS42DQpYLUNvbnRlbnQtVHlwZS1PcHRpb25zOiBub3NuaWZmDQoNCg==
1791347891317751633,200,76831841,147209,0,,,,1285,POST,http://proxy:8080/extract,Q29udGVudC1MZW5ndGg6IDQ1MzQ1DQpDb250ZW50LVR5cGU6IGFwcGxpY2F0aW9uL2pzb24NCkRhdGU6IFdlZCwgMDcgT2N0IDIwMjYgMDQ6Mzg6MTAgR01UDQpTZXJ2ZXItVGltaW5nOiBxdWV1ZTtkdXI9MC4wLCBleHRyYWN0O2R1cj01Mi41DQpYLUNvbnRlbnQtVHlwZS1PcHRpb25zOiBub3NuaWZmDQoNCg==
1791347891376851703,200,38568898,93347,0,,,,1288,POST,http://proxy:8080/extract,Q29udGVudC1MZW5ndGg6IDM2NjQNCkNvbnRlbnQtVHlwZTogYXBwbGljYXRpb24vanNvbg0KRGF0ZTogV2VkLCAwNyBPY3QgMjAyNiAwNDozODoxMCBHTVQNClNlcnZlci1UaW1pbmc6IHF1ZXVlO2R1cj0wLjAsIGV4dHJhY3Q7ZHVyPTE1LjENClgtQ29udGVudC1UeXBlLU9wdGlvbnM6IG5vc25pZmYNCg0K
1791347891397707533,200,72386146,147209,0,,,,1289,POST,http://proxy:8080/extract,Q29udGVudC1MZW5ndGg6IDQ1MzQ1DQpDb250ZW50LVR5cGU6IGFwcGxpY2F0aW9uL2pzb24NCkRhdGU6IFdlZCwgMDcgT2N0IDIwMjYgMDQ6Mzg6MTAgR01UDQpTZXJ2ZXItVGltaW5nOiBxdWV1ZTtkdXI9MC4wLCBleHRyYWN0O2R1cj01Mi43DQpYLUNvbnRlbnQtVHlwZS1PcHRpb25zOiBub3NuaWZmDQoNCg==
1791347891462499421,200,32000323,93347,0,,,,1292,POST,http://proxy:8080/extract,Q29udGVudC1MZW5ndGg6IDM2NjQNCkNvbnRlbnQtVHlwZTogYXBwbGljYXRpb24vanNvbg0KRGF0ZTogV2VkLCAwNyBPY3QgMjAyNiAwNDozODoxMSBHTVQNClNlcnZlci1UaW1pbmc6IHF1ZXVlO2R1cj0wLjAsIGV4dHJhY3Q7ZHVyPTEyLjANClgtQ29udGVudC1UeXBlLU9wdGlvbnM6IG5vc25pZmYNCg0K
1791347872637716702,200,18881443253,10063439,0,,,,351,POST,http://proxy:8080/extract,Q29udGVudC1MZW5ndGg6IDQxMzA1DQpDb250ZW50LVR5cGU6IGFwcGxpY2F0aW9uL2pzb24NCkRhdGU6IFdlZCwgMDcgT2N0IDIwMjYgMDQ6Mzg6MTAgR01UDQpTZXJ2ZXItVGltaW5nOiBxdWV1ZTtkdXI9MC4wLCBleHRyYWN0O2R1cj0yMjIuNQ0KWC1Db250ZW50LVR5cGUtT3B0aW9uczogbm9zbmlmZg0KDQo=
1791347891482058219,200,95950460,147209,0,,,,1293,POST,http://proxy:8080/extract,Q29udGVudC1MZW5ndGg6IDQ1MzQ1DQpDb250ZW50LVR5cGU6IGFwcGxpY2F0aW9uL2pzb24NCkRhdGU6IFdlZCwgMDcgT2N0IDIwMjYgMDQ6Mzg6MTEgR01UDQpTZXJ2ZXItVGltaW5nOiBxdWV1ZTtkdXI9MC4wLCBleHRyYWN0O2R1cj03NS4yDQpYLUNvbnRlbnQtVHlwZS1PcHRpb25zOiBub3NuaWZmDQoNCg==
1791347891537396016,200,58473258,93347,0,,,,1296,POST,http://proxy:8080/extract,Q29udGVudC1MZW5ndGg6IDM2NjQNCkNvbnRlbnQtVHlwZTogYXBwbGljYXRpb24vanNvbg0KRGF0ZTogV2VkLCAwNyBPY3QgMjAyNiAwNDozODoxMSBHTVQNClNlcnZlci1UaW1pbmc6IHF1ZXVlO2R1cj0wLjAsIGV4dHJhY3Q7ZHVyPTE2LjMNClgtQ29udGVudC1UeXBlLU9wdGlvbnM6IG5vc25pZmYNCg0K
1791347891563879552,200,98813073,147209,0,,,,1297,POST,http://proxy:8080/extract,Q29udGVudC1MZW5ndGg6IDQ1MzQ1DQpDb250ZW50LVR5cGU6IGFwcGxpY2F0aW9uL2pzb24NCkRhdGU6IFdlZCwgMDcgT2N0IDIwMjYgMDQ6Mzg6MTEgR01UDQpTZXJ2ZXItVGltaW5nOiBxdWV1ZTtkdXI9MC4zLCBleHRyYWN0O2R1cj01NS45DQpYLUNvbnRlbnQtVHlwZS1PcHRpb25zOiBub3NuaWZmDQoNCg==
1791347872546018387,200,19125029232,736965,0,,,,346,POST,http://proxy:8080/extract,Q29udGVudC1MZW5ndGg6IDc5Mjg5NQ0KQ29udGVudC1UeXBlOiBhcHBsaWNhdGlvbi9qc29uDQpEYXRlOiBXZWQsIDA3IE9jdCAyMDI2IDA0OjM4OjEwIEdNVA0KU2VydmVyLVRpbWluZzogcXVldWU7ZHVyPTAuMSwgZXh0cmFjdDtkdXI9NjgzLjINClgtQ29udGVudC1UeXBlLU9wdGlvbnM6IG5vc25pZmYNCg0K
1791347891617833602,200,55373303,93347,0,,,,1300,POST,http://proxy:8080/extract,Q29udGVudC1MZW5ndGg6IDM2NjQNCkNvbnRlbnQtVHlwZTogYXBwbGljYXRpb24vanNvbg0KRGF0ZTogV2VkLCAwNyBPY3QgMjAyNiAwNDozODoxMSBHTVQNClNlcnZlci1UaW1pbmc6IHF1ZXVlO2R1cj0wLjAsIGV4dHJhY3Q7ZHVyPTYuMg0KWC1Db250ZW50LVR5cGUtT3B0aW9uczogbm9zbmlmZg0KDQo=
1791347872622780068,200,19111009372,736965,0,,,,350,POST,http://proxy:8080/extract,Q29udGVudC1MZW5ndGg6IDc5Mjg5NQ0KQ29udGVudC1UeXBlOiBhcHBsaWNhdGlvbi9qc29uDQpEYXRlOiBXZWQsIDA3IE9jdCAyMDI2IDA0OjM4OjEwIEdNVA0KU2VydmVyLVRpbWluZzogcXVldWU7ZHVyPTAuMCwgZXh0cmFjdDtkdXI9NTQyLjQNClgtQ29udGVudC1UeXBlLU9wdGlvbnM6IG5vc25pZmYNCg0K
1791347891639131211,200,100664703,147209,0,,,,1301,POST,http://proxy:8080/extract,Q29udGVudC1MZW5ndGg6IDQ1MzQ1DQpDb250ZW50LVR5cGU6IGFwcGxpY2F0aW9uL2pzb24NCkRhdGU6IFdlZCwgMDcgT2N0IDIwMjYgMDQ6Mzg6MTEgR01UDQpTZXJ2ZXItVGltaW5nOiBxdWV1ZTtkdXI9MC4wLCBleHRyYWN0O2R1cj02Ny4xDQpYLUNvbnRlbnQtVHlwZS1PcHRpb25zOiBub3NuaWZmDQoNCg==
1791347891698060150,200,49132487,93347,0,,,,1304,POST,http://proxy:8080/extract,Q29udGVudC1MZW5ndGg6IDM2NjQNCkNvbnRlbnQtVHlwZTogYXBwbGljYXRpb24vanNvbg0KRGF0ZTogV2VkLCAwNyBPY3QgMjAyNiAwNDozODoxMSBHTVQNClNlcnZlci1UaW1pbmc6IHF1ZXVlO2R1cj0wLjAsIGV4dHJhY3Q7ZHVyPTEwLjkNClgtQ29udGVudC1UeXBlLU9wdGlvbnM6IG5vc25pZmYNCg0K
1791347891717566439,200,85153429,147209,0,,,,1305,POST,http://proxy:8080/extract,Q29udGVudC1MZW5ndGg6IDQ1MzQ1DQpDb250ZW50LVR5cGU6IGFwcGxpY2F0aW9uL2pzb24NCkRhdGU6IFdlZCwgMDcgT2N0IDIwMjYgMDQ6Mzg6MTEgR01UDQpTZXJ2ZXItVGltaW5nOiBxdWV1ZTtkdXI9MC4wLCBleHRyYWN0O2R1cj02MS41DQpYLUNvbnRlbnQtVHlwZS1PcHRpb25zOiBub3NuaWZmDQoNCg==
1791347891776878146,200,46310783,93347,0,,,,1308,POST,http://proxy:8080/extract,Q29udGVudC1MZW5ndGg6IDM2NjQNCkNvbnRlbnQtVHlwZTogYXBwbGljYXRpb24vanNvbg0KRGF0ZTogV2VkLCAwNyBPY3QgMjAyNiAwNDozODoxMSBHTVQNClNlcnZlci1UaW1pbmc6IHF1ZXVlO2R1cj0wLjAsIGV4dHJhY3Q7ZHVyPTE2LjENClgtQ29udGVudC1UeXBlLU9wdGlvbnM6IG5vc25pZmYNCg0K
1791347891797870701,200,80361972,147209,0,,,,1309,POST,http://proxy:8080/extract,Q29udGVudC1MZW5ndGg6IDQ1MzQ1DQpDb250ZW50LVR5cGU6IGFwcGxpY2F0aW9uL2pzb24NCkRhdGU6IFdlZCwgMDcgT2N0IDIwMjYgMDQ6Mzg6MTEgR01UDQpTZXJ2ZXItVGltaW5nOiBxdWV1ZTtkdXI9MC4wLCBleHRyYWN0O2R1cj01Ny4zDQpYLUNvbnRlbnQtVHlwZS1PcHRpb25zOiBub3NuaWZmDQoNCg==
1791347891859678255,200,37303472,93347,0,,,,1312,POST,http://proxy:8080/extract,Q29udGVudC1MZW5ndGg6IDM2NjQNCkNvbnRlbnQtVHlwZTogYXBwbGljYXRpb24vanNvbg0KRGF0ZTogV2VkLCAwNyBPY3QgMjAyNiAwNDozODoxMSBHTVQNClNlcnZlci1UaW1pbmc6IHF1ZXVlO2R1cj0wLjAsIGV4dHJhY3Q7ZHVyPTE3LjMNClgtQ29udGVudC1UeXBlLU9wdGlvbnM6IG5vc25pZmYNCg0K
1791347872721160696,200,19213770918,10063439,0,,,,355,POST,http://proxy:8080/extract,Q29udGVudC1MZW5ndGg6IDQxMzA1DQpDb250ZW50LVR5cGU6IGFwcGxpY2F0aW9uL2pzb24NCkRhdGU6IFdlZCwgMDcgT2N0IDIwMjYgMDQ6Mzg6MTAgR01UDQpTZXJ2ZXItVGltaW5nOiBxdWV1ZTtkdXI9MC4wLCBleHRyYWN0O2R1cj0zMjAuMQ0KWC1Db250ZW50LVR5cGUtT3B0aW9uczogbm9zbmlmZg0KDQo=
1791347891877287404,200,92582058,147209,0,,,,1313,POST,http://proxy:8080/extract,Q29udGVudC1MZW5ndGg6IDQ1MzQ1DQpDb250ZW50LVR5cGU6IGFwcGxpY2F0aW9uL2pzb24NCkRhdGU6IFdlZCwgMDcgT2N0IDIwMjYgMDQ6Mzg6MTEgR01UDQpTZXJ2ZXItVGltaW5nOiBxdWV1ZTtkdXI9MC4wLCBleHRyYWN0O2R1cj03MC4wDQpYLUNvbnRlbnQtVHlwZS1PcHRpb25zOiBub3NuaWZmDQoNCg==
1791347891937167914,200,51128044,93347,0,,,,1316,POST,http://proxy:8080/extract,Q29udGVudC1MZW5ndGg6IDM2NjQNCkNvbnRlbnQtVHlwZTogYXBwbGljYXRpb24vanNvbg0KRGF0ZTogV2VkLCAwNyBPY3QgMjAyNiAwNDozODoxMSBHTVQNClNlcnZlci1UaW1pbmc6IHF1ZXVlO2R1cj0wLjAsIGV4dHJhY3Q7ZHVyPTE1LjkNClgtQ29udGVudC1UeXBlLU9wdGlvbnM6IG5vc25pZmYNCg0K
1791347872696880026,200,19310363220,736965,0,,,,354,POST,http://proxy:8080/extract,Q29udGVudC1MZW5ndGg6IDc5Mjg5NQ0KQ29udGVudC1UeXBlOiBhcHBsaWNhdGlvbi9qc29uDQpEYXRlOiBXZWQsIDA3IE9jdCAyMDI2IDA0OjM4OjEwIEdNVA0KU2VydmVyLVRpbWluZzogcXVldWU7ZHVyPTAuMCwgZXh0cmFjdDtkdXI9NjEzLjANClgtQ29udGVudC1UeXBlLU9wdGlvbnM6IG5vc25pZmYNCg0K
1791347872798042701,200,19233249546,10063439,0,,,,359,POST,http://proxy:8080/extract,Q29udGVudC1MZW5ndGg6IDQxMzA1DQpDb250ZW50LVR5cGU6IGFwcGxpY2F0aW9uL2pzb24NCkRhdGU6IFdlZCwgMDcgT2N0IDIwMjYgMDQ6Mzg6MTEgR01UDQpTZXJ2ZXItVGltaW5nOiBxdWV1ZTtkdXI9MC4wLCBleHRyYWN0O2R1cj0yNDQuMw0KWC1Db250ZW50LVR5cGUtT3B0aW9uczogbm9zbmlmZg0KDQo=
1791347891957188194,200,75368480,147209,0,,,,1317,POST,http://proxy:8080/extract,Q29udGVudC1MZW5ndGg6IDQ1MzQ1DQpDb250ZW50LVR5cGU6IGFwcGxpY2F0aW9uL2pzb24NCkRhdGU6IFdlZCwgMDcgT2N0IDIwMjYgMDQ6Mzg6MTEgR01UDQpTZXJ2ZXItVGltaW5nOiBxdWV1ZTtkdXI9MC4yLCBleHRyYWN0O2R1cj0zNC43DQpYLUNvbnRlbnQtVHlwZS1PcHRpb25zOiBub3NuaWZmDQoNCg==
1791347892016942781,200,27475414,93347,0,,,,1320,POST,http://proxy:8080/extract,Q29udGVudC1MZW5ndGg6IDM2NjQNCkNvbnRlbnQtVHlwZTogYXBwbGljYXRpb24vanNvbg0KRGF0ZTogV2VkLCAwNyBPY3QgMjAyNiAwNDozODoxMSBHTVQNClNlcnZlci1UaW1pbmc6IHF1ZXVlO2R1cj0wLjAsIGV4dHJhY3Q7ZHVyPTcuNw0KWC1Db250ZW50LVR5cGUtT3B0aW9uczogbm9zbmlmZg0KDQo=
1791347892036979065,200,62237731,147209,0,,,,1321,POST,http://proxy:8080/extract,Q29udGVudC1MZW5ndGg6IDQ1MzQ1DQpDb250ZW50LVR5cGU6IGFwcGxpY2F0aW9uL2pzb24NCkRhdGU6IFdlZCwgMDcgT2N0IDIwMjYgMDQ6Mzg6MTEgR01UDQpTZXJ2ZXItVGltaW5nOiBxdWV1ZTtkdXI9MC4wLCBleHRyYWN0O2R1cj01MS44DQpYLUNvbnRlbnQtVHlwZS1PcHRpb25zOiBub3NuaWZmDQoNCg==
1791347892097699524,200,16003962,93347,0,,,,1324,POST,http://proxy:8080/extract,Q29udGVudC1MZW5ndGg6IDM2NjQNCkNvbnRlbnQtVHlwZTogYXBwbGljYXRpb24vanNvbg0KRGF0ZTogV2VkLCAwNyBPY3QgMjAyNiAwNDozODoxMSBHTVQNClNlcnZlci1UaW1pbmc6IHF1ZXVlO2R1cj0wLjAsIGV4dHJhY3Q7ZHVyPTYuNA0KWC1Db250ZW50LVR5cGUtT3B0aW9uczogbm9zbmlmZg0KDQo=
1791347872883530596,200,19491432316,10063439,0,,,,363,POST,http://proxy:8080/extract,Q29udGVudC1MZW5ndGg6IDQxMzA1DQpDb250ZW50LVR5cGU6IGFwcGxpY2F0aW9uL2pzb24NCkRhdGU6IFdlZCwgMDcgT2N0IDIwMjYgMDQ6Mzg6MTEgR01UDQpTZXJ2ZXItVGltaW5nOiBxdWV1ZTtkdXI9MC4wLCBleHRyYWN0O2R1cj0zMDEuMw0KWC1Db250ZW50LVR5cGUtT3B0aW9uczogbm9zbmlmZg0KDQo=
1791347872972352447,200,19437247759,10063439,0,,,,367,POST,http://proxy:8080/extract,Q29udGVudC1MZW5ndGg6IDQxMzA1DQpDb250ZW50LVR5cGU6IGFwcGxpY2F0aW9uL2pzb24NCkRhdGU6IFdlZCwgMDcgT2N0IDIwMjYgMDQ6Mzg6MTEgR01UDQpTZXJ2ZXItVGltaW5nOiBxdWV1ZTtkdXI9MC4wLCBleHRyYWN0O2R1cj0yMzYuMg0KWC1Db250ZW50LVR5cGUtT3B0aW9uczogbm9zbmlmZg0KDQo=
1791347872777204707,200,19634704312,736965,0,,,,358,POST,http://proxy:8080/extract,Q29udGVudC1MZW5ndGg6IDc5Mjg5NQ0KQ29udGVudC1UeXBlOiBhcHBsaWNhdGlvbi9qc29uDQpEYXRlOiBXZWQsIDA3IE9jdCAyMDI2IDA0OjM4OjExIEdNVA0KU2VydmVyLVRpbWluZzogcXVldWU7ZHVyPTAuMCwgZXh0cmFjdDtkdXI9NzIxLjkNClgtQ29udGVudC1UeXBlLU9wdGlvbnM6IG5vc25pZmYNCg0K
1791347892121680813,200,298363461,147209,0,,,,1325,POST,http://proxy:8080/extract,Q29udGVudC1MZW5ndGg6IDQ1MzQ1DQpDb250ZW50LVR5cGU6IGFwcGxpY2F0aW9uL2pzb24NCkRhdGU6IFdlZCwgMDcgT2N0IDIwMjYgMDQ6Mzg6MTEgR01UDQpTZXJ2ZXItVGltaW5nOiBxdWV1ZTtkdXI9MC4wLCBleHRyYWN0O2R1cj00Mi4wDQpYLUNvbnRlbnQtVHlwZS1PcHRpb25zOiBub3NuaWZmDQoNCg==
1791347892178038192,200,249758069,93347,0,,,,1328,POST,http://proxy:8080/extract,Q29udGVudC1MZW5ndGg6IDM2NjQNCkNvbnRlbnQtVHlwZTogYXBwbGljYXRpb24vanNvbg0KRGF0ZTogV2VkLCAwNyBPY3QgMjAyNiAwNDozODoxMiBHTVQNClNlcnZlci1UaW1pbmc6IHF1ZXVlO2R1cj0wLjAsIGV4dHJhY3Q7ZHVyPTUuNg0KWC1Db250ZW50LVR5cGUtT3B0aW9uczogbm9zbmlmZg0KDQo=
1791347892257449695,200,176051086,93347,0,,,,1332,POST,http://proxy:8080/extract,Q29udGVudC1MZW5ndGg6IDM2NjQNCkNvbnRlbnQtVHlwZTogYXBwbGljYXRpb24vanNvbg0KRGF0ZTogV2VkLCAwNyBPY3QgMjAyNiAwNDozODoxMSBHTVQNClNlcnZlci1UaW1pbmc6IHF1ZXVlO2R1cj0wLjAsIGV4dHJhY3Q7ZHVyPTUuNQ0KWC1Db250ZW50LVR5cGUtT3B0aW9uczogbm9zbmlmZg0KDQo=
1791347892337859676,200,121485027,93347,0,,,,1336,POST,http://proxy:8080/extract,Q29udGVudC1MZW5ndGg6IDM2NjQNCkNvbnRlbnQtVHlwZTogYXBwbGljYXRpb24vanNvbg0KRGF0ZTogV2VkLCAwNyBPY3QgMjAyNiAwNDozODoxMSBHTVQNClNlcnZlci1UaW1pbmc6IHF1ZXVlO2R1cj0wLjAsIGV4dHJhY3Q7ZHVyPTIwLjUNClgtQ29udGVudC1UeXBlLU9wdGlvbnM6IG5vc25pZmYNCg0K
1791347892200816666,200,267655069,147209,0,,,,1329,POST,http://proxy:8080/extract,Q29udGVudC1MZW5ndGg6IDQ1MzQ1DQpDb250ZW50LVR5cGU6IGFwcGxpY2F0aW9uL2pzb24NCkRhdGU6IFdlZCwgMDcgT2N0IDIwMjYgMDQ6Mzg6MTEgR01UDQpTZXJ2ZXItVGltaW5nOiBxdWV1ZTtkdXI9MC4wLCBleHRyYWN0O2R1cj01NC40DQpYLUNvbnRlbnQtVHlwZS1PcHRpb25zOiBub3NuaWZmDQoNCg==
1791347892277213630,200,195050984,147209,0,,,,1333,POST,http://proxy:8080/extract,Q29udGVudC1MZW5ndGg6IDQ1MzQ1DQpDb250ZW50LVR5cGU6IGFwcGxpY2F0aW9uL2pzb24NCkRhdGU6IFdlZCwgMDcgT2N0IDIwMjYgMDQ6Mzg6MTIgR01UDQpTZXJ2ZXItVGltaW5nOiBxdWV1ZTtkdXI9MC4wLCBleHRyYWN0O2R1cj0zOS45DQpYLUNvbnRlbnQtVHlwZS1PcHRpb25zOiBub3NuaWZmDQoNCg==
1791347892417203366,200,61445590,93347,0,,,,1340,POST,http://proxy:8080/extract,Q29udGVudC1MZW5ndGg6IDM2NjQNCkNvbnRlbnQtVHlwZTogYXBwbGljYXRpb24vanNvbg0KRGF0ZTogV2VkLCAwNyBPY3QgMjAyNiAwNDozODoxMSBHTVQNClNlcnZlci1UaW1pbmc6IHF1ZXVlO2R1cj0wLjAsIGV4dHJhY3Q7ZHVyPTguOA0KWC1Db250ZW50LVR5cGUtT3B0aW9uczogbm9zbmlmZg0KDQo=
1791347892357511190,200,148938038,147209,0,,,,1337,POST,http://proxy:8080/extract,Q29udGVudC1MZW5ndGg6IDQ1MzQ1DQpDb250ZW50LVR5cGU6IGFwcGxpY2F0aW9uL2pzb24NCkRhdGU6IFdlZCwgMDcgT2N0IDIwMjYgMDQ6Mzg6MTEgR01UDQpTZXJ2ZXItVGltaW5nOiBxdWV1ZTtkdXI9MC4wLCBleHRyYWN0O2R1cj00NC45DQpYLUNvbnRlbnQtVHlwZS1PcHRpb25zOiBub3NuaWZmDQoNCg==
1791347892437770545,200,89572519,147209,0,,,,1341,POST,http://proxy:8080/extract,Q29udGVudC1MZW5ndGg6IDQ1MzQ1DQpDb250ZW50LVR5cGU6IGFwcGxpY2F0aW9uL2pzb24NCkRhdGU6IFdlZCwgMDcgT2N0IDIwMjYgMDQ6Mzg6MTIgR01UDQpTZXJ2ZXItVGltaW5nOiBxdWV1ZTtkdXI9MC4wLCBleHRyYWN0O2R1cj00NS40DQpYLUNvbnRlbnQtVHlwZS1PcHRpb25zOiBub3NuaWZmDQoNCg==
1791347892497147064,200,30427242,93347,0,,,,1344,POST,http://proxy:8080/extract,Q29udGVudC1MZW5ndGg6IDM2NjQNCkNvbnRlbnQtVHlwZTogYXBwbGljYXRpb24vanNvbg0KRGF0ZTogV2VkLCAwNyBPY3QgMjAyNiAwNDozODoxMSBHTVQNClNlcnZlci1UaW1pbmc6IHF1ZXVlO2R1cj0wLjAsIGV4dHJhY3Q7ZHVyPTE0LjUNClgtQ29udGVudC1UeXBlLU9wdGlvbnM6IG5vc25pZmYNCg0K
1791347872863796019,200,19702284073,736965,0,,,,362,POST,http://proxy:8080/extract,Q29udGVudC1MZW5ndGg6IDc5Mjg5NQ0KQ29udGVudC1UeXBlOiBhcHBsaWNhdGlvbi9qc29uDQpEYXRlOiBXZWQsIDA3IE9jdCAyMDI2IDA0OjM4OjEwIEdNVA0KU2VydmVyLVRpbWluZzogcXVldWU7ZHVyPTAuMCwgZXh0cmFjdDtkdXI9NjIwLjINClgtQ29udGVudC1UeXBlLU9wdGlvbnM6IG5vc25pZmYNCg0K
1791347872936867375,200,19643094300,736965,0,,,,366,POST,http://proxy:8080/extract,Q29udGVudC1MZW5ndGg6IDc5Mjg5NQ0KQ29udGVudC1UeXBlOiBhcHBsaWNhdGlvbi9qc29uDQpEYXRlOiBXZWQsIDA3IE9jdCAyMDI2IDA0OjM4OjExIEdNVA0KU2VydmVyLVRpbWluZzogcXVldWU7ZHVyPTAuMCwgZXh0cmFjdDtkdXI9NTQxLjgNClgtQ29udGVudC1UeXBlLU9wdGlvbnM6IG5vc25pZmYNCg0K
1791347892517673835,200,71408671,147209,0,,,,1345,POST,http://proxy:8080/extract,Q29udGVudC1MZW5ndGg6IDQ1MzQ1DQpDb250ZW50LVR5cGU6IGFwcGxpY2F0aW9uL2pzb24NCkRhdGU6IFdlZCwgMDcgT2N0IDIwMjYgMDQ6Mzg6MTIgR01UDQpTZXJ2ZXItVGltaW5nOiBxdWV1ZTtkdXI9MC4wLCBleHRyYWN0O2R1cj01Ny4yDQpYLUNvbnRlbnQtVHlwZS1PcHRpb25zOiBub3NuaWZmDQoNCg==
1791347892579007304,200,16189896,93347,0,,,,1348,POST,http://proxy:8080/extract,Q29udGVudC1MZW5ndGg6IDM2NjQNCkNvbnRlbnQtVHlwZTogYXBwbGljYXRpb24vanNvbg0KRGF0ZTogV2VkLCAwNyBPY3QgMjAyNiAwNDozODoxMiBHTVQNClNlcnZlci1UaW1pbmc6IHF1ZXVlO2R1cj0wLjAsIGV4dHJhY3Q7ZHVyPTEzLjcNClgtQ29udGVudC1UeXBlLU9wdGlvbnM6IG5vc25pZmYNCg0K
1791347873050097121,200,19786211501,10063439,0,,,,371,POST,http://proxy:8080/extract,Q29udGVudC1MZW5ndGg6IDQxMzA1DQpDb250ZW50LVR5cGU6IGFwcGxpY2F0aW9uL2pzb24NCkRhdGU6IFdlZCwgMDcgT2N0IDIwMjYgMDQ6Mzg6MTEgR01UDQpTZXJ2ZXItVGltaW5nOiBxdWV1ZTtkdXI9MC4wLCBleHRyYWN0O2R1cj0yNzYuOA0KWC1Db250ZW50LVR5cGUtT3B0aW9uczogbm9zbmlmZg0KDQo=
1791347892597465105,200,287874786,147209,0,,,,1349,POST,http://proxy:8080/extract,Q29udGVudC1MZW5ndGg6IDQ1MzQ1DQpDb250ZW50LVR5cGU6IGFwcGxpY2F0aW9uL2pzb24NCkRhdGU6IFdlZCwgMDcgT2N0IDIwMjYgMDQ6Mzg6MTIgR01UDQpTZXJ2ZXItVGltaW5nOiBxdWV1ZTtkdXI9MC4wLCBleHRyYWN0O2R1cj00Ny43DQpYLUNvbnRlbnQtVHlwZS1PcHRpb25zOiBub3NuaWZmDQoNCg==
1791347892658286083,200,234509541,93347,0,,,,1352,POST,http://proxy:8080/extract,Q29udGVudC1MZW5ndGg6IDM2NjQNCkNvbnRlbnQtVHlwZTogYXBwbGljYXRpb24vanNvbg0KRGF0ZTogV2VkLCAwNyBPY3QgMjAyNiAwNDozODoxMiBHTVQNClNlcnZlci1UaW1pbmc6IHF1ZXVlO2R1cj0wLjAsIGV4dHJhY3Q7ZHVyPTYuNA0KWC1Db250ZW50LVR5cGUtT3B0aW9uczogbm9zbmlmZg0KDQo=
1791347873131448904,200,19763719444,10063439,0,,,,375,POST,http://proxy:8080/extract,Q29udGVudC1MZW5ndGg6IDQxMzA1DQpDb250ZW50LVR5cGU6IGFwcGxpY2F0aW9uL2pzb24NCkRhdGU6IFdlZCwgMDcgT2N0IDIwMjYgMDQ6Mzg6MTIgR01UDQpTZXJ2ZXItVGltaW5nOiBxdWV1ZTtkdXI9MC4wLCBleHRyYWN0O2R1cj0yNjYuNg0KWC1Db250ZW50LVR5cGUtT3B0aW9uczogbm9zbmlmZg0KDQo=
1791347892743199569,200,176999056,93347,0,,,,1356,POST,http://proxy:8080/extract,Q29udGVudC1MZW5ndGg6IDM2NjQNCkNvbnRlbnQtVHlwZTogYXBwbGljYXRpb24vanNvbg0KRGF0ZTogV2VkLCAwNyBPY3QgMjAyNiAwNDozODoxMiBHTVQNClNlcnZlci1UaW1pbmc6IHF1ZXVlO2R1cj0wLjAsIGV4dHJhY3Q7ZHVyPTEwLjYNClgtQ29udGVudC1UeXBlLU9wdGlvbnM6IG5vc25pZmYNCg0K
1791347892688526891,200,289158115,147209,0,,,,1353,POST,http://proxy:8080/extract,Q29udGVudC1MZW5ndGg6IDQ1MzQ1DQpDb250ZW50LVR5cGU6IGFwcGxpY2F0aW9uL2pzb24NCkRhdGU6IFdlZCwgMDcgT2N0IDIwMjYgMDQ6Mzg6MTIgR01UDQpTZXJ2ZXItVGltaW5nOiBxdWV1ZTtkdXI9MC4wLCBleHRyYWN0O2R1cj02OS42DQpYLUNvbnRlbnQtVHlwZS1PcHRpb25zOiBub3NuaWZmDQoNCg==
1791347892759153223,200,224921326,147209,0,,,,1357,POST,http://proxy:8080/extract,Q29udGVudC1MZW5ndGg6IDQ1MzQ1DQpDb250ZW50LVR5cGU6IGFwcGxpY2F0aW9uL2pzb24NCkRhdGU6IFdlZCwgMDcgT2N0IDIwMjYgMDQ6Mzg6MTIgR01UDQpTZXJ2ZXItVGltaW5nOiBxdWV1ZTtkdXI9MC4wLCBleHRyYWN0O2R1cj02Mi40DQpYLUNvbnRlbnQtVHlwZS1PcHRpb25zOiBub3NuaWZmDQoNCg==
1791347892817184401,200,182777389,93347,0,,,,1360,POST,http://proxy:8080/extract,Q29udGVudC1MZW5ndGg6IDM2NjQNCkNvbnRlbnQtVHlwZTogYXBwbGljYXRpb24vanNvbg0KRGF0ZTogV2VkLCAwNyBPY3QgMjAyNiAwNDozODoxMiBHTVQNClNlcnZlci1UaW1pbmc6IHF1ZXVlO2R1cj0wLjAsIGV4dHJhY3Q7ZHVyPTEwLjYNClgtQ29udGVudC1UeXBlLU9wdGlvbnM6IG5vc25pZmYNCg0K
1791347892902474755,200,110569575,93347,0,,,,1364,POST,http://proxy:8080/extract,Q29udGVudC1MZW5ndGg6IDM2NjQNCkNvbnRlbnQtVHlwZTogYXBwbGljYXRpb24vanNvbg0KRGF0ZTogV2VkLCAwNyBPY3QgMjAyNiAwNDozODoxMiBHTVQNClNlcnZlci1UaW1pbmc6IHF1ZXVlO2R1cj0wLjAsIGV4dHJhY3Q7ZHVyPTExLjQNClgtQ29udGVudC1UeXBlLU9wdGlvbnM6IG5vc25pZmYNCg0K
1791347892837678467,200,213276843,147209,0,,,,1361,POST,http://proxy:8080/extract,Q29udGVudC1MZW5ndGg6IDQ1MzQ1DQpDb250ZW50LVR5cGU6IGFwcGxpY2F0aW9uL2pzb24NCkRhdGU6IFdlZCwgMDcgT2N0IDIwMjYgMDQ6Mzg6MTIgR01UDQpTZXJ2ZXItVGltaW5nOiBxdWV1ZTtkdXI9MC4wLCBleHRyYWN0O2R1cj01MC44DQpYLUNvbnRlbnQtVHlwZS1PcHRpb25zOiBub3NuaWZmDQoNCg==
1791347892917020857,200,147117211,147209,0,,,,1365,POST,http://proxy:8080/extract,Q29udGVudC1MZW5ndGg6IDQ1MzQ1DQpDb250ZW50LVR5cGU6IGFwcGxpY2F0aW9uL2pzb24NCkRhdGU6IFdlZCwgMDcgT2N0IDIwMjYgMDQ6Mzg6MTIgR01UDQpTZXJ2ZXItVGltaW5nOiBxdWV1ZTtkdXI9MC4wLCBleHRyYWN0O2R1cj00OC4wDQpYLUNvbnRlbnQtVHlwZS1PcHRpb25zOiBub3NuaWZmDQoNCg==
1791347892977609493,200,89886176,93347,0,,,,1368,POST,http://proxy:8080/extract,Q29udGVudC1MZW5ndGg6IDM2NjQNCkNvbnRlbnQtVHlwZTogYXBwbGljYXRpb24vanNvbg0KRGF0ZTogV2VkLCAwNyBPY3QgMjAyNiAwNDozODoxMiBHTVQNClNlcnZlci1UaW1pbmc6IHF1ZXVlO2R1cj0wLjAsIGV4dHJhY3Q7ZHVyPTEzLjkNClgtQ29udGVudC1UeXBlLU9wdGlvbnM6IG5vc25pZmYNCg0K
1791347893059623561,200,23999992,93347,0,,,,1372,POST,http://proxy:8080/extract,Q29udGVudC1MZW5ndGg6IDM2NjQNCkNvbnRlbnQtVHlwZTogYXBwbGljYXRpb24vanNvbg0KRGF0ZTogV2VkLCAwNyBPY3QgMjAyNiAwNDozODoxMiBHTVQNClNlcnZlci1UaW1pbmc6IHF1ZXVlO2R1cj0wLjAsIGV4dHJhY3Q7ZHVyPTEyLjANClgtQ29udGVudC1UeXBlLU9wdGlvbnM6IG5vc25pZmYNCg0K
1791347873018490812,200,20073503338,736965,0,,,,370,POST,http://proxy:8080/extract,Q29udGVudC1MZW5ndGg6IDc5Mjg5NQ0KQ29udGVudC1UeXBlOiBhcHBsaWNhdGlvbi9qc29uDQpEYXRlOiBXZWQsIDA3IE9jdCAyMDI2IDA0OjM4OjExIEdNVA0KU2VydmVyLVRpbWluZzogcXVldWU7ZHVyPTAuMCwgZXh0cmFjdDtkdXI9NTk2LjYNClgtQ29udGVudC1UeXBlLU9wdGlvbnM6IG5vc25pZmYNCg0K
1791347892999971092,200,123862152,147209,0,,,,1369,POST,http://proxy:8080/extract,Q29udGVudC1MZW5ndGg6IDQ1MzQ1DQpDb250ZW50LVR5cGU6IGFwcGxpY2F0aW9uL2pzb24NCkRhdGU6IFdlZCwgMDcgT2N0IDIwMjYgMDQ6Mzg6MTIgR01UDQpTZXJ2ZXItVGltaW5nOiBxdWV1ZTtkdXI9MC4wLCBleHRyYWN0O2R1cj01Ny44DQpYLUNvbnRlbnQtVHlwZS1PcHRpb25zOiBub3NuaWZmDQoNCg==
1791347893077747502,200,77580575,147209,0,,,,1373,POST,http://proxy:8080/extract,Q29udGVudC1MZW5ndGg6IDQ1MzQ1DQpDb250ZW50LVR5cGU6IGFwcGxpY2F0aW9uL2pzb24NCkRhdGU6IFdlZCwgMDcgT2N0IDIwMjYgMDQ6Mzg6MTIgR01UDQpTZXJ2ZXItVGltaW5nOiBxdWV1ZTtkdXI9MC4wLCBleHRyYWN0O2R1cj02MS45DQpYLUNvbnRlbnQtVHlwZS1PcHRpb25zOiBub3NuaWZmDQoNCg==
1791347893140133660,200,32516215,93347,0,,,,1376,POST,http://proxy:8080/extract,Q29udGVudC1MZW5ndGg6IDM2NjQNCkNvbnRlbnQtVHlwZTogYXBwbGljYXRpb24vanNvbg0KRGF0ZTogV2VkLCAwNyBPY3QgMjAyNiAwNDozODoxMiBHTVQNClNlcnZlci1UaW1pbmc6IHF1ZXVlO2R1cj0wLjAsIGV4dHJhY3Q7ZHVyPTE1LjkNClgtQ29udGVudC1UeXBlLU9wdGlvbnM6IG5vc25pZmYNCg0K
1791347873097345104,200,20105555181,736965,0,,,,374,POST,http://proxy:8080/extract,Q29udGVudC1MZW5ndGg6IDc5Mjg5NQ0KQ29udGVudC1UeXBlOiBhcHBsaWNhdGlvbi9qc29uDQpEYXRlOiBXZWQsIDA3IE9jdCAyMDI2IDA0OjM4OjExIEdNVA0KU2VydmVyLVRpbWluZzogcXVldWU7ZHVyPTAuMCwgZXh0cmFjdDtkdXI9NjI1LjcNClgtQ29udGVudC1UeXBlLU9wdGlvbnM6IG5vc25pZmYNCg0K
1791347893159811579,200,63744200,147209,0,,,,1377,POST,http://proxy:8080/extract,Q29udGVudC1MZW5ndGg6IDQ1MzQ1DQpDb250ZW50LVR5cGU6IGFwcGxpY2F0aW9uL2pzb24NCkRhdGU6IFdlZCwgMDcgT2N0IDIwMjYgMDQ6Mzg6MTIgR01UDQpTZXJ2ZXItVGltaW5nOiBxdWV1ZTtkdXI9MC4wLCBleHRyYWN0O2R1cj00OS44DQpYLUNvbnRlbnQtVHlwZS1PcHRpb25zOiBub3NuaWZmDQoNCg==
1791347893216958799,200,25160500,93347,0,,,,1380,POST,http://proxy:8080/extract,Q29udGVudC1MZW5ndGg6IDM2NjQNCkNvbnRlbnQtVHlwZTogYXBwbGljYXRpb24vanNvbg0KRGF0ZTogV2VkLCAwNyBPY3QgMjAyNiAwNDozODoxMiBHTVQNClNlcnZlci1UaW1pbmc6IHF1ZXVlO2R1cj0wLjAsIGV4dHJhY3Q7ZHVyPTkuMw0KWC1Db250ZW50LVR5cGUtT3B0aW9uczogbm9zbmlmZg0KDQo=
1791347873197219526,200,20237571532,10063439,0,,,,379,POST,http://proxy:8080/extract,Q29udGVudC1MZW5ndGg6IDQxMzA1DQpDb250ZW50LVR5cGU6IGFwcGxpY2F0aW9uL2pzb24NCkRhdGU6IFdlZCwgMDcgT2N0IDIwMjYgMDQ6Mzg6MTIgR01UDQpTZXJ2ZXItVGltaW5nOiBxdWV1ZTtkdXI9MC4wLCBleHRyYWN0O2R1cj0zMTEuMQ0KWC1Db250ZW50LVR5cGUtT3B0aW9uczogbm9zbmlmZg0KDQo=
1791347873278958185,200,20265732328,10063439,0,,,,383,POST,http://proxy:8080/extract,Q29udGVudC1MZW5ndGg6IDQxMzA1DQpDb250ZW50LVR5cGU6IGFwcGxpY2F0aW9uL2pzb24NCkRhdGU6IFdlZCwgMDcgT2N0IDIwMjYgMDQ6Mzg6MTIgR01UDQpTZXJ2ZXItVGltaW5nOiBxdWV1ZTtkdXI9MC4wLCBleHRyYWN0O2R1cj0yOTUuNg0KWC1Db250ZW50LVR5cGUtT3B0aW9uczogbm9zbmlmZg0KDQo=
1791347893242132502,200,303782930,147209,0,,,,1381,POST,http://proxy:8080/extract,Q29udGVudC1MZW5ndGg6IDQ1MzQ1DQpDb250ZW50LVR5cGU6IGFwcGxpY2F0aW9uL2pzb24NCkRhdGU6IFdlZCwgMDcgT2N0IDIwMjYgMDQ6Mzg6MTIgR01UDQpTZXJ2ZXItVGltaW5nOiBxdWV1ZTtkdXI9MC4xLCBleHRyYWN0O2R1cj0xMDguMg0KWC1Db250ZW50LVR5cGUtT3B0aW9uczogbm9zbmlmZg0KDQo=
1791347893297225855,200,264825363,93347,0,,,,1384,POST,http://proxy:8080/extract,Q29udGVudC1MZW5ndGg6IDM2NjQNCkNvbnRlbnQtVHlwZTogYXBwbGljYXRpb24vanNvbg0KRGF0ZTogV2VkLCAwNyBPY3QgMjAyNiAwNDozODoxMiBHTVQNClNlcnZlci1UaW1pbmc6IHF1ZXVlO2R1cj0wLjAsIGV4dHJhY3Q7ZHVyPTE3LjcNClgtQ29udGVudC1UeXBlLU9wdGlvbnM6IG5vc25pZmYNCg0K
1791347893377650639,200,200002469,93347,0,,,,1388,POST,http://proxy:8080/extract,Q29udGVudC1MZW5ndGg6IDM2NjQNCkNvbnRlbnQtVHlwZTogYXBwbGljYXRpb24vanNvbg0KRGF0ZTogV2VkLCAwNyBPY3QgMjAyNiAwNDozODoxMiBHTVQNClNlcnZlci1UaW1pbmc6IHF1ZXVlO2R1cj0wLjAsIGV4dHJhY3Q7ZHVyPTEzLjINClgtQ29udGVudC1UeXBlLU9wdGlvbnM6IG5vc25pZmYNCg0K
1791347873177561964,200,20401315563,736965,0,,,,378,POST,http://proxy:8080/extract,Q29udGVudC1MZW5ndGg6IDc5Mjg5NQ0KQ29udGVudC1UeXBlOiBhcHBsaWNhdGlvbi9qc29uDQpEYXRlOiBXZWQsIDA3IE9jdCAyMDI2IDA0OjM4OjEyIEdNVA0KU2VydmVyLVRpbWluZzogcXVldWU7ZHVyPTAuMCwgZXh0cmFjdDtkdXI9OTc1LjYNClgtQ29udGVudC1UeXBlLU9wdGlvbnM6IG5vc25pZmYNCg0K
1791347893397186633,200,238265012,147209,0,,,,1389,POST,http://proxy:8080/extract,Q29udGVudC1MZW5ndGg6IDQ1MzQ1DQpDb250ZW50LVR5cGU6IGFwcGxpY2F0aW9uL2pzb24NCkRhdGU6IFdlZCwgMDcgT2N0IDIwMjYgMDQ6Mzg6MTIgR01UDQpTZXJ2ZXItVGltaW5nOiBxdWV1ZTtkdXI9MC4wLCBleHRyYWN0O2R1cj01Ni43DQpYLUNvbnRlbnQtVHlwZS1PcHRpb25zOiBub3NuaWZmDQoNCg==
1791347893460184199,200,195044783,93347,0,,,,1392,POST,http://proxy:8080/extract,Q29udGVudC1MZW5ndGg6IDM2NjQNCkNvbnRlbnQtVHlwZTogYXBwbGljYXRpb24vanNvbg0KRGF0ZTogV2VkLCAwNyBPY3QgMjAyNiAwNDozODoxMyBHTVQNClNlcnZlci1UaW1pbmc6IHF1ZXVlO2R1cj0wLjAsIGV4dHJhY3Q7ZHVyPTExLjQNClgtQ29udGVudC1UeXBlLU9wdGlvbnM6IG5vc25pZmYNCg0K
1791347893537658956,200,117926090,93347,0,,,,1396,POST,http://proxy:8080/extract,Q29udGVudC1MZW5ndGg6IDM2NjQNCkNvbnRlbnQtVHlwZTogYXBwbGljYXRpb24vanNvbg0KRGF0ZTogV2VkLCAwNyBPY3QgMjAyNiAwNDozODoxMyBHTVQNClNlcnZlci1UaW1pbmc6IHF1ZXVlO2R1cj0wLjAsIGV4dHJhY3Q7ZHVyPTYuMQ0KWC1Db250ZW50LVR5cGUtT3B0aW9uczogbm9zbmlmZg0KDQo=
1791347893317302546,200,339976903,147209,0,,,,1385,POST,http://proxy:8080/extract,Q29udGVudC1MZW5ndGg6IDQ1MzQ1DQpDb250ZW50LVR5cGU6IGFwcGxpY2F0aW9uL2pzb24NCkRhdGU6IFdlZCwgMDcgT2N0IDIwMjYgMDQ6Mzg6MTMgR01UDQpTZXJ2ZXItVGltaW5nOiBxdWV1ZTtkdXI9MC4wLCBleHRyYWN0O2R1cj0xMDQuMA0KWC1Db250ZW50LVR5cGUtT3B0aW9uczogbm9zbmlmZg0KDQo=
1791347893619190337,200,45287600,93347,0,,,,1400,POST,http://proxy:8080/extract,Q29udGVudC1MZW5ndGg6IDM2NjQNCkNvbnRlbnQtVHlwZTogYXBwbGljYXRpb24vanNvbg0KRGF0ZTogV2VkLCAwNyBPY3QgMjAyNiAwNDozODoxMyBHTVQNClNlcnZlci1UaW1pbmc6IHF1ZXVlO2R1cj0wLjAsIGV4dHJhY3Q7ZHVyPTYuMQ0KWC1Db250ZW50LVR5cGUtT3B0aW9uczogbm9zbmlmZg0KDQo=
1791347873257366843,200,20433669343,736965,0,,,,382,POST,http://proxy:8080/extract,Q29udGVudC1MZW5ndGg6IDc5Mjg5NQ0KQ29udGVudC1UeXBlOiBhcHBsaWNhdGlvbi9qc29uDQpEYXRlOiBXZWQsIDA3IE9jdCAyMDI2IDA0OjM4OjEyIEdNVA0KU2VydmVyLVRpbWluZzogcXVldWU7ZHVyPTAuMCwgZXh0cmFjdDtkdXI9NTQ3LjENClgtQ29udGVudC1UeXBlLU9wdGlvbnM6IG5vc25pZmYNCg0K
1791347893479182297,200,225744174,147209,0,,,,1393,POST,http://proxy:8080/extract,Q29udGVudC1MZW5ndGg6IDQ1MzQ1DQpDb250ZW50LVR5cGU6IGFwcGxpY2F0aW9uL2pzb24NCkRhdGU6IFdlZCwgMDcgT2N0IDIwMjYgMDQ6Mzg6MTIgR01UDQpTZXJ2ZXItVGltaW5nOiBxdWV1ZTtkdXI9MC4wLCBleHRyYWN0O2R1cj02Ny42DQpYLUNvbnRlbnQtVHlwZS1PcHRpb25zOiBub3NuaWZmDQoNCg==
1791347893703545424,200,12600453,93347,0,,,,1404,POST,http://proxy:8080/extract,Q29udGVudC1MZW5ndGg6IDM2NjQNCkNvbnRlbnQtVHlwZTogYXBwbGljYXRpb24vanNvbg0KRGF0ZTogV2VkLCAwNyBPY3QgMjAyNiAwNDozODoxMiBHTVQNClNlcnZlci1UaW1pbmc6IHF1ZXVlO2R1cj0wLjAsIGV4dHJhY3Q7ZHVyPTcuNg0KWC1Db250ZW50LVR5cGUtT3B0aW9uczogbm9zbmlmZg0KDQo=
1791347893559117693,200,173719469,147209,0,,,,1397,POST,http://proxy:8080/extract,Q29udGVudC1MZW5ndGg6IDQ1MzQ1DQpDb250ZW50LVR5cGU6IGFwcGxpY2F0aW9uL2pzb24NCkRhdGU6IFdlZCwgMDcgT2N0IDIwMjYgMDQ6Mzg6MTMgR01UDQpTZXJ2ZXItVGltaW5nOiBxdWV1ZTtkdXI9MC4wLCBleHRyYWN0O2R1cj03Mi4wDQpYLUNvbnRlbnQtVHlwZS1PcHRpb25zOiBub3NuaWZmDQoNCg==
1791347893655238484,200,131976804,147209,0,,,,1401,POST,http://proxy:8080/extract,Q29udGVudC1MZW5ndGg6IDQ1MzQ1DQpDb250ZW50LVR5cGU6IGFwcGxpY2F0aW9uL2pzb24NCkRhdGU6IFdlZCwgMDcgT2N0IDIwMjYgMDQ6Mzg6MTMgR01UDQpTZXJ2ZXItVGltaW5nOiBxdWV1ZTtkdXI9MC4wLCBleHRyYWN0O2R1cj0xMTUuMA0KWC1Db250ZW50LVR5cGUtT3B0aW9uczogbm9zbmlmZg0KDQo=
1791347893776891541,200,18038727,93347,0,,,,1408,POST,http://proxy:8080/extract,Q29udGVudC1MZW5ndGg6IDM2NjQNCkNvbnRlbnQtVHlwZTogYXBwbGljYXRpb24vanNvbg0KRGF0ZTogV2VkLCAwNyBPY3QgMjAyNiAwNDozODoxMyBHTVQNClNlcnZlci1UaW1pbmc6IHF1ZXVlO2R1cj0wLjAsIGV4dHJhY3Q7ZHVyPTYuNg0KWC1Db250ZW50LVR5cGUtT3B0aW9uczogbm9zbmlmZg0KDQo=
1791347893717123152,200,119139908,147209,0,,,,1405,POST,http://proxy:8080/extract,Q29udGVudC1MZW5ndGg6IDQ1MzQ1DQpDb250ZW50LVR5cGU6IGFwcGxpY2F0aW9uL2pzb24NCkRhdGU6IFdlZCwgMDcgT2N0IDIwMjYgMDQ6Mzg6MTMgR01UDQpTZXJ2ZXItVGltaW5nOiBxdWV1ZTtkdXI9MC4wLCBleHRyYWN0O2R1cj0xMDIuMA0KWC1Db250ZW50LVR5cGUtT3B0aW9uczogbm9zbmlmZg0KDQo=
1791347873337872659,200,20550654848,736965,0,,,,386,POST,http://proxy:8080/extract,Q29udGVudC1MZW5ndGg6IDc5Mjg5NQ0KQ29udGVudC1UeXBlOiBhcHBsaWNhdGlvbi9qc29uDQpEYXRlOiBXZWQsIDA3IE9jdCAyMDI2IDA0OjM4OjEyIEdNVA0KU2VydmVyLVRpbWluZzogcXVldWU7ZHVyPTAuMCwgZXh0cmFjdDtkdXI9NjI4LjENClgtQ29udGVudC1UeXBlLU9wdGlvbnM6IG5vc25pZmYNCg0K
1791347893856925655,200,44682091,93347,0,,,,1412,POST,http://proxy:8080/extract,Q29udGVudC1MZW5ndGg6IDM2NjQNCkNvbnRlbnQtVHlwZTogYXBwbGljYXRpb24vanNvbg0KRGF0ZTogV2VkLCAwNyBPY3QgMjAyNiAwNDozODoxMyBHTVQNClNlcnZlci1UaW1pbmc6IHF1ZXVlO2R1cj0wLjAsIGV4dHJhY3Q7ZHVyPTE1LjMNClgtQ29udGVudC1UeXBlLU9wdGlvbnM6IG5vc25pZmYNCg0K
1791347893804086105,200,151426782,147209,0,,,,1409,POST,http://proxy:8080/extract,Q29udGVudC1MZW5ndGg6IDQ1MzQ1DQpDb250ZW50LVR5cGU6IGFwcGxpY2F0aW9uL2pzb24NCkRhdGU6IFdlZCwgMDcgT2N0IDIwMjYgMDQ6Mzg6MTMgR01UDQpTZXJ2ZXItVGltaW5nOiBxdWV1ZTtkdXI9MC4wLCBleHRyYWN0O2R1cj05Ny4zDQpYLUNvbnRlbnQtVHlwZS1PcHRpb25zOiBub3NuaWZmDQoNCg==
1791347893883289070,200,77446051,147209,0,,,,1413,POST,http://proxy:8080/extract,Q29udGVudC1MZW5ndGg6IDQ1MzQ1DQpDb250ZW50LVR5cGU6IGFwcGxpY2F0aW9uL2pzb24NCkRhdGU6IFdlZCwgMDcgT2N0IDIwMjYgMDQ6Mzg6MTMgR01UDQpTZXJ2ZXItVGltaW5nOiBxdWV1ZTtkdXI9MC4wLCBleHRyYWN0O2R1cj01Ny44DQpYLUNvbnRlbnQtVHlwZS1PcHRpb25zOiBub3NuaWZmDQoNCg==
1791347893939233276,200,39684697,93347,0,,,,1416,POST,http://proxy:8080/extract,Q29udGVudC1MZW5ndGg6IDM2NjQNCkNvbnRlbnQtVHlwZTogYXBwbGljYXRpb24vanNvbg0KRGF0ZTogV2VkLCAwNyBPY3QgMjAyNiAwNDozODoxMyBHTVQNClNlcnZlci1UaW1pbmc6IHF1ZXVlO2R1cj0wLjAsIGV4dHJhY3Q7ZHVyPTE2LjkNClgtQ29udGVudC1UeXBlLU9wdGlvbnM6IG5vc25pZmYNCg0K
1791347893959241554,200,71699023,147209,0,,,,1417,POST,http://proxy:8080/extract,Q29udGVudC1MZW5ndGg6IDQ1MzQ1DQpDb250ZW50LVR5cGU6IGFwcGxpY2F0aW9uL2pzb24NCkRhdGU6IFdlZCwgMDcgT2N0IDIwMjYgMDQ6Mzg6MTMgR01UDQpTZXJ2ZXItVGltaW5nOiBxdWV1ZTtkdXI9MC4wLCBleHRyYWN0O2R1cj01MC4yDQpYLUNvbnRlbnQtVHlwZS1PcHRpb25zOiBub3NuaWZmDQoNCg==
1791347873357070231,200,20678844436,10063439,0,,,,387,POST,http://proxy:8080/extract,Q29udGVudC1MZW5ndGg6IDQxMzA1DQpDb250ZW50LVR5cGU6IGFwcGxpY2F0aW9uL2pzb24NCkRhdGU6IFdlZCwgMDcgT2N0IDIwMjYgMDQ6Mzg6MTMgR01UDQpTZXJ2ZXItVGltaW5nOiBxdWV1ZTtkdXI9Mi4yLCBleHRyYWN0O2R1cj0zMDguMQ0KWC1Db250ZW50LVR5cGUtT3B0aW9uczogbm9zbmlmZg0KDQo=
1791347894017960756,200,32180655,93347,0,,,,1420,POST,http://proxy:8080/extract,Q29udGVudC1MZW5ndGg6IDM2NjQNCkNvbnRlbnQtVHlwZTogYXBwbGljYXRpb24vanNvbg0KRGF0ZTogV2VkLCAwNyBPY3QgMjAyNiAwNDozODoxMyBHTVQNClNlcnZlci1UaW1pbmc6IHF1ZXVlO2R1cj0wLjAsIGV4dHJhY3Q7ZHVyPTE0LjANClgtQ29udGVudC1UeXBlLU9wdGlvbnM6IG5vc25pZmYNCg0K
1791347894039810763,200,59678974,147209,0,,,,1421,POST,http://proxy:8080/extract,Q29udGVudC1MZW5ndGg6IDQ1MzQ1DQpDb250ZW50LVR5cGU6IGFwcGxpY2F0aW9uL2pzb24NCkRhdGU6IFdlZCwgMDcgT2N0IDIwMjYgMDQ6Mzg6MTMgR01UDQpTZXJ2ZXItVGltaW5nOiBxdWV1ZTtkdXI9MC4wLCBleHRyYWN0O2R1cj00Ni40DQpYLUNvbnRlbnQtVHlwZS1PcHRpb25zOiBub3NuaWZmDQoNCg==
1791347894097715319,200,14955375,93347,0,,,,1424,POST,http://proxy:8080/extract,Q29udGVudC1MZW5ndGg6IDM2NjQNCkNvbnRlbnQtVHlwZTogYXBwbGljYXRpb24vanNvbg0KRGF0ZTogV2VkLCAwNyBPY3QgMjAyNiAwNDozODoxMyBHTVQNClNlcnZlci1UaW1pbmc6IHF1ZXVlO2R1cj0wLjAsIGV4dHJhY3Q7ZHVyPTkuMA0KWC1Db250ZW50LVR5cGUtT3B0aW9uczogbm9zbmlmZg0KDQo=
1791347873417617827,200,20859147515,736965,0,,,,390,POST,http://proxy:8080/extract,Q29udGVudC1MZW5ndGg6IDc5Mjg5NQ0KQ29udGVudC1UeXBlOiBhcHBsaWNhdGlvbi9qc29uDQpEYXRlOiBXZWQsIDA3IE9jdCAyMDI2IDA0OjM4OjEyIEdNVA0KU2VydmVyLVRpbWluZzogcXVldWU7ZHVyPTAuMCwgZXh0cmFjdDtkdXI9NTUxLjMNClgtQ29udGVudC1UeXBlLU9wdGlvbnM6IG5vc25pZmYNCg0K
1791347894117025073,200,206258489,147209,0,,,,1425,POST,http://proxy:8080/extract,Q29udGVudC1MZW5ndGg6IDQ1MzQ1DQpDb250ZW50LVR5cGU6IGFwcGxpY2F0aW9uL2pzb24NCkRhdGU6IFdlZCwgMDcgT2N0IDIwMjYgMDQ6Mzg6MTQgR01UDQpTZXJ2ZXItVGltaW5nOiBxdWV1ZTtkdXI9MC4wLCBleHRyYWN0O2R1cj00Mi43DQpYLUNvbnRlbnQtVHlwZS1PcHRpb25zOiBub3NuaWZmDQoNCg==
1791347894180137860,200,161888454,93347,0,,,,1428,POST,http://proxy:8080/extract,Q29udGVudC1MZW5ndGg6IDM2NjQNCkNvbnRlbnQtVHlwZTogYXBwbGljYXRpb24vanNvbg0KRGF0ZTogV2VkLCAwNyBPY3QgMjAyNiAwNDozODoxNCBHTVQNClNlcnZlci1UaW1pbmc6IHF1ZXVlO2R1cj0wLjAsIGV4dHJhY3Q7ZHVyPTEzLjENClgtQ29udGVudC1UeXBlLU9wdGlvbnM6IG5vc25pZmYNCg0K
1791347873446019107,200,20913567447,10063439,0,,,,391,POST,http://proxy:8080/extract,Q29udGVudC1MZW5ndGg6IDQxMzA1DQpDb250ZW50LVR5cGU6IGFwcGxpY2F0aW9uL2pzb24NCkRhdGU6IFdlZCwgMDcgT2N0IDIwMjYgMDQ6Mzg6MTMgR01UDQpTZXJ2ZXItVGltaW5nOiBxdWV1ZTtkdXI9MC4wLCBleHRyYWN0O2R1cj01MDAuOA0KWC1Db250ZW50LVR5cGUtT3B0aW9uczogbm9zbmlmZg0KDQo=
1791347894199701259,200,194692320,147209,0,,,,1429,POST,http://proxy:8080/extract,Q29udGVudC1MZW5ndGg6IDQ1MzQ1DQpDb250ZW50LVR5cGU6IGFwcGxpY2F0aW9uL2pzb24NCkRhdGU6IFdlZCwgMDcgT2N0IDIwMjYgMDQ6Mzg6MTQgR01UDQpTZXJ2ZXItVGltaW5nOiBxdWV1ZTtkdXI9MC4wLCBleHRyYWN0O2R1cj00NC4zDQpYLUNvbnRlbnQtVHlwZS1PcHRpb25zOiBub3NuaWZmDQoNCg==
1791347894257605315,200,144744687,93347,0,,,,1432,POST,http://proxy:8080/extract,Q29udGVudC1MZW5ndGg6IDM2NjQNCkNvbnRlbnQtVHlwZTogYXBwbGljYXRpb24vanNvbg0KRGF0ZTogV2VkLCAwNyBPY3QgMjAyNiAwNDozODoxNCBHTVQNClNlcnZlci1UaW1pbmc6IHF1ZXVlO2R1cj0wLjAsIGV4dHJhY3Q7ZHVyPTYuNg0KWC1Db250ZW50LVR5cGUtT3B0aW9uczogbm9zbmlmZg0KDQo=
1791347873518270001,200,20898017094,10063439,0,,,,395,POST,http://proxy:8080/extract,Q29udGVudC1MZW5ndGg6IDQxMzA1DQpDb250ZW50LVR5cGU6IGFwcGxpY2F0aW9uL2pzb24NCkRhdGU6IFdlZCwgMDcgT2N0IDIwMjYgMDQ6Mzg6MTMgR01UDQpTZXJ2ZXItVGltaW5nOiBxdWV1ZTtkdXI9MC4wLCBleHRyYWN0O2R1cj0zMjYuMQ0KWC1Db250ZW50LVR5cGUtT3B0aW9uczogbm9zbmlmZg0KDQo=
1791347894338132417,200,80658726,93347,0,,,,1436,POST,http://proxy:8080/extract,Q29udGVudC1MZW5ndGg6IDM2NjQNCkNvbnRlbnQtVHlwZTogYXBwbGljYXRpb24vanNvbg0KRGF0ZTogV2VkLCAwNyBPY3QgMjAyNiAwNDozODoxNCBHTVQNClNlcnZlci1UaW1pbmc6IHF1ZXVlO2R1cj0wLjAsIGV4dHJhY3Q7ZHVyPTE0LjYNClgtQ29udGVudC1UeXBlLU9wdGlvbnM6IG5vc25pZmYNCg0K
1791347894417299376,200,15953353,93347,0,,,,1440,POST,http://proxy:8080/extract,Q29udGVudC1MZW5ndGg6IDM2NjQNCkNvbnRlbnQtVHlwZTogYXBwbGljYXRpb24vanNvbg0KRGF0ZTogV2VkLCAwNyBPY3QgMjAyNiAwNDozODoxNCBHTVQNClNlcnZlci1UaW1pbmc6IHF1ZXVlO2R1cj0wLjAsIGV4dHJhY3Q7ZHVyPTEzLjUNClgtQ29udGVudC1UeXBlLU9wdGlvbnM6IG5vc25pZmYNCg0K
1791347894359323007,200,108797158,147209,0,,,,1437,POST,http://proxy:8080/extract,Q29udGVudC1MZW5ndGg6IDQ1MzQ1DQpDb250ZW50LVR5cGU6IGFwcGxpY2F0aW9uL2pzb24NCkRhdGU6IFdlZCwgMDcgT2N0IDIwMjYgMDQ6Mzg6MTMgR01UDQpTZXJ2ZXItVGltaW5nOiBxdWV1ZTtkdXI9MC4wLCBleHRyYWN0O2R1cj01MC4xDQpYLUNvbnRlbnQtVHlwZS1PcHRpb25zOiBub3NuaWZmDQoNCg==
1791347894278013465,200,197816679,147209,0,,,,1433,POST,http://proxy:8080/extract,Q29udGVudC1MZW5ndGg6IDQ1MzQ1DQpDb250ZW50LVR5cGU6IGFwcGxpY2F0aW9uL2pzb24NCkRhdGU6IFdlZCwgMDcgT2N0IDIwMjYgMDQ6Mzg6MTMgR01UDQpTZXJ2ZXItVGltaW5nOiBxdWV1ZTtkdXI9MC4wLCBleHRyYWN0O2R1cj0xMDMuOA0KWC1Db250ZW50LVR5cGUtT3B0aW9uczogbm9zbmlmZg0KDQo=
1791347894437954970,200,94573714,147209,0,,,,1441,POST,http://proxy:8080/extract,Q29udGVudC1MZW5ndGg6IDQ1MzQ1DQpDb250ZW50LVR5cGU6IGFwcGxpY2F0aW9uL2pzb24NCkRhdGU6IFdlZCwgMDcgT2N0IDIwMjYgMDQ6Mzg6MTMgR01UDQpTZXJ2ZXItVGltaW5nOiBxdWV1ZTtkdXI9MC4wLCBleHRyYWN0O2R1cj02Mi4yDQpYLUNvbnRlbnQtVHlwZS1PcHRpb25zOiBub3NuaWZmDQoNCg==
1791347894497127953,200,56193750,93347,0,,,,1444,POST,http://proxy:8080/extract,Q29udGVudC1MZW5ndGg6IDM2NjQNCkNvbnRlbnQtVHlwZTogYXBwbGljYXRpb24vanNvbg0KRGF0ZTogV2VkLCAwNyBPY3QgMjAyNiAwNDozODoxMyBHTVQNClNlcnZlci1UaW1pbmc6IHF1ZXVlO2R1cj0wLjAsIGV4dHJhY3Q7ZHVyPTE0LjANClgtQ29udGVudC1UeXBlLU9wdGlvbnM6IG5vc25pZmYNCg0K
1791347894517579011,200,124306231,147209,0,,,,1445,POST,http://proxy:8080/extract,Q29udGVudC1MZW5ndGg6IDQ1MzQ1DQpDb250ZW50LVR5cGU6IGFwcGxpY2F0aW9uL2pzb24NCkRhdGU6IFdlZCwgMDcgT2N0IDIwMjYgMDQ6Mzg6MTMgR01UDQpTZXJ2ZXItVGltaW5nOiBxdWV1ZTtkdXI9MC4wLCBleHRyYWN0O2R1cj02OC45DQpYLUNvbnRlbnQtVHlwZS1PcHRpb25zOiBub3NuaWZmDQoNCg==
1791347873500092030,200,21155265722,736965,0,,,,394,POST,http://proxy:8080/extract,Q29udGVudC1MZW5ndGg6IDc5Mjg5NQ0KQ29udGVudC1UeXBlOiBhcHBsaWNhdGlvbi9qc29uDQpEYXRlOiBXZWQsIDA3IE9jdCAyMDI2IDA0OjM4OjEzIEdNVA0KU2VydmVyLVRpbWluZzogcXVldWU7ZHVyPTAuMCwgZXh0cmFjdDtkdXI9NjcxLjINClgtQ29udGVudC1UeXBlLU9wdGlvbnM6IG5vc25pZmYNCg0K
1791347894577867793,200,86063692,93347,0,,,,1448,POST,http://proxy:8080/extract,Q29udGVudC1MZW5ndGg6IDM2NjQNCkNvbnRlbnQtVHlwZTogYXBwbGljYXRpb24vanNvbg0KRGF0ZTogV2VkLCAwNyBPY3QgMjAyNiAwNDozODoxMyBHTVQNClNlcnZlci1UaW1pbmc6IHF1ZXVlO2R1cj0wLjAsIGV4dHJhY3Q7ZHVyPTYuMg0KWC1Db250ZW50LVR5cGUtT3B0aW9uczogbm9zbmlmZg0KDQo=
1791347894597478300,200,119853636,147209,0,,,,1449,POST,http://proxy:8080/extract,Q29udGVudC1MZW5ndGg6IDQ1MzQ1DQpDb250ZW50LVR5cGU6IGFwcGxpY2F0aW9uL2pzb24NCkRhdGU6IFdlZCwgMDcgT2N0IDIwMjYgMDQ6Mzg6MTQgR01UDQpTZXJ2ZXItVGltaW5nOiBxdWV1ZTtkdXI9MC4wLCBleHRyYWN0O2R1cj01OC4xDQpYLUNvbnRlbnQtVHlwZS1PcHRpb25zOiBub3NuaWZmDQoNCg==
1791347873577158571,200,21151927867,736965,0,,,,398,POST,http://proxy:8080/extract,Q29udGVudC1MZW5ndGg6IDc5Mjg5NQ0KQ29udGVudC1UeXBlOiBhcHBsaWNhdGlvbi9qc29uDQpEYXRlOiBXZWQsIDA3IE9jdCAyMDI2IDA0OjM4OjEzIEdNVA0KU2VydmVyLVRpbWluZzogcXVldWU7ZHVyPTAuMCwgZXh0cmFjdDtkdXI9NjE0LjkNClgtQ29udGVudC1UeXBlLU9wdGlvbnM6IG5vc25pZmYNCg0K
1791347894664038404,200,66195639,93347,0,,,,1452,POST,http://proxy:8080/extract,Q29udGVudC1MZW5ndGg6IDM2NjQNCkNvbnRlbnQtVHlwZTogYXBwbGljYXRpb24vanNvbg0KRGF0ZTogV2VkLCAwNyBPY3QgMjAyNiAwNDozODoxNCBHTVQNClNlcnZlci1UaW1pbmc6IHF1ZXVlO2R1cj0wLjAsIGV4dHJhY3Q7ZHVyPTExLjQNClgtQ29udGVudC1UeXBlLU9wdGlvbnM6IG5vc25pZmYNCg0K
1791347894676910506,200,97737480,147209,0,,,,1453,POST,http://proxy:8080/extract,Q29udGVudC1MZW5ndGg6IDQ1MzQ1DQpDb250ZW50LVR5cGU6IGFwcGxpY2F0aW9uL2pzb24NCkRhdGU6IFdlZCwgMDcgT2N0IDIwMjYgMDQ6Mzg6MTQgR01UDQpTZXJ2ZXItVGltaW5nOiBxdWV1ZTtkdXI9MC4wLCBleHRyYWN0O2R1cj00Mi43DQpYLUNvbnRlbnQtVHlwZS1PcHRpb25zOiBub3NuaWZmDQoNCg==
1791347894737450734,200,46359591,93347,0,,,,1456,POST,http://proxy:8080/extract,Q29udGVudC1MZW5ndGg6IDM2NjQNCkNvbnRlbnQtVHlwZTogYXBwbGljYXRpb24vanNvbg0KRGF0ZTogV2VkLCAwNyBPY3QgMjAyNiAwNDozODoxNCBHTVQNClNlcnZlci1UaW1pbmc6IHF1ZXVlO2R1cj0wLjAsIGV4dHJhY3Q7ZHVyPTcuNQ0KWC1Db250ZW50LVR5cGUtT3B0aW9uczogbm9zbmlmZg0KDQo=
1791347873600072373,200,21223453555,10063439,0,,,,399,POST,http://proxy:8080/extract,Q29udGVudC1MZW5ndGg6IDQxMzA1DQpDb250ZW50LVR5cGU6IGFwcGxpY2F0aW9uL2pzb24NCkRhdGU6IFdlZCwgMDcgT2N0IDIwMjYgMDQ6Mzg6MTQgR01UDQpTZXJ2ZXItVGltaW5nOiBxdWV1ZTtkdXI9MC4xLCBleHRyYWN0O2R1cj0yODQuNw0KWC1Db250ZW50LVR5cGUtT3B0aW9uczogbm9zbmlmZg0KDQo=
1791347894763413177,200,63751602,147209,0,,,,1457,POST,http://proxy:8080/extract,Q29udGVudC1MZW5ndGg6IDQ1MzQ1DQpDb250ZW50LVR5cGU6IGFwcGxpY2F0aW9uL2pzb24NCkRhdGU6IFdlZCwgMDcgT2N0IDIwMjYgMDQ6Mzg6MTQgR01UDQpTZXJ2ZXItVGltaW5nOiBxdWV1ZTtkdXI9MC4wLCBleHRyYWN0O2R1cj0zOS45DQpYLUNvbnRlbnQtVHlwZS1PcHRpb25zOiBub3NuaWZmDQoNCg==
1791347894816857335,200,24021196,93347,0,,,,1460,POST,http://proxy:8080/extract,Q29udGVudC1MZW5ndGg6IDM2NjQNCkNvbnRlbnQtVHlwZTogYXBwbGljYXRpb24vanNvbg0KRGF0ZTogV2VkLCAwNyBPY3QgMjAyNiAwNDozODoxNCBHTVQNClNlcnZlci1UaW1pbmc6IHF1ZXVlO2R1cj0wLjAsIGV4dHJhY3Q7ZHVyPTguNw0KWC1Db250ZW50LVR5cGUtT3B0aW9uczogbm9zbmlmZg0KDQo=
1791347873677086804,200,21305717810,10063439,0,,,,403,POST,http://proxy:8080/extract,Q29udGVudC1MZW5ndGg6IDQxMzA1DQpDb250ZW50LVR5cGU6IGFwcGxpY2F0aW9uL2pzb24NCkRhdGU6IFdlZCwgMDcgT2N0IDIwMjYgMDQ6Mzg6MTMgR01UDQpTZXJ2ZXItVGltaW5nOiBxdWV1ZTtkdXI9MC4xLCBleHRyYWN0O2R1cj0yNzQuOQ0KWC1Db250ZW50LVR5cGUtT3B0aW9uczogbm9zbmlmZg0KDQo=
1791347894840450455,200,209976353,147209,0,,,,1461,POST,http://proxy:8080/extract,Q29udGVudC1MZW5ndGg6IDQ1MzQ1DQpDb250ZW50LVR5cGU6IGFwcGxpY2F0aW9uL2pzb24NCkRhdGU6IFdlZCwgMDcgT2N0IDIwMjYgMDQ6Mzg6MTQgR01UDQpTZXJ2ZXItVGltaW5nOiBxdWV1ZTtkdXI9MC4wLCBleHRyYWN0O2R1cj02Mi4xDQpYLUNvbnRlbnQtVHlwZS1PcHRpb25zOiBub3NuaWZmDQoNCg==
1791347894897427345,200,165665229,93347,0,,,,1464,POST,http://proxy:8080/extract,Q29udGVudC1MZW5ndGg6IDM2NjQNCkNvbnRlbnQtVHlwZTogYXBwbGljYXRpb24vanNvbg0KRGF0ZTogV2VkLCAwNyBPY3QgMjAyNiAwNDozODoxNCBHTVQNClNlcnZlci1UaW1pbmc6IHF1ZXVlO2R1cj0wLjAsIGV4dHJhY3Q7ZHVyPTExLjMNClgtQ29udGVudC1UeXBlLU9wdGlvbnM6IG5vc25pZmYNCg0K
1791347894917020549,200,192682861,147209,0,,,,1465,POST,http://proxy:8080/extract,Q29udGVudC1MZW5ndGg6IDQ1MzQ1DQpDb250ZW50LVR5cGU6IGFwcGxpY2F0aW9uL2pzb24NCkRhdGU6IFdlZCwgMDcgT2N0IDIwMjYgMDQ6Mzg6MTQgR01UDQpTZXJ2ZXItVGltaW5nOiBxdWV1ZTtkdXI9MC4wLCBleHRyYWN0O2R1cj00NS4yDQpYLUNvbnRlbnQtVHlwZS1PcHRpb25zOiBub3NuaWZmDQoNCg==
1791347894981215730,200,146689635,93347,0,,,,1468,POST,http://proxy:8080/extract,Q29udGVudC1MZW5ndGg6IDM2NjQNCkNvbnRlbnQtVHlwZTogYXBwbGljYXRpb24vanNvbg0KRGF0ZTogV2VkLCAwNyBPY3QgMjAyNiAwNDozODoxNCBHTVQNClNlcnZlci1UaW1pbmc6IHF1ZXVlO2R1cj0wLjAsIGV4dHJhY3Q7ZHVyPTE1LjENClgtQ29udGVudC1UeXBlLU9wdGlvbnM6IG5vc25pZmYNCg0K
1791347873757323868,200,21380068894,10063439,0,,,,407,POST,http://proxy:8080/extract,Q29udGVudC1MZW5ndGg6IDQxMzA1DQpDb250ZW50LVR5cGU6IGFwcGxpY2F0aW9uL2pzb24NCkRhdGU6IFdlZCwgMDcgT2N0IDIwMjYgMDQ6Mzg6MTQgR01UDQpTZXJ2ZXItVGltaW5nOiBxdWV1ZTtkdXI9MC4wLCBleHRyYWN0O2R1cj0yNTUuMw0KWC1Db250ZW50LVR5cGUtT3B0aW9uczogbm9zbmlmZg0KDQo=
1791347895057250129,200,90478481,93347,0,,,,1472,POST,http://proxy:8080/extract,Q29udGVudC1MZW5ndGg6IDM2NjQNCkNvbnRlbnQtVHlwZTogYXBwbGljYXRpb24vanNvbg0KRGF0ZTogV2VkLCAwNyBPY3QgMjAyNiAwNDozODoxNCBHTVQNClNlcnZlci1UaW1pbmc6IHF1ZXVlO2R1cj0wLjAsIGV4dHJhY3Q7ZHVyPTguNQ0KWC1Db250ZW50LVR5cGUtT3B0aW9uczogbm9zbmlmZg0KDQo=
1791347894997053763,200,188245967,147209,0,,,,1469,POST,http://proxy:8080/extract,Q29udGVudC1MZW5ndGg6IDQ1MzQ1DQpDb250ZW50LVR5cGU6IGFwcGxpY2F0aW9uL2pzb24NCkRhdGU6IFdlZCwgMDcgT2N0IDIwMjYgMDQ6Mzg6MTQgR01UDQpTZXJ2ZXItVGltaW5nOiBxdWV1ZTtkdXI9MC4wLCBleHRyYWN0O2R1cj01NC45DQpYLUNvbnRlbnQtVHlwZS1PcHRpb25zOiBub3NuaWZmDQoNCg==
1791347895137222231,200,72109897,93347,0,,,,1476,POST,http://proxy:8080/extract,Q29udGVudC1MZW5ndGg6IDM2NjQNCkNvbnRlbnQtVHlwZTogYXBwbGljYXRpb24vanNvbg0KRGF0ZTogV2VkLCAwNyBPY3QgMjAyNiAwNDozODoxNCBHTVQNClNlcnZlci1UaW1pbmc6IHF1ZXVlO2R1cj0wLjAsIGV4dHJhY3Q7ZHVyPTE2LjkNClgtQ29udGVudC1UeXBlLU9wdGlvbnM6IG5vc25pZmYNCg0K
1791347895077510552,200,133748421,147209,0,,,,1473,POST,http://proxy:8080/extract,Q29udGVudC1MZW5ndGg6IDQ1MzQ1DQpDb250ZW50LVR5cGU6IGFwcGxpY2F0aW9uL2pzb24NCkRhdGU6IFdlZCwgMDcgT2N0IDIwMjYgMDQ6Mzg6MTQgR01UDQpTZXJ2ZXItVGltaW5nOiBxdWV1ZTtkdXI9MC4wLCBleHRyYWN0O2R1cj01Mi43DQpYLUNvbnRlbnQtVHlwZS1PcHRpb25zOiBub3NuaWZmDQoNCg==
1791347873657348226,200,21590073514,736965,0,,,,402,POST,http://proxy:8080/extract,Q29udGVudC1MZW5ndGg6IDc5Mjg5NQ0KQ29udGVudC1UeXBlOiBhcHBsaWNhdGlvbi9qc29uDQpEYXRlOiBXZWQsIDA3IE9jdCAyMDI2IDA0OjM4OjEzIEdNVA0KU2VydmVyLVRpbWluZzogcXVldWU7ZHVyPTAuMCwgZXh0cmFjdDtkdXI9NzM2LjENClgtQ29udGVudC1UeXBlLU9wdGlvbnM6IG5vc25pZmYNCg0K
1791347895156846241,200,101505554,147209,0,,,,1477,POST,http://proxy:8080/extract,Q29udGVudC1MZW5ndGg6IDQ1MzQ1DQpDb250ZW50LVR5cGU6IGFwcGxpY2F0aW9uL2pzb24NCkRhdGU6IFdlZCwgMDcgT2N0IDIwMjYgMDQ6Mzg6MTQgR01UDQpTZXJ2ZXItVGltaW5nOiBxdWV1ZTtkdXI9MC4wLCBleHRyYWN0O2R1cj01My4xDQpYLUNvbnRlbnQtVHlwZS1PcHRpb25zOiBub3NuaWZmDQoNCg==
1791347895217439678,200,43260037,93347,0,,,,1480,POST,http://proxy:8080/extract,Q29udGVudC1MZW5ndGg6IDM2NjQNCkNvbnRlbnQtVHlwZTogYXBwbGljYXRpb24vanNvbg0KRGF0ZTogV2VkLCAwNyBPY3QgMjAyNiAwNDozODoxNCBHTVQNClNlcnZlci1UaW1pbmc6IHF1ZXVlO2R1cj0wLjAsIGV4dHJhY3Q7ZHVyPTExLjgNClgtQ29udGVudC1UeXBlLU9wdGlvbnM6IG5vc25pZmYNCg0K
1791347873743930336,200,21527799752,736965,0,,,,406,POST,http://proxy:8080/extract,Q29udGVudC1MZW5ndGg6IDc5Mjg5NQ0KQ29udGVudC1UeXBlOiBhcHBsaWNhdGlvbi9qc29uDQpEYXRlOiBXZWQsIDA3IE9jdCAyMDI2IDA0OjM4OjE0IEdNVA0KU2VydmVyLVRpbWluZzogcXVldWU7ZHVyPTAuMCwgZXh0cmFjdDtkdXI9NTM2LjQNClgtQ29udGVudC1UeXBlLU9wdGlvbnM6IG5vc25pZmYNCg0K
1791347895236952668,200,91820422,147209,0,,,,1481,POST,http://proxy:8080/extract,Q29udGVudC1MZW5ndGg6IDQ1MzQ1DQpDb250ZW50LVR5cGU6IGFwcGxpY2F0aW9uL2pzb24NCkRhdGU6IFdlZCwgMDcgT2N0IDIwMjYgMDQ6Mzg6MTQgR01UDQpTZXJ2ZXItVGltaW5nOiBxdWV1ZTtkdXI9MC4wLCBleHRyYWN0O2R1cj01OS44DQpYLUNvbnRlbnQtVHlwZS1PcHRpb25zOiBub3NuaWZmDQoNCg==
1791347895296936696,200,41964905,93347,0,,,,1484,POST,http://proxy:8080/extract,Q29udGVudC1MZW5ndGg6IDM2NjQNCkNvbnRlbnQtVHlwZTogYXBwbGljYXRpb24vanNvbg0KRGF0ZTogV2VkLCAwNyBPY3QgMjAyNiAwNDozODoxNCBHTVQNClNlcnZlci1UaW1pbmc6IHF1ZXVlO2R1cj0wLjAsIGV4dHJhY3Q7ZHVyPTYuMQ0KWC1Db250ZW50LVR5cGUtT3B0aW9uczogbm9zbmlmZg0KDQo=
1791347895317940552,200,72294230,147209,0,,,,1485,POST,http://proxy:8080/extract,Q29udGVudC1MZW5ndGg6IDQ1MzQ1DQpDb250ZW50LVR5cGU6IGFwcGxpY2F0aW9uL2pzb24NCkRhdGU6IFdlZCwgMDcgT2N0IDIwMjYgMDQ6Mzg6MTQgR01UDQpTZXJ2ZXItVGltaW5nOiBxdWV1ZTtkdXI9MC4wLCBleHRyYWN0O2R1cj00MC40DQpYLUNvbnRlbnQtVHlwZS1PcHRpb25zOiBub3NuaWZmDQoNCg==
1791347895377550313,200,26828698,93347,0,,,,1488,POST,http://proxy:8080/extract,Q29udGVudC1MZW5ndGg6IDM2NjQNCkNvbnRlbnQtVHlwZTogYXBwbGljYXRpb24vanNvbg0KRGF0ZTogV2VkLCAwNyBPY3QgMjAyNiAwNDozODoxNCBHTVQNClNlcnZlci1UaW1pbmc6IHF1ZXVlO2R1cj0wLjAsIGV4dHJhY3Q7ZHVyPTEyLjUNClgtQ29udGVudC1UeXBlLU9wdGlvbnM6IG5vc25pZmYNCg0K
1791347873817197531,200,21606139171,736965,0,,,,410,POST,http://proxy:8080/extract,Q29udGVudC1MZW5ndGg6IDc5Mjg5NQ0KQ29udGVudC1UeXBlOiBhcHBsaWNhdGlvbi9qc29uDQpEYXRlOiBXZWQsIDA3IE9jdCAyMDI2IDA0OjM4OjE0IEdNVA0KU2VydmVyLVRpbWluZzogcXVldWU7ZHVyPTAuMCwgZXh0cmFjdDtkdXI9NTYzLjQNClgtQ29udGVudC1UeXBlLU9wdGlvbnM6IG5vc25pZmYNCg0K
1791347895397441071,200,64629258,147209,0,,,,1489,POST,http://proxy:8080/extract,Q29udGVudC1MZW5ndGg6IDQ1MzQ1DQpDb250ZW50LVR5cGU6IGFwcGxpY2F0aW9uL2pzb24NCkRhdGU6IFdlZCwgMDcgT2N0IDIwMjYgMDQ6Mzg6MTQgR01UDQpTZXJ2ZXItVGltaW5nOiBxdWV1ZTtkdXI9MC4wLCBleHRyYWN0O2R1cj01Ni45DQpYLUNvbnRlbnQtVHlwZS1PcHRpb25zOiBub3NuaWZmDQoNCg==
1791347895456935911,200,14770742,93347,0,,,,1492,POST,http://proxy:8080/extract,Q29udGVudC1MZW5ndGg6IDM2NjQNCkNvbnRlbnQtVHlwZTogYXBwbGljYXRpb24vanNvbg0KRGF0ZTogV2VkLCAwNyBPY3QgMjAyNiAwNDozODoxNCBHTVQNClNlcnZlci1UaW1pbmc6IHF1ZXVlO2R1cj0wLjAsIGV4dHJhY3Q7ZHVyPTYuNQ0KWC1Db250ZW50LVR5cGUtT3B0aW9uczogbm9zbmlmZg0KDQo=
1791347873837822783,200,21678238302,10063439,0,,,,411,POST,http://proxy:8080/extract,Q29udGVudC1MZW5ndGg6IDQxMzA1DQpDb250ZW50LVR5cGU6IGFwcGxpY2F0aW9uL2pzb24NCkRhdGU6IFdlZCwgMDcgT2N0IDIwMjYgMDQ6Mzg6MTQgR01UDQpTZXJ2ZXItVGltaW5nOiBxdWV1ZTtkdXI9MC4wLCBleHRyYWN0O2R1cj0yNjguMw0KWC1Db250ZW50LVR5cGUtT3B0aW9uczogbm9zbmlmZg0KDQo=
1791347895481444194,200,85783642,147209,0,,,,1493,POST,http://proxy:8080/extract,Q29udGVudC1MZW5ndGg6IDQ1MzQ1DQpDb250ZW50LVR5cGU6IGFwcGxpY2F0aW9uL2pzb24NCkRhdGU6IFdlZCwgMDcgT2N0IDIwMjYgMDQ6Mzg6MTUgR01UDQpTZXJ2ZXItVGltaW5nOiBxdWV1ZTtkdXI9MC4wLCBleHRyYWN0O2R1cj00NS4zDQpYLUNvbnRlbnQtVHlwZS1PcHRpb25zOiBub3NuaWZmDQoNCg==
1791347895537533126,200,42831760,93347,0,,,,1496,POST,http://proxy:8080/extract,Q29udGVudC1MZW5ndGg6IDM2NjQNCkNvbnRlbnQtVHlwZTogYXBwbGljYXRpb24vanNvbg0KRGF0ZTogV2VkLCAwNyBPY3QgMjAyNiAwNDozODoxNSBHTVQNClNlcnZlci1UaW1pbmc6IHF1ZXVlO2R1cj0wLjAsIGV4dHJhY3Q7ZHVyPTExLjYNClgtQ29udGVudC1UeXBlLU9wdGlvbnM6IG5vc25pZmYNCg0K
1791347873917212280,200,21666947785,10063439,0,,,,415,POST,http://proxy:8080/extract,Q29udGVudC1MZW5ndGg6IDQxMzA1DQpDb250ZW50LVR5cGU6IGFwcGxpY2F0aW9uL2pzb24NCkRhdGU6IFdlZCwgMDcgT2N0IDIwMjYgMDQ6Mzg6MTQgR01UDQpTZXJ2ZXItVGltaW5nOiBxdWV1ZTtkdXI9MC4xLCBleHRyYWN0O2R1cj0yNDcuNg0KWC1Db250ZW50LVR5cGUtT3B0aW9uczogbm9zbmlmZg0KDQo=
1791347895556940396,200,90394367,147209,0,,,,1497,POST,http://proxy:8080/extract,Q29udGVudC1MZW5ndGg6IDQ1MzQ1DQpDb250ZW50LVR5cGU6IGFwcGxpY2F0aW9uL2pzb24NCkRhdGU6IFdlZCwgMDcgT2N0IDIwMjYgMDQ6Mzg6MTUgR01UDQpTZXJ2ZXItVGltaW5nOiBxdWV1ZTtkdXI9MC4wLCBleHRyYWN0O2R1cj02MS4yDQpYLUNvbnRlbnQtVHlwZS1PcHRpb25zOiBub3NuaWZmDQoNCg==
1791347873997135182,200,21793834270,10063439,0,,,,419,POST,http://proxy:8080/extract,Q29udGVudC1MZW5ndGg6IDQxMzA1DQpDb250ZW50LVR5cGU6IGFwcGxpY2F0aW9uL2pzb24NCkRhdGU6IFdlZCwgMDcgT2N0IDIwMjYgMDQ6Mzg6MTQgR01UDQpTZXJ2ZXItVGltaW5nOiBxdWV1ZTtkdXI9MC4xLCBleHRyYWN0O2R1cj0yODcuNA0KWC1Db250ZW50LVR5cGUtT3B0aW9uczogbm9zbmlmZg0KDQo=
1791347873899248451,200,22047185405,736965,0,,,,414,POST,http://proxy:8080/extract,Q29udGVudC1MZW5ndGg6IDc5Mjg5NQ0KQ29udGVudC1UeXBlOiBhcHBsaWNhdGlvbi9qc29uDQpEYXRlOiBXZWQsIDA3IE9jdCAyMDI2IDA0OjM4OjE0IEdNVA0KU2VydmVyLVRpbWluZzogcXVldWU7ZHVyPTAuMCwgZXh0cmFjdDtkdXI9NjgxLjINClgtQ29udGVudC1UeXBlLU9wdGlvbnM6IG5vc25pZmYNCg0K
1791347873976934214,200,22041055376,736965,0,,,,418,POST,http://proxy:8080/extract,Q29udGVudC1MZW5ndGg6IDc5Mjg5NQ0KQ29udGVudC1UeXBlOiBhcHBsaWNhdGlvbi9qc29uDQpEYXRlOiBXZWQsIDA3IE9jdCAyMDI2IDA0OjM4OjE1IEdNVA0KU2VydmVyLVRpbWluZzogcXVldWU7ZHVyPTAuMCwgZXh0cmFjdDtkdXI9NTgxLjkNClgtQ29udGVudC1UeXBlLU9wdGlvbnM6IG5vc25pZmYNCg0K
1791347874077762623,200,21957971652,10063439,0,,,,423,POST,http://proxy:8080/extract,Q29udGVudC1MZW5ndGg6IDQxMzA1DQpDb250ZW50LVR5cGU6IGFwcGxpY2F0aW9uL2pzb24NCkRhdGU6IFdlZCwgMDcgT2N0IDIwMjYgMDQ6Mzg6MTUgR01UDQpTZXJ2ZXItVGltaW5nOiBxdWV1ZTtkdXI9MC4wLCBleHRyYWN0O2R1cj0zMzguOQ0KWC1Db250ZW50LVR5cGUtT3B0aW9uczogbm9zbmlmZg0KDQo=
1791347874057204184,200,22099123518,736965,0,,,,422,POST,http://proxy:8080/extract,Q29udGVudC1MZW5ndGg6IDc5Mjg5NQ0KQ29udGVudC1UeXBlOiBhcHBsaWNhdGlvbi9qc29uDQpEYXRlOiBXZWQsIDA3IE9jdCAyMDI2IDA0OjM4OjE1IEdNVA0KU2VydmVyLVRpbWluZzogcXVldWU7ZHVyPTAuMCwgZXh0cmFjdDtkdXI9NTU4LjcNClgtQ29udGVudC1UeXBlLU9wdGlvbnM6IG5vc25pZmYNCg0K
1791347874157796547,200,22067306571,10063439,0,,,,427,POST,http://proxy:8080/extract,Q29udGVudC1MZW5ndGg6IDQxMzA1DQpDb250ZW50LVR5cGU6IGFwcGxpY2F0aW9uL2pzb24NCkRhdGU6IFdlZCwgMDcgT2N0IDIwMjYgMDQ6Mzg6MTUgR01UDQpTZXJ2ZXItVGltaW5nOiBxdWV1ZTtkdXI9MC4wLCBleHRyYWN0O2R1cj0yMzUuOQ0KWC1Db250ZW50LVR5cGUtT3B0aW9uczogbm9zbmlmZg0KDQo=
1791347874241767144,200,22113766890,10063439,0,,,,431,POST,http://proxy:8080/extract,Q29udGVudC1MZW5ndGg6IDQxMzA1DQpDb250ZW50LVR5cGU6IGFwcGxpY2F0aW9uL2pzb24NCkRhdGU6IFdlZCwgMDcgT2N0IDIwMjYgMDQ6Mzg6MTUgR01UDQpTZXJ2ZXItVGltaW5nOiBxdWV1ZTtkdXI9MC4wLCBleHRyYWN0O2R1cj0yNzkuNA0KWC1Db250ZW50LVR5cGUtT3B0aW9uczogbm9zbmlmZg0KDQo=
1791347874137068675,200,22278716718,736965,0,,,,426,POST,http://proxy:8080/extract,Q29udGVudC1MZW5ndGg6IDc5Mjg5NQ0KQ29udGVudC1UeXBlOiBhcHBsaWNhdGlvbi9qc29uDQpEYXRlOiBXZWQsIDA3IE9jdCAyMDI2IDA0OjM4OjE1IEdNVA0KU2VydmVyLVRpbWluZzogcXVldWU7ZHVyPTAuMCwgZXh0cmFjdDtkdXI9NjE2LjgNClgtQ29udGVudC1UeXBlLU9wdGlvbnM6IG5vc25pZmYNCg0K
1791347874217677512,200,22357175476,736965,0,,,,430,POST,http://proxy:8080/extract,Q29udGVudC1MZW5ndGg6IDc5Mjg5NQ0KQ29udGVudC1UeXBlOiBhcHBsaWNhdGlvbi9qc29uDQpEYXRlOiBXZWQsIDA3IE9jdCAyMDI2IDA0OjM4OjE1IEdNVA0KU2VydmVyLVRpbWluZzogcXVldWU7ZHVyPTAuMCwgZXh0cmFjdDtkdXI9NTQ3LjkNClgtQ29udGVudC1UeXBlLU9wdGlvbnM6IG5vc25pZmYNCg0K
1791347874316837493,200,22299375654,10063439,0,,,,435,POST,http://proxy:8080/extract,Q29udGVudC1MZW5ndGg6IDQxMzA1DQpDb250ZW50LVR5cGU6IGFwcGxpY2F0aW9uL2pzb24NCkRhdGU6IFdlZCwgMDcgT2N0IDIwMjYgMDQ6Mzg6MTUgR01UDQpTZXJ2ZXItVGltaW5nOiBxdWV1ZTtkdXI9MC4wLCBleHRyYWN0O2R1cj0zNDguMQ0KWC1Db250ZW50LVR5cGUtT3B0aW9uczogbm9zbmlmZg0KDQo=
1791347874305934851,200,22379776785,736965,0,,,,434,POST,http://proxy:8080/extract,Q29udGVudC1MZW5ndGg6IDc5Mjg5NQ0KQ29udGVudC1UeXBlOiBhcHBsaWNhdGlvbi9qc29uDQpEYXRlOiBXZWQsIDA3IE9jdCAyMDI2IDA0OjM4OjE1IEdNVA0KU2VydmVyLVRpbWluZzogcXVldWU7ZHVyPTAuMCwgZXh0cmFjdDtkdXI9NTE5LjkNClgtQ29udGVudC1UeXBlLU9wdGlvbnM6IG5vc25pZmYNCg0K
1791347874400188769,200,22319213055,10063439,0,,,,439,POST,http://proxy:8080/extract,Q29udGVudC1MZW5ndGg6IDQxMzA1DQpDb250ZW50LVR5cGU6IGFwcGxpY2F0aW9uL2pzb24NCkRhdGU6IFdlZCwgMDcgT2N0IDIwMjYgMDQ6Mzg6MTUgR01UDQpTZXJ2ZXItVGltaW5nOiBxdWV1ZTtkdXI9MC4wLCBleHRyYWN0O2R1cj0yNzMuNA0KWC1Db250ZW50LVR5cGUtT3B0aW9uczogbm9zbmlmZg0KDQo=
1791347874483175373,200,22423286362,10063439,0,,,,443,POST,http://proxy:8080/extract,Q29udGVudC1MZW5ndGg6IDQxMzA1DQpDb250ZW50LVR5cGU6IGFwcGxpY2F0aW9uL2pzb24NCkRhdGU6IFdlZCwgMDcgT2N0IDIwMjYgMDQ6Mzg6MTUgR01UDQpTZXJ2ZXItVGltaW5nOiBxdWV1ZTtkdXI9MC4wLCBleHRyYWN0O2R1cj0yNDUuMQ0KWC1Db250ZW50LVR5cGUtT3B0aW9uczogbm9zbmlmZg0KDQo=
1791347874400067045,200,22563566339,736965,0,,,,438,POST,http://proxy:8080/extract,Q29udGVudC1MZW5ndGg6IDc5Mjg5NQ0KQ29udGVudC1UeXBlOiBhcHBsaWNhdGlvbi9qc29uDQpEYXRlOiBXZWQsIDA3IE9jdCAyMDI2IDA0OjM4OjE1IEdNVA0KU2VydmVyLVRpbWluZzogcXVldWU7ZHVyPTAuMCwgZXh0cmFjdDtkdXI9NjAzLjYNClgtQ29udGVudC1UeXBlLU9wdGlvbnM6IG5vc25pZmYNCg0K
1791347874557391054,200,22462111648,10063439,0,,,,447,POST,http://proxy:8080/extract,Q29udGVudC1MZW5ndGg6IDQxMzA1DQpDb250ZW50LVR5cGU6IGFwcGxpY2F0aW9uL2pzb24NCkRhdGU6IFdlZCwgMDcgT2N0IDIwMjYgMDQ6Mzg6MTUgR01UDQpTZXJ2ZXItVGltaW5nOiBxdWV1ZTtkdXI9MC4wLCBleHRyYWN0O2R1cj0yNjYuNA0KWC1Db250ZW50LVR5cGUtT3B0aW9uczogbm9zbmlmZg0KDQo=
1791347874457028736,200,22695949988,736965,0,,,,442,POST,http://proxy:8080/extract,Q29udGVudC1MZW5ndGg6IDc5Mjg5NQ0KQ29udGVudC1UeXBlOiBhcHBsaWNhdGlvbi9qc29uDQpEYXRlOiBXZWQsIDA3IE9jdCAyMDI2IDA0OjM4OjE2IEdNVA0KU2VydmVyLVRpbWluZzogcXVldWU7ZHVyPTAuMCwgZXh0cmFjdDtkdXI9NTczLjQNClgtQ29udGVudC1UeXBlLU9wdGlvbnM6IG5vc25pZmYNCg0K
1791347874637402073,200,22643549920,10063439,0,,,,451,POST,http://proxy:8080/extract,Q29udGVudC1MZW5ndGg6IDQxMzA1DQpDb250ZW50LVR5cGU6IGFwcGxpY2F0aW9uL2pzb24NCkRhdGU6IFdlZCwgMDcgT2N0IDIwMjYgMDQ6Mzg6MTYgR01UDQpTZXJ2ZXItVGltaW5nOiBxdWV1ZTtkdXI9MC4xLCBleHRyYWN0O2R1cj0yNjAuNg0KWC1Db250ZW50LVR5cGUtT3B0aW9uczogbm9zbmlmZg0KDQo=
1791347874541279589,200,22766819834,736965,0,,,,446,POST,http://proxy:8080/extract,Q29udGVudC1MZW5ndGg6IDc5Mjg5NQ0KQ29udGVudC1UeXBlOiBhcHBsaWNhdGlvbi9qc29uDQpEYXRlOiBXZWQsIDA3IE9jdCAyMDI2IDA0OjM4OjE2IEdNVA0KU2VydmVyLVRpbWluZzogcXVldWU7ZHVyPTAuMCwgZXh0cmFjdDtkdXI9NjEzLjQNClgtQ29udGVudC1UeXBlLU9wdGlvbnM6IG5vc25pZmYNCg0K
1791347874717520414,200,22717235846,10063439,0,,,,455,POST,http://proxy:8080/extract,Q29udGVudC1MZW5ndGg6IDQxMzA1DQpDb250ZW50LVR5cGU6IGFwcGxpY2F0aW9uL2pzb24NCkRhdGU6IFdlZCwgMDcgT2N0IDIwMjYgMDQ6Mzg6MTcgR01UDQpTZXJ2ZXItVGltaW5nOiBxdWV1ZTtkdXI9MC4wLCBleHRyYWN0O2R1cj0yMzAuOA0KWC1Db250ZW50LVR5cGUtT3B0aW9uczogbm9zbmlmZg0KDQo=
1791347874617738510,200,22899139408,736965,0,,,,450,POST,http://proxy:8080/extract,Q29udGVudC1MZW5ndGg6IDc5Mjg5NQ0KQ29udGVudC1UeXBlOiBhcHBsaWNhdGlvbi9qc29uDQpEYXRlOiBXZWQsIDA3IE9jdCAyMDI2IDA0OjM4OjE2IEdNVA0KU2VydmVyLVRpbWluZzogcXVldWU7ZHVyPTAuMCwgZXh0cmFjdDtkdXI9NjAxLjMNClgtQ29udGVudC1UeXBlLU9wdGlvbnM6IG5vc25pZmYNCg0K
1791347874698449867,200,22847339558,736965,0,,,,454,POST,http://proxy:8080/extract,Q29udGVudC1MZW5ndGg6IDc5Mjg5NQ0KQ29udGVudC1UeXBlOiBhcHBsaWNhdGlvbi9qc29uDQpEYXRlOiBXZWQsIDA3IE9jdCAyMDI2IDA0OjM4OjE2IEdNVA0KU2VydmVyLVRpbWluZzogcXVldWU7ZHVyPTAuMCwgZXh0cmFjdDtkdXI9NTE1LjENClgtQ29udGVudC1UeXBlLU9wdGlvbnM6IG5vc25pZmYNCg0K
1791347874797424212,200,22820678985,10063439,0,,,,459,POST,http://proxy:8080/extract,Q29udGVudC1MZW5ndGg6IDQxMzA1DQpDb250ZW50LVR5cGU6IGFwcGxpY2F0aW9uL2pzb24NCkRhdGU6IFdlZCwgMDcgT2N0IDIwMjYgMDQ6Mzg6MTYgR01UDQpTZXJ2ZXItVGltaW5nOiBxdWV1ZTtkdXI9MC4xLCBleHRyYWN0O2R1cj0yNDMuNA0KWC1Db250ZW50LVR5cGUtT3B0aW9uczogbm9zbmlmZg0KDQo=
1791347874876846016,200,22926539213,10063439,0,,,,463,POST,http://proxy:8080/extract,Q29udGVudC1MZW5ndGg6IDQxMzA1DQpDb250ZW50LVR5cGU6IGFwcGxpY2F0aW9uL2pzb24NCkRhdGU6IFdlZCwgMDcgT2N0IDIwMjYgMDQ6Mzg6MTYgR01UDQpTZXJ2ZXItVGltaW5nOiBxdWV1ZTtkdXI9MC4wLCBleHRyYWN0O2R1cj0yMzcuOQ0KWC1Db250ZW50LVR5cGUtT3B0aW9uczogbm9zbmlmZg0KDQo=
1791347874957032070,200,22942243202,10063439,0,,,,467,POST,http://proxy:8080/extract,Q29udGVudC1MZW5ndGg6IDQxMzA1DQpDb250ZW50LVR5cGU6IGFwcGxpY2F0aW9uL2pzb24NCkRhdGU6IFdlZCwgMDcgT2N0IDIwMjYgMDQ6Mzg6MTcgR01UDQpTZXJ2ZXItVGltaW5nOiBxdWV1ZTtkdXI9MC4wLCBleHRyYWN0O2R1cj0yNDUuNA0KWC1Db250ZW50LVR5cGUtT3B0aW9uczogbm9zbmlmZg0KDQo=
1791347874777782253,200,23157890679,736965,0,,,,458,POST,http://proxy:8080/extract,Q29udGVudC1MZW5ndGg6IDc5Mjg5NQ0KQ29udGVudC1UeXBlOiBhcHBsaWNhdGlvbi9qc29uDQpEYXRlOiBXZWQsIDA3IE9jdCAyMDI2IDA0OjM4OjE2IEdNVA0KU2VydmVyLVRpbWluZzogcXVldWU7ZHVyPTAuMCwgZXh0cmFjdDtkdXI9NjE0LjgNClgtQ29udGVudC1UeXBlLU9wdGlvbnM6IG5vc25pZmYNCg0K
1791347874873646487,200,23133185801,736965,0,,,,462,POST,http://proxy:8080/extract,Q29udGVudC1MZW5ndGg6IDc5Mjg5NQ0KQ29udGVudC1UeXBlOiBhcHBsaWNhdGlvbi9qc29uDQpEYXRlOiBXZWQsIDA3IE9jdCAyMDI2IDA0OjM4OjE3IEdNVA0KU2VydmVyLVRpbWluZzogcXVldWU7ZHVyPTAuMCwgZXh0cmFjdDtkdXI9NTQ0LjkNClgtQ29udGVudC1UeXBlLU9wdGlvbnM6IG5vc25pZmYNCg0K
1791347874937542141,200,23223452649,736965,0,,,,466,POST,http://proxy:8080/extract,Q29udGVudC1MZW5ndGg6IDc5Mjg5NQ0KQ29udGVudC1UeXBlOiBhcHBsaWNhdGlvbi9qc29uDQpEYXRlOiBXZWQsIDA3IE9jdCAyMDI2IDA0OjM4OjE2IEdNVA0KU2VydmVyLVRpbWluZzogcXVldWU7ZHVyPTAuMCwgZXh0cmFjdDtkdXI9NjA0LjQNClgtQ29udGVudC1UeXBlLU9wdGlvbnM6IG5vc25pZmYNCg0K
1791347875036976776,200,23206191077,10063439,0,,,,471,POST,http://proxy:8080/extract,Q29udGVudC1MZW5ndGg6IDQxMzA1DQpDb250ZW50LVR5cGU6IGFwcGxpY2F0aW9uL2pzb24NCkRhdGU6IFdlZCwgMDcgT2N0IDIwMjYgMDQ6Mzg6MTcgR01UDQpTZXJ2ZXItVGltaW5nOiBxdWV1ZTtkdXI9MC4xLCBleHRyYWN0O2R1cj0yNzYuNA0KWC1Db250ZW50LVR5cGUtT3B0aW9uczogbm9zbmlmZg0KDQo=
1791347875123333143,200,23138537091,10063439,0,,,,475,POST,http://proxy:8080/extract,Q29udGVudC1MZW5ndGg6IDQxMzA1DQpDb250ZW50LVR5cGU6IGFwcGxpY2F0aW9uL2pzb24NCkRhdGU6IFdlZCwgMDcgT2N0IDIwMjYgMDQ6Mzg6MTcgR01UDQpTZXJ2ZXItVGltaW5nOiBxdWV1ZTtkdXI9MC4wLCBleHRyYWN0O2R1cj0xOTkuNw0KWC1Db250ZW50LVR5cGUtT3B0aW9uczogbm9zbmlmZg0KDQo=
1791347875017774804,200,23413960612,736965,0,,,,470,POST,http://proxy:8080/extract,Q29udGVudC1MZW5ndGg6IDc5Mjg5NQ0KQ29udGVudC1UeXBlOiBhcHBsaWNhdGlvbi9qc29uDQpEYXRlOiBXZWQsIDA3IE9jdCAyMDI2IDA0OjM4OjE3IEdNVA0KU2VydmVyLVRpbWluZzogcXVldWU7ZHVyPTAuMCwgZXh0cmFjdDtkdXI9NTk5LjUNClgtQ29udGVudC1UeXBlLU9wdGlvbnM6IG5vc25pZmYNCg0K
1791347875097656298,200,23349638782,736965,0,,,,474,POST,http://proxy:8080/extract,Q29udGVudC1MZW5ndGg6IDc5Mjg5NQ0KQ29udGVudC1UeXBlOiBhcHBsaWNhdGlvbi9qc29uDQpEYXRlOiBXZWQsIDA3IE9jdCAyMDI2IDA0OjM4OjE3IEdNVA0KU2VydmVyLVRpbWluZzogcXVldWU7ZHVyPTAuMCwgZXh0cmFjdDtkdXI9NTA1LjENClgtQ29udGVudC1UeXBlLU9wdGlvbnM6IG5vc25pZmYNCg0K
1791347875197321879,200,23406488640,10063439,0,,,,479,POST,http://proxy:8080/extract,Q29udGVudC1MZW5ndGg6IDQxMzA1DQpDb250ZW50LVR5cGU6IGFwcGxpY2F0aW9uL2pzb24NCkRhdGU6IFdlZCwgMDcgT2N0IDIwMjYgMDQ6Mzg6MTcgR01UDQpTZXJ2ZXItVGltaW5nOiBxdWV1ZTtkdXI9MC4wLCBleHRyYWN0O2R1cj0zMTYuMw0KWC1Db250ZW50LVR5cGUtT3B0aW9uczogbm9zbmlmZg0KDQo=
1791347875257598621,200,23551327725,736965,0,,,,482,POST,http://proxy:8080/extract,Q29udGVudC1MZW5ndGg6IDc5Mjg5NQ0KQ29udGVudC1UeXBlOiBhcHBsaWNhdGlvbi9qc29uDQpEYXRlOiBXZWQsIDA3IE9jdCAyMDI2IDA0OjM4OjE4IEdNVA0KU2VydmVyLVRpbWluZzogcXVldWU7ZHVyPTAuMCwgZXh0cmFjdDtkdXI9NTMzLjkNClgtQ29udGVudC1UeXBlLU9wdGlvbnM6IG5vc25pZmYNCg0K
1791347875277181369,200,23553588873,10063439,0,,,,483,POST,http://proxy:8080/extract,Q29udGVudC1MZW5ndGg6IDQxMzA1DQpDb250ZW50LVR5cGU6IGFwcGxpY2F0aW9uL2pzb24NCkRhdGU6IFdlZCwgMDcgT2N0IDIwMjYgMDQ6Mzg6MTcgR01UDQpTZXJ2ZXItVGltaW5nOiBxdWV1ZTtkdXI9MC4wLCBleHRyYWN0O2R1cj0zMjMuMw0KWC1Db250ZW50LVR5cGUtT3B0aW9uczogbm9zbmlmZg0KDQo=
1791347875177676319,200,23714340882,736965,0,,,,478,POST,http://proxy:8080/extract,Q29udGVudC1MZW5ndGg6IDc5Mjg5NQ0KQ29udGVudC1UeXBlOiBhcHBsaWNhdGlvbi9qc29uDQpEYXRlOiBXZWQsIDA3IE9jdCAyMDI2IDA0OjM4OjE3IEdNVA0KU2VydmVyLVRpbWluZzogcXVldWU7ZHVyPTAuMCwgZXh0cmFjdDtkdXI9NzE1LjUNClgtQ29udGVudC1UeXBlLU9wdGlvbnM6IG5vc25pZmYNCg0K
1791347875357892626,200,23599848684,10063439,0,,,,487,POST,http://proxy:8080/extract,Q29udGVudC1MZW5ndGg6IDQxMzA1DQpDb250ZW50LVR5cGU6IGFwcGxpY2F0aW9uL2pzb24NCkRhdGU6IFdlZCwgMDcgT2N0IDIwMjYgMDQ6Mzg6MTcgR01UDQpTZXJ2ZXItVGltaW5nOiBxdWV1ZTtkdXI9MC4wLCBleHRyYWN0O2R1cj0yNzkuNg0KWC1Db250ZW50LVR5cGUtT3B0aW9uczogbm9zbmlmZg0KDQo=
1791347875337297079,200,23691737101,736965,0,,,,486,POST,http://proxy:8080/extract,Q29udGVudC1MZW5ndGg6IDc5Mjg5NQ0KQ29udGVudC1UeXBlOiBhcHBsaWNhdGlvbi9qc29uDQpEYXRlOiBXZWQsIDA3IE9jdCAyMDI2IDA0OjM4OjE4IEdNVA0KU2VydmVyLVRpbWluZzogcXVldWU7ZHVyPTAuMCwgZXh0cmFjdDtkdXI9NTY4LjINClgtQ29udGVudC1UeXBlLU9wdGlvbnM6IG5vc25pZmYNCg0K
1791347875438135091,200,23693647221,10063439,0,,,,491,POST,http://proxy:8080/extract,Q29udGVudC1MZW5ndGg6IDQxMzA1DQpDb250ZW50LVR5cGU6IGFwcGxpY2F0aW9uL2pzb24NCkRhdGU6IFdlZCwgMDcgT2N0IDIwMjYgMDQ6Mzg6MTggR01UDQpTZXJ2ZXItVGltaW5nOiBxdWV1ZTtkdXI9MC4wLCBleHRyYWN0O2R1cj0yNDMuNQ0KWC1Db250ZW50LVR5cGUtT3B0aW9uczogbm9zbmlmZg0KDQo=
1791347875517562995,200,23931393612,10063439,0,,,,495,POST,http://proxy:8080/extract,Q29udGVudC1MZW5ndGg6IDQxMzA1DQpDb250ZW50LVR5cGU6IGFwcGxpY2F0aW9uL2pzb24NCkRhdGU6IFdlZCwgMDcgT2N0IDIwMjYgMDQ6Mzg6MTggR01UDQpTZXJ2ZXItVGltaW5nOiBxdWV1ZTtkdXI9MC4wLCBleHRyYWN0O2R1cj0zNzAuMg0KWC1Db250ZW50LVR5cGUtT3B0aW9uczogbm9zbmlmZg0KDQo=
1791347875423201357,200,24029552032,736965,0,,,,490,POST,http://proxy:8080/extract,Q29udGVudC1MZW5ndGg6IDc5Mjg5NQ0KQ29udGVudC1UeXBlOiBhcHBsaWNhdGlvbi9qc29uDQpEYXRlOiBXZWQsIDA3IE9jdCAyMDI2IDA0OjM4OjE4IEdNVA0KU2VydmVyLVRpbWluZzogcXVldWU7ZHVyPTAuMCwgZXh0cmFjdDtkdXI9NTg3LjcNClgtQ29udGVudC1UeXBlLU9wdGlvbnM6IG5vc25pZmYNCg0K
1791347875602681318,200,23984712810,10063439,0,,,,499,POST,http://proxy:8080/extract,Q29udGVudC1MZW5ndGg6IDQxMzA1DQpDb250ZW50LVR5cGU6IGFwcGxpY2F0aW9uL2pzb24NCkRhdGU6IFdlZCwgMDcgT2N0IDIwMjYgMDQ6Mzg6MTggR01UDQpTZXJ2ZXItVGltaW5nOiBxdWV1ZTtkdXI9MC4wLCBleHRyYWN0O2R1cj0zNzQuMA0KWC1Db250ZW50LVR5cGUtT3B0aW9uczogbm9zbmlmZg0KDQo=
1791347875497029761,200,24094667099,736965,0,,,,494,POST,http://proxy:8080/extract,Q29udGVudC1MZW5ndGg6IDc5Mjg5NQ0KQ29udGVudC1UeXBlOiBhcHBsaWNhdGlvbi9qc29uDQpEYXRlOiBXZWQsIDA3IE9jdCAyMDI2IDA0OjM4OjE4IEdNVA0KU2VydmVyLVRpbWluZzogcXVldWU7ZHVyPTAuMCwgZXh0cmFjdDtkdXI9NjcyLjANClgtQ29udGVudC1UeXBlLU9wdGlvbnM6IG5vc25pZmYNCg0K
1791347875577200412,200,24119455703,736965,0,,,,498,POST,http://proxy:8080/extract,Q29udGVudC1MZW5ndGg6IDc5Mjg5NQ0KQ29udGVudC1UeXBlOiBhcHBsaWNhdGlvbi9qc29uDQpEYXRlOiBXZWQsIDA3IE9jdCAyMDI2IDA0OjM4OjE4IEdNVA0KU2VydmVyLVRpbWluZzogcXVldWU7ZHVyPTAuMCwgZXh0cmFjdDtkdXI9NjQzLjINClgtQ29udGVudC1UeXBlLU9wdGlvbnM6IG5vc25pZmYNCg0K
1791347875676908401,200,24127231422,10063439,0,,,,503,POST,http://proxy:8080/extract,Q29udGVudC1MZW5ndGg6IDQxMzA1DQpDb250ZW50LVR5cGU6IGFwcGxpY2F0aW9uL2pzb24NCkRhdGU6IFdlZCwgMDcgT2N0IDIwMjYgMDQ6Mzg6MTkgR01UDQpTZXJ2ZXItVGltaW5nOiBxdWV1ZTtkdXI9MC4wLCBleHRyYWN0O2R1cj0yOTEuMQ0KWC1Db250ZW50LVR5cGUtT3B0aW9uczogbm9zbmlmZg0KDQo=
1791347875757817997,200,24249747783,10063439,0,,,,507,POST,http://proxy:8080/extract,Q29udGVudC1MZW5ndGg6IDQxMzA1DQpDb250ZW50LVR5cGU6IGFwcGxpY2F0aW9uL2pzb24NCkRhdGU6IFdlZCwgMDcgT2N0IDIwMjYgMDQ6Mzg6MTggR01UDQpTZXJ2ZXItVGltaW5nOiBxdWV1ZTtkdXI9MC4xLCBleHRyYWN0O2R1cj0zNjAuNQ0KWC1Db250ZW50LVR5cGUtT3B0aW9uczogbm9zbmlmZg0KDQo=
1791347875657759939,200,24528634124,736965,0,,,,502,POST,http://proxy:8080/extract,Q29udGVudC1MZW5ndGg6IDc5Mjg5NQ0KQ29udGVudC1UeXBlOiBhcHBsaWNhdGlvbi9qc29uDQpEYXRlOiBXZWQsIDA3IE9jdCAyMDI2IDA0OjM4OjE4IEdNVA0KU2VydmVyLVRpbWluZzogcXVldWU7ZHVyPTAuMCwgZXh0cmFjdDtkdXI9NzI1LjgNClgtQ29udGVudC1UeXBlLU9wdGlvbnM6IG5vc25pZmYNCg0K
1791347875737190645,200,24490245045,736965,0,,,,506,POST,http://proxy:8080/extract,Q29udGVudC1MZW5ndGg6IDc5Mjg5NQ0KQ29udGVudC1UeXBlOiBhcHBsaWNhdGlvbi9qc29uDQpEYXRlOiBXZWQsIDA3IE9jdCAyMDI2IDA0OjM4OjE4IEdNVA0KU2VydmVyLVRpbWluZzogcXVldWU7ZHVyPTAuMCwgZXh0cmFjdDtkdXI9NjM0LjINClgtQ29udGVudC1UeXBlLU9wdGlvbnM6IG5vc25pZmYNCg0K
1791347875816907207,200,24519593750,736965,0,,,,510,POST,http://proxy:8080/extract,Q29udGVudC1MZW5ndGg6IDc5Mjg5NQ0KQ29udGVudC1UeXBlOiBhcHBsaWNhdGlvbi9qc29uDQpEYXRlOiBXZWQsIDA3IE9jdCAyMDI2IDA0OjM4OjE5IEdNVA0KU2VydmVyLVRpbWluZzogcXVldWU7ZHVyPTAuMCwgZXh0cmFjdDtkdXI9NjI3LjcNClgtQ29udGVudC1UeXBlLU9wdGlvbnM6IG5vc25pZmYNCg0K
1791347875840326808,200,24593050591,10063439,0,,,,511,POST,http://proxy:8080/extract,Q29udGVudC1MZW5ndGg6IDQxMzA1DQpDb250ZW50LVR5cGU6IGFwcGxpY2F0aW9uL2pzb24NCkRhdGU6IFdlZCwgMDcgT2N0IDIwMjYgMDQ6Mzg6MTkgR01UDQpTZXJ2ZXItVGltaW5nOiBxdWV1ZTtkdXI9MC4wLCBleHRyYWN0O2R1cj01NTUuNw0KWC1Db250ZW50LVR5cGUtT3B0aW9uczogbm9zbmlmZg0KDQo=
1791347875917305831,200,24689976256,10063439,0,,,,515,POST,http://proxy:8080/extract,Q29udGVudC1MZW5ndGg6IDQxMzA1DQpDb250ZW50LVR5cGU6IGFwcGxpY2F0aW9uL2pzb24NCkRhdGU6IFdlZCwgMDcgT2N0IDIwMjYgMDQ6Mzg6MTkgR01UDQpTZXJ2ZXItVGltaW5nOiBxdWV1ZTtkdXI9MC4wLCBleHRyYWN0O2R1cj0zNjUuMQ0KWC1Db250ZW50LVR5cGUtT3B0aW9uczogbm9zbmlmZg0KDQo=
1791347875977710499,200,24851017156,736965,0,,,,518,POST,http://proxy:8080/extract,Q29udGVudC1MZW5ndGg6IDc5Mjg5NQ0KQ29udGVudC1UeXBlOiBhcHBsaWNhdGlvbi9qc29uDQpEYXRlOiBXZWQsIDA3IE9jdCAyMDI2IDA0OjM4OjE5IEdNVA0KU2VydmVyLVRpbWluZzogcXVldWU7ZHVyPTAuMCwgZXh0cmFjdDtkdXI9NTkzLjMNClgtQ29udGVudC1UeXBlLU9wdGlvbnM6IG5vc25pZmYNCg0K
1791347875997823150,200,24951166099,10063439,0,,,,519,POST,http://proxy:8080/extract,Q29udGVudC1MZW5ndGg6IDQxMzA1DQpDb250ZW50LVR5cGU6IGFwcGxpY2F0aW9uL2pzb24NCkRhdGU6IFdlZCwgMDcgT2N0IDIwMjYgMDQ6Mzg6MTkgR01UDQpTZXJ2ZXItVGltaW5nOiBxdWV1ZTtkdXI9MC4wLCBleHRyYWN0O2R1cj01MzkuNA0KWC1Db250ZW50LVR5cGUtT3B0aW9uczogbm9zbmlmZg0KDQo=
1791347876076858278,200,24885906256,10063439,0,,,,523,POST,http://proxy:8080/extract,Q29udGVudC1MZW5ndGg6IDQxMzA1DQpDb250ZW50LVR5cGU6IGFwcGxpY2F0aW9uL2pzb24NCkRhdGU6IFdlZCwgMDcgT2N0IDIwMjYgMDQ6Mzg6MTkgR01UDQpTZXJ2ZXItVGltaW5nOiBxdWV1ZTtkdXI9MC4wLCBleHRyYWN0O2R1cj0yNzUuNA0KWC1Db250ZW50LVR5cGUtT3B0aW9uczogbm9zbmlmZg0KDQo=
1791347875897792198,200,25221795506,736965,0,,,,514,POST,http://proxy:8080/extract,Q29udGVudC1MZW5ndGg6IDc5Mjg5NQ0KQ29udGVudC1UeXBlOiBhcHBsaWNhdGlvbi9qc29uDQpEYXRlOiBXZWQsIDA3IE9jdCAyMDI2IDA0OjM4OjE5IEdNVA0KU2VydmVyLVRpbWluZzogcXVldWU7ZHVyPTAuMCwgZXh0cmFjdDtkdXI9MTEwNi4zDQpYLUNvbnRlbnQtVHlwZS1PcHRpb25zOiBub3NuaWZmDQoNCg==
1791347876057004878,200,25141660678,736965,0,,,,522,POST,http://proxy:8080/extract,Q29udGVudC1MZW5ndGg6IDc5Mjg5NQ0KQ29udGVudC1UeXBlOiBhcHBsaWNhdGlvbi9qc29uDQpEYXRlOiBXZWQsIDA3IE9jdCAyMDI2IDA0OjM4OjIwIEdNVA0KU2VydmVyLVRpbWluZzogcXVldWU7ZHVyPTAuMCwgZXh0cmFjdDtkdXI9NzYwLjANClgtQ29udGVudC1UeXBlLU9wdGlvbnM6IG5vc25pZmYNCg0K
1791347876316939446,503,25022647881,10063439,0,503 Service Unavailable,,,535,POST,http://proxy:8080/extract,Q29udGVudC1MZW5ndGg6IDExNQ0KQ29udGVudC1UeXBlOiBhcHBsaWNhdGlvbi9qc29uDQpSZXRyeS1BZnRlcjogMg0KWC1Db250ZW50LVR5cGUtT3B0aW9uczogbm9zbmlmZg0KDQo=
1791347876377066359,503,25005201560,736965,0,503 Service Unavailable,,,538,POST,http://proxy:8080/extract,Q29udGVudC1MZW5ndGg6IDExNQ0KQ29udGVudC1UeXBlOiBhcHBsaWNhdGlvbi9qc29uDQpSZXRyeS1BZnRlcjogMg0KWC1Db250ZW50LVR5cGUtT3B0aW9uczogbm9zbmlmZg0KDQo=
1791347876157278678,200,25225708214,10063439,0,,,,527,POST,http://proxy:8080/extract,Q29udGVudC1MZW5ndGg6IDQxMzA1DQpDb250ZW50LVR5cGU6IGFwcGxpY2F0aW9uL2pzb24NCkRhdGU6IFdlZCwgMDcgT2N0IDIwMjYgMDQ6Mzg6MjAgR01UDQpTZXJ2ZXItVGltaW5nOiBxdWV1ZTtkdXI9MC4wLCBleHRyYWN0O2R1cj0zNTQuMA0KWC1Db250ZW50LVR5cGUtT3B0aW9uczogbm9zbmlmZg0KDQo=
1791347876137862964,200,25265658993,736965,0,,,,526,POST,http://proxy:8080/extract,Q29udGVudC1MZW5ndGg6IDc5Mjg5NQ0KQ29udGVudC1UeXBlOiBhcHBsaWNhdGlvbi9qc29uDQpEYXRlOiBXZWQsIDA3IE9jdCAyMDI2IDA0OjM4OjIwIEdNVA0KU2VydmVyLVRpbWluZzogcXVldWU7ZHVyPTAuMCwgZXh0cmFjdDtkdXI9NTU4LjENClgtQ29udGVudC1UeXBlLU9wdGlvbnM6IG5vc25pZmYNCg0K
1791347876237877813,200,25179627750,10063439,0,,,,531,POST,http://proxy:8080/extract,Q29udGVudC1MZW5ndGg6IDQxMzA1DQpDb250ZW50LVR5cGU6IGFwcGxpY2F0aW9uL2pzb24NCkRhdGU6IFdlZCwgMDcgT2N0IDIwMjYgMDQ6Mzg6MjAgR01UDQpTZXJ2ZXItVGltaW5nOiBxdWV1ZTtkdXI9MC4wLCBleHRyYWN0O2R1cj0yNDIuOQ0KWC1Db250ZW50LVR5cGUtT3B0aW9uczogbm9zbmlmZg0KDQo=
1791347876217211553,200,25297516786,736965,0,,,,530,POST,http://proxy:8080/extract,Q29udGVudC1MZW5ndGg6IDc5Mjg5NQ0KQ29udGVudC1UeXBlOiBhcHBsaWNhdGlvbi9qc29uDQpEYXRlOiBXZWQsIDA3IE9jdCAyMDI2IDA0OjM4OjIwIEdNVA0KU2VydmVyLVRpbWluZzogcXVldWU7ZHVyPTAuMCwgZXh0cmFjdDtkdXI9NTM1LjINClgtQ29udGVudC1UeXBlLU9wdGlvbnM6IG5vc25pZmYNCg0K
1791347876558036113,503,25022700864,10063439,0,503 Service Unavailable,,,547,POST,http://proxy:8080/extract,Q29udGVudC1MZW5ndGg6IDExNQ0KQ29udGVudC1UeXBlOiBhcHBsaWNhdGlvbi9qc29uDQpSZXRyeS1BZnRlcjogMg0KWC1Db250ZW50LVR5cGUtT3B0aW9uczogbm9zbmlmZg0KDQo=
1791347876619502490,503,25022466745,736965,0,503 Service Unavailable,,,550,POST,http://proxy:8080/extract,Q29udGVudC1MZW5ndGg6IDExNQ0KQ29udGVudC1UeXBlOiBhcHBsaWNhdGlvbi9qc29uDQpSZXRyeS1BZnRlcjogMg0KWC1Db250ZW50LVR5cGUtT3B0aW9uczogbm9zbmlmZg0KDQo=
1791347876639564931,503,25021825457,10063439,0,503 Service Unavailable,,,551,POST,http://proxy:8080/extract,Q29udGVudC1MZW5ndGg6IDExNQ0KQ29udGVudC1UeXBlOiBhcHBsaWNhdGlvbi9qc29uDQpSZXRyeS1BZnRlcjogMg0KWC1Db250ZW50LVR5cGUtT3B0aW9uczogbm9zbmlmZg0KDQo=
1791347876697277870,503,25002527881,736965,0,503 Service Unavailable,,,554,POST,http://proxy:8080/extract,Q29udGVudC1MZW5ndGg6IDExNQ0KQ29udGVudC1UeXBlOiBhcHBsaWNhdGlvbi9qc29uDQpSZXRyeS1BZnRlcjogMg0KWC1Db250ZW50LVR5cGUtT3B0aW9uczogbm9zbmlmZg0KDQo=
1791347876725999413,503,25009784556,10063439,0,503 Service Unavailable,,,555,POST,http://proxy:8080/extract,Q29udGVudC1MZW5ndGg6IDExNQ0KQ29udGVudC1UeXBlOiBhcHBsaWNhdGlvbi9qc29uDQpSZXRyeS1BZnRlcjogMg0KWC1Db250ZW50LVR5cGUtT3B0aW9uczogbm9zbmlmZg0KDQo=
1791347876399919449,200,25354687512,10063439,0,,,,539,POST,http://proxy:8080/extract,Q29udGVudC1MZW5ndGg6IDQxMzA1DQpDb250ZW50LVR5cGU6IGFwcGxpY2F0aW9uL2pzb24NCkRhdGU6IFdlZCwgMDcgT2N0IDIwMjYgMDQ6Mzg6MjAgR01UDQpTZXJ2ZXItVGltaW5nOiBxdWV1ZTtkdXI9MC4wLCBleHRyYWN0O2R1cj0zMDQuOQ0KWC1Db250ZW50LVR5cGUtT3B0aW9uczogbm9zbmlmZg0KDQo=
1791347876479509586,200,25294542131,10063439,0,,,,543,POST,http://proxy:8080/extract,Q29udGVudC1MZW5ndGg6IDQxMzA1DQpDb250ZW50LVR5cGU6IGFwcGxpY2F0aW9uL2pzb24NCkRhdGU6IFdlZCwgMDcgT2N0IDIwMjYgMDQ6Mzg6MjAgR01UDQpTZXJ2ZXItVGltaW5nOiBxdWV1ZTtkdXI9MC4wLCBleHRyYWN0O2R1cj0zMDEuOA0KWC1Db250ZW50LVR5cGUtT3B0aW9uczogbm9zbmlmZg0KDQo=
1791347876297060441,200,25508805375,736965,0,,,,534,POST,http://proxy:8080/extract,Q29udGVudC1MZW5ndGg6IDc5Mjg5NQ0KQ29udGVudC1UeXBlOiBhcHBsaWNhdGlvbi9qc29uDQpEYXRlOiBXZWQsIDA3IE9jdCAyMDI2IDA0OjM4OjIxIEdNVA0KU2VydmVyLVRpbWluZzogcXVldWU7ZHVyPTAuMCwgZXh0cmFjdDtkdXI9NTc5LjUNClgtQ29udGVudC1UeXBlLU9wdGlvbnM6IG5vc25pZmYNCg0K
1791347876877954467,503,25014332239,10063439,0,503 Service Unavailable,,,563,POST,http://proxy:8080/extract,Q29udGVudC1MZW5ndGg6IDExNQ0KQ29udGVudC1UeXBlOiBhcHBsaWNhdGlvbi9qc29uDQpSZXRyeS1BZnRlcjogMg0KWC1Db250ZW50LVR5cGUtT3B0aW9uczogbm9zbmlmZg0KDQo=
1791347876940556066,503,25021616168,736965,0,503 Service Unavailable,,,566,POST,http://proxy:8080/extract,Q29udGVudC1MZW5ndGg6IDExNQ0KQ29udGVudC1UeXBlOiBhcHBsaWNhdGlvbi9qc29uDQpSZXRyeS1BZnRlcjogMg0KWC1Db250ZW50LVR5cGUtT3B0aW9uczogbm9zbmlmZg0KDQo=
1791347876957555206,503,25024112589,10063439,0,503 Service Unavailable,,,567,POST,http://proxy:8080/extract,Q29udGVudC1MZW5ndGg6IDExNQ0KQ29udGVudC1UeXBlOiBhcHBsaWNhdGlvbi9qc29uDQpSZXRyeS1BZnRlcjogMg0KWC1Db250ZW50LVR5cGUtT3B0aW9uczogbm9zbmlmZg0KDQo=
1791347877022002567,503,25012854576,736965,0,503 Service Unavailable,,,570,POST,http://proxy:8080/extract,Q29udGVudC1MZW5ndGg6IDExNQ0KQ29udGVudC1UeXBlOiBhcHBsaWNhdGlvbi9qc29uDQpSZXRyeS1BZnRlcjogMg0KWC1Db250ZW50LVR5cGUtT3B0aW9uczogbm9zbmlmZg0KDQo=
1791347877037499612,503,25014579563,10063439,0,503 Service Unavailable,,,571,POST,http://proxy:8080/extract,Q29udGVudC1MZW5ndGg6IDExNQ0KQ29udGVudC1UeXBlOiBhcHBsaWNhdGlvbi9qc29uDQpSZXRyeS1BZnRlcjogMg0KWC1Db250ZW50LVR5cGUtT3B0aW9uczogbm9zbmlmZg0KDQo=
1791347877097826264,503,25003006014,736965,0,503 Service Unavailable,,,574,POST,http://proxy:8080/extract,Q29udGVudC1MZW5ndGg6IDExNQ0KQ29udGVudC1UeXBlOiBhcHBsaWNhdGlvbi9qc29uDQpSZXRyeS1BZnRlcjogMg0KWC1Db250ZW50LVR5cGUtT3B0aW9uczogbm9zbmlmZg0KDQo=
1791347876798951245,200,25324800137,10063439,0,,,,559,POST,http://proxy:8080/extract,Q29udGVudC1MZW5ndGg6IDQxMzA1DQpDb250ZW50LVR5cGU6IGFwcGxpY2F0aW9uL2pzb24NCkRhdGU6IFdlZCwgMDcgT2N0IDIwMjYgMDQ6Mzg6MjAgR01UDQpTZXJ2ZXItVGltaW5nOiBxdWV1ZTtkdXI9MC4wLCBleHRyYWN0O2R1cj0yOTIuMw0KWC1Db250ZW50LVR5cGUtT3B0aW9uczogbm9zbmlmZg0KDQo=
1791347877117244079,503,25021647126,10063439,0,503 Service Unavailable,,,575,POST,http://proxy:8080/extract,Q29udGVudC1MZW5ndGg6IDExNQ0KQ29udGVudC1UeXBlOiBhcHBsaWNhdGlvbi9qc29uDQpSZXRyeS1BZnRlcjogMg0KWC1Db250ZW50LVR5cGUtT3B0aW9uczogbm9zbmlmZg0KDQo=
1791347876456975158,200,25682478303,736965,0,,,,542,POST,http://proxy:8080/extract,Q29udGVudC1MZW5ndGg6IDc5Mjg5NQ0KQ29udGVudC1UeXBlOiBhcHBsaWNhdGlvbi9qc29uDQpEYXRlOiBXZWQsIDA3IE9jdCAyMDI2IDA0OjM4OjIwIEdNVA0KU2VydmVyLVRpbWluZzogcXVldWU7ZHVyPTAuMCwgZXh0cmFjdDtkdXI9NzIyLjYNClgtQ29udGVudC1UeXBlLU9wdGlvbnM6IG5vc25pZmYNCg0K
1791347876537349049,200,25657834817,736965,0,,,,546,POST,http://proxy:8080/extract,Q29udGVudC1MZW5ndGg6IDc5Mjg5NQ0KQ29udGVudC1UeXBlOiBhcHBsaWNhdGlvbi9qc29uDQpEYXRlOiBXZWQsIDA3IE9jdCAyMDI2IDA0OjM4OjIwIEdNVA0KU2VydmVyLVRpbWluZzogcXVldWU7ZHVyPTAuMCwgZXh0cmFjdDtkdXI9NjQ5LjcNClgtQ29udGVudC1UeXBlLU9wdGlvbnM6IG5vc25pZmYNCg0K
1791347877277309427,503,25028835997,10063439,0,503 Service Unavailable,,,583,POST,http://proxy:8080/extract,Q29udGVudC1MZW5ndGg6IDExNQ0KQ29udGVudC1UeXBlOiBhcHBsaWNhdGlvbi9qc29uDQpSZXRyeS1BZnRlcjogMg0KWC1Db250ZW50LVR5cGUtT3B0aW9uczogbm9zbmlmZg0KDQo=
1791347877337712694,503,25005712079,736965,0,503 Service Unavailable,,,586,POST,http://proxy:8080/extract,Q29udGVudC1MZW5ndGg6IDExNQ0KQ29udGVudC1UeXBlOiBhcHBsaWNhdGlvbi9qc29uDQpSZXRyeS1BZnRlcjogMg0KWC1Db250ZW50LVR5cGUtT3B0aW9uczogbm9zbmlmZg0KDQo=
1791347877357963972,503,25013175788,10063439,0,503 Service Unavailable,,,587,POST,http://proxy:8080/extract,Q29udGVudC1MZW5ndGg6IDExNQ0KQ29udGVudC1UeXBlOiBhcHBsaWNhdGlvbi9qc29uDQpSZXRyeS1BZnRlcjogMg0KWC1Db250ZW50LVR5cGUtT3B0aW9uczogbm9zbmlmZg0KDQo=
1791347876864713365,200,25554078587,736965,0,,,,562,POST,http://proxy:8080/extract,Q29udGVudC1MZW5ndGg6IDc5Mjg5NQ0KQ29udGVudC1UeXBlOiBhcHBsaWNhdGlvbi9qc29uDQpEYXRlOiBXZWQsIDA3IE9jdCAyMDI2IDA0OjM4OjIxIEdNVA0KU2VydmVyLVRpbWluZzogcXVldWU7ZHVyPTAuMCwgZXh0cmFjdDtkdXI9NTc4LjQNClgtQ29udGVudC1UeXBlLU9wdGlvbnM6IG5vc25pZmYNCg0K
1791347876782893490,200,25639622436,736965,0,,,,558,POST,http://proxy:8080/extract,Q29udGVudC1MZW5ndGg6IDc5Mjg5NQ0KQ29udGVudC1UeXBlOiBhcHBsaWNhdGlvbi9qc29uDQpEYXRlOiBXZWQsIDA3IE9jdCAyMDI2IDA0OjM4OjIxIEdNVA0KU2VydmVyLVRpbWluZzogcXVldWU7ZHVyPTAuMCwgZXh0cmFjdDtkdXI9NjYwLjMNClgtQ29udGVudC1UeXBlLU9wdGlvbnM6IG5vc25pZmYNCg0K
1791347877197151978,200,25270703607,10063439,0,,,,579,POST,http://proxy:8080/extract,Q29udGVudC1MZW5ndGg6IDQxMzA1DQpDb250ZW50LVR5cGU6IGFwcGxpY2F0aW9uL2pzb24NCkRhdGU6IFdlZCwgMDcgT2N0IDIwMjYgMDQ6Mzg6MjEgR01UDQpTZXJ2ZXItVGltaW5nOiBxdWV1ZTtkdXI9MC4wLCBleHRyYWN0O2R1cj0yNzUuNg0KWC1Db250ZW50LVR5cGUtT3B0aW9uczogbm9zbmlmZg0KDQo=
1791347877519124335,503,25009870999,10063439,0,503 Service Unavailable,,,595,POST,http://proxy:8080/extract,Q29udGVudC1MZW5ndGg6IDExNQ0KQ29udGVudC1UeXBlOiBhcHBsaWNhdGlvbi9qc29uDQpSZXRyeS1BZnRlcjogMg0KWC1Db250ZW50LVR5cGUtT3B0aW9uczogbm9zbmlmZg0KDQo=
1791347877581810651,503,25003011697,736965,0,503 Service Unavailable,,,598,POST,http://proxy:8080/extract,Q29udGVudC1MZW5ndGg6IDExNQ0KQ29udGVudC1UeXBlOiBhcHBsaWNhdGlvbi9qc29uDQpSZXRyeS1BZnRlcjogMg0KWC1Db250ZW50LVR5cGUtT3B0aW9uczogbm9zbmlmZg0KDQo=
1791347877599161860,503,25017717111,10063439,0,503 Service Unavailable,,,599,POST,http://proxy:8080/extract,Q29udGVudC1MZW5ndGg6IDExNQ0KQ29udGVudC1UeXBlOiBhcHBsaWNhdGlvbi9qc29uDQpSZXRyeS1BZnRlcjogMg0KWC1Db250ZW50LVR5cGUtT3B0aW9uczogbm9zbmlmZg0KDQo=
1791347877440792846,200,25211664603,10063439,0,,,,591,POST,http://proxy:8080/extract,Q29udGVudC1MZW5ndGg6IDQxMzA1DQpDb250ZW50LVR5cGU6IGFwcGxpY2F0aW9uL2pzb24NCkRhdGU6IFdlZCwgMDcgT2N0IDIwMjYgMDQ6Mzg6MjEgR01UDQpTZXJ2ZXItVGltaW5nOiBxdWV1ZTtkdXI9MC4wLCBleHRyYWN0O2R1cj0xOTUuNA0KWC1Db250ZW50LVR5cGUtT3B0aW9uczogbm9zbmlmZg0KDQo=
1791347877679178380,503,25011607623,10063439,0,503 Service Unavailable,,,603,POST,http://proxy:8080/extract,Q29udGVudC1MZW5ndGg6IDExNQ0KQ29udGVudC1UeXBlOiBhcHBsaWNhdGlvbi9qc29uDQpSZXRyeS1BZnRlcjogMg0KWC1Db250ZW50LVR5cGUtT3B0aW9uczogbm9zbmlmZg0KDQo=
1791347877743502018,503,25005368326,736965,0,503 Service Unavailable,,,606,POST,http://proxy:8080/extract,Q29udGVudC1MZW5ndGg6IDExNQ0KQ29udGVudC1UeXBlOiBhcHBsaWNhdGlvbi9qc29uDQpSZXRyeS1BZnRlcjogMg0KWC1Db250ZW50LVR5cGUtT3B0aW9uczogbm9zbmlmZg0KDQo=
1791347877757860739,503,25048089645,10063439,0,503 Service Unavailable,,,607,POST,http://proxy:8080/extract,Q29udGVudC1MZW5ndGg6IDExNQ0KQ29udGVudC1UeXBlOiBhcHBsaWNhdGlvbi9qc29uDQpSZXRyeS1BZnRlcjogMg0KWC1Db250ZW50LVR5cGUtT3B0aW9uczogbm9zbmlmZg0KDQo=
1791347877817373431,503,25002050208,736965,0,503 Service Unavailable,,,610,POST,http://proxy:8080/extract,Q29udGVudC1MZW5ndGg6IDExNQ0KQ29udGVudC1UeXBlOiBhcHBsaWNhdGlvbi9qc29uDQpSZXRyeS1BZnRlcjogMg0KWC1Db250ZW50LVR5cGUtT3B0aW9uczogbm9zbmlmZg0KDQo=
1791347877176932006,200,25644960781,736965,0,,,,578,POST,http://proxy:8080/extract,Q29udGVudC1MZW5ndGg6IDc5Mjg5NQ0KQ29udGVudC1UeXBlOiBhcHBsaWNhdGlvbi9qc29uDQpEYXRlOiBXZWQsIDA3IE9jdCAyMDI2IDA0OjM4OjIxIEdNVA0KU2VydmVyLVRpbWluZzogcXVldWU7ZHVyPTAuMCwgZXh0cmFjdDtkdXI9NjkyLjkNClgtQ29udGVudC1UeXBlLU9wdGlvbnM6IG5vc25pZmYNCg0K
1791347877257944822,200,25601822274,736965,0,,,,582,POST,http://proxy:8080/extract,Q29udGVudC1MZW5ndGg6IDc5Mjg5NQ0KQ29udGVudC1UeXBlOiBhcHBsaWNhdGlvbi9qc29uDQpEYXRlOiBXZWQsIDA3IE9jdCAyMDI2IDA0OjM4OjIxIEdNVA0KU2VydmVyLVRpbWluZzogcXVldWU7ZHVyPTAuMCwgZXh0cmFjdDtkdXI9NjczLjENClgtQ29udGVudC1UeXBlLU9wdGlvbnM6IG5vc25pZmYNCg0K
1791347877917425088,503,25022000718,10063439,0,503 Service Unavailable,,,615,POST,http://proxy:8080/extract,Q29udGVudC1MZW5ndGg6IDExNQ0KQ29udGVudC1UeXBlOiBhcHBsaWNhdGlvbi9qc29uDQpSZXRyeS1BZnRlcjogMg0KWC1Db250ZW50LVR5cGUtT3B0aW9uczogbm9zbmlmZg0KDQo=
1791347877429666960,200,25528049786,736965,0,,,,590,POST,http://proxy:8080/extract,Q29udGVudC1MZW5ndGg6IDc5Mjg5NQ0KQ29udGVudC1UeXBlOiBhcHBsaWNhdGlvbi9qc29uDQpEYXRlOiBXZWQsIDA3IE9jdCAyMDI2IDA0OjM4OjIyIEdNVA0KU2VydmVyLVRpbWluZzogcXVldWU7ZHVyPTAuMCwgZXh0cmFjdDtkdXI9NTMxLjMNClgtQ29udGVudC1UeXBlLU9wdGlvbnM6IG5vc25pZmYNCg0K
1791347877997193260,503,25018510517,10063439,0,503 Service Unavailable,,,619,POST,http://proxy:8080/extract,Q29udGVudC1MZW5ndGg6IDExNQ0KQ29udGVudC1UeXBlOiBhcHBsaWNhdGlvbi9qc29uDQpSZXRyeS1BZnRlcjogMg0KWC1Db250ZW50LVR5cGUtT3B0aW9uczogbm9zbmlmZg0KDQo=
1791347878057763860,503,25001585006,736965,0,503 Service Unavailable,,,622,POST,http://proxy:8080/extract,Q29udGVudC1MZW5ndGg6IDExNQ0KQ29udGVudC1UeXBlOiBhcHBsaWNhdGlvbi9qc29uDQpSZXRyeS1BZnRlcjogMg0KWC1Db250ZW50LVR5cGUtT3B0aW9uczogbm9zbmlmZg0KDQo=
1791347878088279155,503,25029326469,10063439,0,503 Service Unavailable,,,623,POST,http://proxy:8080/extract,Q29udGVudC1MZW5ndGg6IDExNQ0KQ29udGVudC1UeXBlOiBhcHBsaWNhdGlvbi9qc29uDQpSZXRyeS1BZnRlcjogMg0KWC1Db250ZW50LVR5cGUtT3B0aW9uczogbm9zbmlmZg0KDQo=
1791347878137235473,503,25001459872,736965,0,503 Service Unavailable,,,626,POST,http://proxy:8080/extract,Q29udGVudC1MZW5ndGg6IDExNQ0KQ29udGVudC1UeXBlOiBhcHBsaWNhdGlvbi9qc29uDQpSZXRyeS1BZnRlcjogMg0KWC1Db250ZW50LVR5cGUtT3B0aW9uczogbm9zbmlmZg0KDQo=
1791347878156894335,503,25024346288,10063439,0,503 Service Unavailable,,,627,POST,http://proxy:8080/extract,Q29udGVudC1MZW5ndGg6IDExNQ0KQ29udGVudC1UeXBlOiBhcHBsaWNhdGlvbi9qc29uDQpSZXRyeS1BZnRlcjogMg0KWC1Db250ZW50LVR5cGUtT3B0aW9uczogbm9zbmlmZg0KDQo=
1791347877837125612,200,25349651868,10063439,0,,,,611,POST,http://proxy:8080/extract,Q29udGVudC1MZW5ndGg6IDQxMzA1DQpDb250ZW50LVR5cGU6IGFwcGxpY2F0aW9uL2pzb24NCkRhdGU6IFdlZCwgMDcgT2N0IDIwMjYgMDQ6Mzg6MjEgR01UDQpTZXJ2ZXItVGltaW5nOiBxdWV1ZTtkdXI9MC4wLCBleHRyYWN0O2R1cj0zMDQuMA0KWC1Db250ZW50LVR5cGUtT3B0aW9uczogbm9zbmlmZg0KDQo=
1791347877515173559,200,25678445609,736965,0,,,,594,POST,http://proxy:8080/extract,Q29udGVudC1MZW5ndGg6IDc5Mjg5NQ0KQ29udGVudC1UeXBlOiBhcHBsaWNhdGlvbi9qc29uDQpEYXRlOiBXZWQsIDA3IE9jdCAyMDI2IDA0OjM4OjIxIEdNVA0KU2VydmVyLVRpbWluZzogcXVldWU7ZHVyPTAuMCwgZXh0cmFjdDtkdXI9NzExLjINClgtQ29udGVudC1UeXBlLU9wdGlvbnM6IG5vc25pZmYNCg0K
1791347877657662853,200,25565309967,736965,0,,,,602,POST,http://proxy:8080/extract,Q29udGVudC1MZW5ndGg6IDc5Mjg5NQ0KQ29udGVudC1UeXBlOiBhcHBsaWNhdGlvbi9qc29uDQpEYXRlOiBXZWQsIDA3IE9jdCAyMDI2IDA0OjM4OjIyIEdNVA0KU2VydmVyLVRpbWluZzogcXVldWU7ZHVyPTAuMCwgZXh0cmFjdDtkdXI9NTY0LjANClgtQ29udGVudC1UeXBlLU9wdGlvbnM6IG5vc25pZmYNCg0K
1791347878327339522,503,25017087311,10063439,0,503 Service Unavailable,,,635,POST,http://proxy:8080/extract,Q29udGVudC1MZW5ndGg6IDExNQ0KQ29udGVudC1UeXBlOiBhcHBsaWNhdGlvbi9qc29uDQpSZXRyeS1BZnRlcjogMg0KWC1Db250ZW50LVR5cGUtT3B0aW9uczogbm9zbmlmZg0KDQo=
1791347878377082595,503,25002313455,736965,0,503 Service Unavailable,,,638,POST,http://proxy:8080/extract,Q29udGVudC1MZW5ndGg6IDExNQ0KQ29udGVudC1UeXBlOiBhcHBsaWNhdGlvbi9qc29uDQpSZXRyeS1BZnRlcjogMg0KWC1Db250ZW50LVR5cGUtT3B0aW9uczogbm9zbmlmZg0KDQo=
1791347878397210249,503,25018396142,10063439,0,503 Service Unavailable,,,639,POST,http://proxy:8080/extract,Q29udGVudC1MZW5ndGg6IDExNQ0KQ29udGVudC1UeXBlOiBhcHBsaWNhdGlvbi9qc29uDQpSZXRyeS1BZnRlcjogMg0KWC1Db250ZW50LVR5cGUtT3B0aW9uczogbm9zbmlmZg0KDQo=
1791347877978329653,200,25476418674,736965,0,,,,618,POST,http://proxy:8080/extract,Q29udGVudC1MZW5ndGg6IDc5Mjg5NQ0KQ29udGVudC1UeXBlOiBhcHBsaWNhdGlvbi9qc29uDQpEYXRlOiBXZWQsIDA3IE9jdCAyMDI2IDA0OjM4OjIyIEdNVA0KU2VydmVyLVRpbWluZzogcXVldWU7ZHVyPTAuMCwgZXh0cmFjdDtkdXI9NDg1LjINClgtQ29udGVudC1UeXBlLU9wdGlvbnM6IG5vc25pZmYNCg0K
1791347877897074490,200,25576051885,736965,0,,,,614,POST,http://proxy:8080/extract,Q29udGVudC1MZW5ndGg6IDc5Mjg5NQ0KQ29udGVudC1UeXBlOiBhcHBsaWNhdGlvbi9qc29uDQpEYXRlOiBXZWQsIDA3IE9jdCAyMDI2IDA0OjM4OjIyIEdNVA0KU2VydmVyLVRpbWluZzogcXVldWU7ZHVyPTAuMCwgZXh0cmFjdDtkdXI9NjAzLjUNClgtQ29udGVudC1UeXBlLU9wdGlvbnM6IG5vc25pZmYNCg0K
1791347878537447201,503,25001499193,736965,0,503 Service Unavailable,,,646,POST,http://proxy:8080/extract,Q29udGVudC1MZW5ndGg6IDExNQ0KQ29udGVudC1UeXBlOiBhcHBsaWNhdGlvbi9qc29uDQpSZXRyeS1BZnRlcjogMg0KWC1Db250ZW50LVR5cGUtT3B0aW9uczogbm9zbmlmZg0KDQo=
1791347878239657396,200,25303231694,10063439,0,,,,631,POST,http://proxy:8080/extract,Q29udGVudC1MZW5ndGg6IDQxMzA1DQpDb250ZW50LVR5cGU6IGFwcGxpY2F0aW9uL2pzb24NCkRhdGU6IFdlZCwgMDcgT2N0IDIwMjYgMDQ6Mzg6MjIgR01UDQpTZXJ2ZXItVGltaW5nOiBxdWV1ZTtkdXI9MC4xLCBleHRyYWN0O2R1cj0zMTEuNw0KWC1Db250ZW50LVR5cGUtT3B0aW9uczogbm9zbmlmZg0KDQo=
1791347878617993126,503,25005473067,736965,0,503 Service Unavailable,,,650,POST,http://proxy:8080/extract,Q29udGVudC1MZW5ndGg6IDExNQ0KQ29udGVudC1UeXBlOiBhcHBsaWNhdGlvbi9qc29uDQpSZXRyeS1BZnRlcjogMg0KWC1Db250ZW50LVR5cGUtT3B0aW9uczogbm9zbmlmZg0KDQo=
1791347878652833471,503,25030264019,10063439,0,503 Service Unavailable,,,651,POST,http://proxy:8080/extract,Q29udGVudC1MZW5ndGg6IDExNQ0KQ29udGVudC1UeXBlOiBhcHBsaWNhdGlvbi9qc29uDQpSZXRyeS1BZnRlcjogMg0KWC1Db250ZW50LVR5cGUtT3B0aW9uczogbm9zbmlmZg0KDQo=
1791347878697590264,503,25005114497,736965,0,503 Service Unavailable,,,654,POST,http://proxy:8080/extract,Q29udGVudC1MZW5ndGg6IDExNQ0KQ29udGVudC1UeXBlOiBhcHBsaWNhdGlvbi9qc29uDQpSZXRyeS1BZnRlcjogMg0KWC1Db250ZW50LVR5cGUtT3B0aW9uczogbm9zbmlmZg0KDQo=
1791347878717158909,503,25011944107,10063439,0,503 Service Unavailable,,,655,POST,http://proxy:8080/extract,Q29udGVudC1MZW5ndGg6IDExNQ0KQ29udGVudC1UeXBlOiBhcHBsaWNhdGlvbi9qc29uDQpSZXRyeS1BZnRlcjogMg0KWC1Db250ZW50LVR5cGUtT3B0aW9uczogbm9zbmlmZg0KDQo=
1791347878223191461,200,25517605031,736965,0,,,,630,POST,http://proxy:8080/extract,Q29udGVudC1MZW5ndGg6IDc5Mjg5NQ0KQ29udGVudC1UeXBlOiBhcHBsaWNhdGlvbi9qc29uDQpEYXRlOiBXZWQsIDA3IE9jdCAyMDI2IDA0OjM4OjIyIEdNVA0KU2VydmVyLVRpbWluZzogcXVldWU7ZHVyPTAuMCwgZXh0cmFjdDtkdXI9NTQyLjQNClgtQ29udGVudC1UeXBlLU9wdGlvbnM6IG5vc25pZmYNCg0K
1791347878298700096,200,25444089096,736965,0,,,,634,POST,http://proxy:8080/extract,Q29udGVudC1MZW5ndGg6IDc5Mjg5NQ0KQ29udGVudC1UeXBlOiBhcHBsaWNhdGlvbi9qc29uDQpEYXRlOiBXZWQsIDA3IE9jdCAyMDI2IDA0OjM4OjIyIEdNVA0KU2VydmVyLVRpbWluZzogcXVldWU7ZHVyPTAuMCwgZXh0cmFjdDtkdXI9NTA3LjcNClgtQ29udGVudC1UeXBlLU9wdGlvbnM6IG5vc25pZmYNCg0K
1791347878476906707,200,25334421477,10063439,0,,,,643,POST,http://proxy:8080/extract,Q29udGVudC1MZW5ndGg6IDQxMzA1DQpDb250ZW50LVR5cGU6IGFwcGxpY2F0aW9uL2pzb24NCkRhdGU6IFdlZCwgMDcgT2N0IDIwMjYgMDQ6Mzg6MjIgR01UDQpTZXJ2ZXItVGltaW5nOiBxdWV1ZTtkdXI9My44LCBleHRyYWN0O2R1cj0yODIuMg0KWC1Db250ZW50LVR5cGUtT3B0aW9uczogbm9zbmlmZg0KDQo=
1791347878557722785,200,25302740840,10063439,0,,,,647,POST,http://proxy:8080/extract,Q29udGVudC1MZW5ndGg6IDQxMzA1DQpDb250ZW50LVR5cGU6IGFwcGxpY2F0aW9uL2pzb24NCkRhdGU6IFdlZCwgMDcgT2N0IDIwMjYgMDQ6Mzg6MjIgR01UDQpTZXJ2ZXItVGltaW5nOiBxdWV1ZTtkdXI9MC4xLCBleHRyYWN0O2R1cj0yOTQuNw0KWC1Db250ZW50LVR5cGUtT3B0aW9uczogbm9zbmlmZg0KDQo=
1791347878937700938,503,25015018865,736965,0,503 Service Unavailable,,,666,POST,http://proxy:8080/extract,Q29udGVudC1MZW5ndGg6IDExNQ0KQ29udGVudC1UeXBlOiBhcHBsaWNhdGlvbi9qc29uDQpSZXRyeS1BZnRlcjogMg0KWC1Db250ZW50LVR5cGUtT3B0aW9uczogbm9zbmlmZg0KDQo=
1791347878966373271,503,25033644388,10063439,0,503 Service Unavailable,,,667,POST,http://proxy:8080/extract,Q29udGVudC1MZW5ndGg6IDExNQ0KQ29udGVudC1UeXBlOiBhcHBsaWNhdGlvbi9qc29uDQpSZXRyeS1BZnRlcjogMg0KWC1Db250ZW50LVR5cGUtT3B0aW9uczogbm9zbmlmZg0KDQo=
1791347879017387093,503,25002933108,736965,0,503 Service Unavailable,,,670,POST,http://proxy:8080/extract,Q29udGVudC1MZW5ndGg6IDExNQ0KQ29udGVudC1UeXBlOiBhcHBsaWNhdGlvbi9qc29uDQpSZXRyeS1BZnRlcjogMg0KWC1Db250ZW50LVR5cGUtT3B0aW9uczogbm9zbmlmZg0KDQo=
1791347879044416104,503,25016111540,10063439,0,503 Service Unavailable,,,671,POST,http://proxy:8080/extract,Q29udGVudC1MZW5ndGg6IDExNQ0KQ29udGVudC1UeXBlOiBhcHBsaWNhdGlvbi9qc29uDQpSZXRyeS1BZnRlcjogMg0KWC1Db250ZW50LVR5cGUtT3B0aW9uczogbm9zbmlmZg0KDQo=
1791347878800437870,200,25277038145,10063439,0,,,,659,POST,http://proxy:8080/extract,Q29udGVudC1MZW5ndGg6IDQxMzA1DQpDb250ZW50LVR5cGU6IGFwcGxpY2F0aW9uL2pzb24NCkRhdGU6IFdlZCwgMDcgT2N0IDIwMjYgMDQ6Mzg6MjMgR01UDQpTZXJ2ZXItVGltaW5nOiBxdWV1ZTtkdXI9MC4wLCBleHRyYWN0O2R1cj0yODIuNQ0KWC1Db250ZW50LVR5cGUtT3B0aW9uczogbm9zbmlmZg0KDQo=
1791347878457786351,200,25638941136,736965,0,,,,642,POST,http://proxy:8080/extract,Q29udGVudC1MZW5ndGg6IDc5Mjg5NQ0KQ29udGVudC1UeXBlOiBhcHBsaWNhdGlvbi9qc29uDQpEYXRlOiBXZWQsIDA3IE9jdCAyMDI2IDA0OjM4OjIzIEdNVA0KU2VydmVyLVRpbWluZzogcXVldWU7ZHVyPTAuMCwgZXh0cmFjdDtkdXI9NjM3LjYNClgtQ29udGVudC1UeXBlLU9wdGlvbnM6IG5vc25pZmYNCg0K
1791347879179239692,503,25003700288,736965,0,503 Service Unavailable,,,678,POST,http://proxy:8080/extract,Q29udGVudC1MZW5ndGg6IDExNQ0KQ29udGVudC1UeXBlOiBhcHBsaWNhdGlvbi9qc29uDQpSZXRyeS1BZnRlcjogMg0KWC1Db250ZW50LVR5cGUtT3B0aW9uczogbm9zbmlmZg0KDQo=
1791347879197453370,503,25008593537,10063439,0,503 Service Unavailable,,,679,POST,http://proxy:8080/extract,Q29udGVudC1MZW5ndGg6IDExNQ0KQ29udGVudC1UeXBlOiBhcHBsaWNhdGlvbi9qc29uDQpSZXRyeS1BZnRlcjogMg0KWC1Db250ZW50LVR5cGUtT3B0aW9uczogbm9zbmlmZg0KDQo=
1791347878881137225,200,25340036146,10063439,0,,,,663,POST,http://proxy:8080/extract,Q29udGVudC1MZW5ndGg6IDQxMzA1DQpDb250ZW50LVR5cGU6IGFwcGxpY2F0aW9uL2pzb24NCkRhdGU6IFdlZCwgMDcgT2N0IDIwMjYgMDQ6Mzg6MjMgR01UDQpTZXJ2ZXItVGltaW5nOiBxdWV1ZTtkdXI9Mi42LCBleHRyYWN0O2R1cj0zMDIuOQ0KWC1Db250ZW50LVR5cGUtT3B0aW9uczogbm9zbmlmZg0KDQo=
1791347879277113521,503,25017123367,10063439,0,503 Service Unavailable,,,683,POST,http://proxy:8080/extract,Q29udGVudC1MZW5ndGg6IDExNQ0KQ29udGVudC1UeXBlOiBhcHBsaWNhdGlvbi9qc29uDQpSZXRyeS1BZnRlcjogMg0KWC1Db250ZW50LVR5cGUtT3B0aW9uczogbm9zbmlmZg0KDQo=
1791347878786099353,200,25527961919,736965,0,,,,658,POST,http://proxy:8080/extract,Q29udGVudC1MZW5ndGg6IDc5Mjg5NQ0KQ29udGVudC1UeXBlOiBhcHBsaWNhdGlvbi9qc29uDQpEYXRlOiBXZWQsIDA3IE9jdCAyMDI2IDA0OjM4OjIyIEdNVA0KU2VydmVyLVRpbWluZzogcXVldWU7ZHVyPTAuMCwgZXh0cmFjdDtkdXI9NTYxLjQNClgtQ29udGVudC1UeXBlLU9wdGlvbnM6IG5vc25pZmYNCg0K
1791347879117369837,200,25255607079,10063439,0,,,,675,POST,http://proxy:8080/extract,Q29udGVudC1MZW5ndGg6IDQxMzA1DQpDb250ZW50LVR5cGU6IGFwcGxpY2F0aW9uL2pzb24NCkRhdGU6IFdlZCwgMDcgT2N0IDIwMjYgMDQ6Mzg6MjMgR01UDQpTZXJ2ZXItVGltaW5nOiBxdWV1ZTtkdXI9MC4wLCBleHRyYWN0O2R1cj0yNTcuNg0KWC1Db250ZW50LVR5cGUtT3B0aW9uczogbm9zbmlmZg0KDQo=
1791347879357072530,503,25034907810,10063439,0,503 Service Unavailable,,,687,POST,http://proxy:8080/extract,Q29udGVudC1MZW5ndGg6IDExNQ0KQ29udGVudC1UeXBlOiBhcHBsaWNhdGlvbi9qc29uDQpSZXRyeS1BZnRlcjogMg0KWC1Db250ZW50LVR5cGUtT3B0aW9uczogbm9zbmlmZg0KDQo=
1791347879437051243,503,25024261882,10063439,0,503 Service Unavailable,,,691,POST,http://proxy:8080/extract,Q29udGVudC1MZW5ndGg6IDExNQ0KQ29udGVudC1UeXBlOiBhcHBsaWNhdGlvbi9qc29uDQpSZXRyeS1BZnRlcjogMg0KWC1Db250ZW50LVR5cGUtT3B0aW9uczogbm9zbmlmZg0KDQo=
1791347879506473983,503,25002993377,736965,0,503 Service Unavailable,,,694,POST,http://proxy:8080/extract,Q29udGVudC1MZW5ndGg6IDExNQ0KQ29udGVudC1UeXBlOiBhcHBsaWNhdGlvbi9qc29uDQpSZXRyeS1BZnRlcjogMg0KWC1Db250ZW50LVR5cGUtT3B0aW9uczogbm9zbmlmZg0KDQo=
1791347879522689168,503,25009581261,10063439,0,503 Service Unavailable,,,695,POST,http://proxy:8080/extract,Q29udGVudC1MZW5ndGg6IDExNQ0KQ29udGVudC1UeXBlOiBhcHBsaWNhdGlvbi9qc29uDQpSZXRyeS1BZnRlcjogMg0KWC1Db250ZW50LVR5cGUtT3B0aW9uczogbm9zbmlmZg0KDQo=
1791347879576888017,503,25009699155,736965,0,503 Service Unavailable,,,698,POST,http://proxy:8080/extract,Q29udGVudC1MZW5ndGg6IDExNQ0KQ29udGVudC1UeXBlOiBhcHBsaWNhdGlvbi9qc29uDQpSZXRyeS1BZnRlcjogMg0KWC1Db250ZW50LVR5cGUtT3B0aW9uczogbm9zbmlmZg0KDQo=
1791347879097240382,200,25532972338,736965,0,,,,674,POST,http://proxy:8080/extract,Q29udGVudC1MZW5ndGg6IDc5Mjg5NQ0KQ29udGVudC1UeXBlOiBhcHBsaWNhdGlvbi9qc29uDQpEYXRlOiBXZWQsIDA3IE9jdCAyMDI2IDA0OjM4OjIzIEdNVA0KU2VydmVyLVRpbWluZzogcXVldWU7ZHVyPTAuMCwgZXh0cmFjdDtkdXI9NTE1LjgNClgtQ29udGVudC1UeXBlLU9wdGlvbnM6IG5vc25pZmYNCg0K
1791347879597705206,503,25053564440,10063439,0,503 Service Unavailable,,,699,POST,http://proxy:8080/extract,Q29udGVudC1MZW5ndGg6IDExNQ0KQ29udGVudC1UeXBlOiBhcHBsaWNhdGlvbi9qc29uDQpSZXRyeS1BZnRlcjogMg0KWC1Db250ZW50LVR5cGUtT3B0aW9uczogbm9zbmlmZg0KDQo=
1791347879677698222,503,25016079453,10063439,0,503 Service Unavailable,,,703,POST,http://proxy:8080/extract,Q29udGVudC1MZW5ndGg6IDExNQ0KQ29udGVudC1UeXBlOiBhcHBsaWNhdGlvbi9qc29uDQpSZXRyeS1BZnRlcjogMg0KWC1Db250ZW50LVR5cGUtT3B0aW9uczogbm9zbmlmZg0KDQo=
1791347879737220116,503,25007917922,736965,0,503 Service Unavailable,,,706,POST,http://proxy:8080/extract,Q29udGVudC1MZW5ndGg6IDExNQ0KQ29udGVudC1UeXBlOiBhcHBsaWNhdGlvbi9qc29uDQpSZXRyeS1BZnRlcjogMg0KWC1Db250ZW50LVR5cGUtT3B0aW9uczogbm9zbmlmZg0KDQo=
1791347878857153613,200,25923288243,736965,0,,,,662,POST,http://proxy:8080/extract,Q29udGVudC1MZW5ndGg6IDc5Mjg5NQ0KQ29udGVudC1UeXBlOiBhcHBsaWNhdGlvbi9qc29uDQpEYXRlOiBXZWQsIDA3IE9jdCAyMDI2IDA0OjM4OjIzIEdNVA0KU2VydmVyLVRpbWluZzogcXVldWU7ZHVyPTAuMCwgZXh0cmFjdDtkdXI9OTYwLjgNClgtQ29udGVudC1UeXBlLU9wdGlvbnM6IG5vc25pZmYNCg0K
1791347879757466794,503,25039420284,10063439,0,503 Service Unavailable,,,707,POST,http://proxy:8080/extract,Q29udGVudC1MZW5ndGg6IDExNQ0KQ29udGVudC1UeXBlOiBhcHBsaWNhdGlvbi9qc29uDQpSZXRyeS1BZnRlcjogMg0KWC1Db250ZW50LVR5cGUtT3B0aW9uczogbm9zbmlmZg0KDQo=
1791347879837345188,503,25009154011,10063439,0,503 Service Unavailable,,,711,POST,http://proxy:8080/extract,Q29udGVudC1MZW5ndGg6IDExNQ0KQ29udGVudC1UeXBlOiBhcHBsaWNhdGlvbi9qc29uDQpSZXRyeS1BZnRlcjogMg0KWC1Db250ZW50LVR5cGUtT3B0aW9uczogbm9zbmlmZg0KDQo=
1791347879265050451,200,25644455694,736965,0,,,,682,POST,http://proxy:8080/extract,Q29udGVudC1MZW5ndGg6IDc5Mjg5NQ0KQ29udGVudC1UeXBlOiBhcHBsaWNhdGlvbi9qc29uDQpEYXRlOiBXZWQsIDA3IE9jdCAyMDI2IDA0OjM4OjIzIEdNVA0KU2VydmVyLVRpbWluZzogcXVldWU7ZHVyPTAuMCwgZXh0cmFjdDtkdXI9NjgwLjMNClgtQ29udGVudC1UeXBlLU9wdGlvbnM6IG5vc25pZmYNCg0K
1791347879917852257,503,25017234701,10063439,0,503 Service Unavailable,,,715,POST,http://proxy:8080/extract,Q29udGVudC1MZW5ndGg6IDExNQ0KQ29udGVudC1UeXBlOiBhcHBsaWNhdGlvbi9qc29uDQpSZXRyeS1BZnRlcjogMg0KWC1Db250ZW50LVR5cGUtT3B0aW9uczogbm9zbmlmZg0KDQo=
1791347879987795516,503,25019512693,736965,0,503 Service Unavailable,,,718,POST,http://proxy:8080/extract,Q29udGVudC1MZW5ndGg6IDExNQ0KQ29udGVudC1UeXBlOiBhcHBsaWNhdGlvbi9qc29uDQpSZXRyeS1BZnRlcjogMg0KWC1Db250ZW50LVR5cGUtT3B0aW9uczogbm9zbmlmZg0KDQo=
1791347879337839952,200,25708050817,736965,0,,,,686,POST,http://proxy:8080/extract,Q29udGVudC1MZW5ndGg6IDc5Mjg5NQ0KQ29udGVudC1UeXBlOiBhcHBsaWNhdGlvbi9qc29uDQpEYXRlOiBXZWQsIDA3IE9jdCAyMDI2IDA0OjM4OjIzIEdNVA0KU2VydmVyLVRpbWluZzogcXVldWU7ZHVyPTAuMCwgZXh0cmFjdDtkdXI9NzI3LjcNClgtQ29udGVudC1UeXBlLU9wdGlvbnM6IG5vc25pZmYNCg0K
1791347879421412571,200,25628427972,736965,0,,,,690,POST,http://proxy:8080/extract,Q29udGVudC1MZW5ndGg6IDc5Mjg5NQ0KQ29udGVudC1UeXBlOiBhcHBsaWNhdGlvbi9qc29uDQpEYXRlOiBXZWQsIDA3IE9jdCAyMDI2IDA0OjM4OjI0IEdNVA0KU2VydmVyLVRpbWluZzogcXVldWU7ZHVyPTAuMCwgZXh0cmFjdDtkdXI9NjUyLjgNClgtQ29udGVudC1UeXBlLU9wdGlvbnM6IG5vc25pZmYNCg0K
1791347879999903650,503,25066808599,10063439,0,503 Service Unavailable,,,719,POST,http://proxy:8080/extract,Q29udGVudC1MZW5ndGg6IDExNQ0KQ29udGVudC1UeXBlOiBhcHBsaWNhdGlvbi9qc29uDQpSZXRyeS1BZnRlcjogMg0KWC1Db250ZW50LVR5cGUtT3B0aW9uczogbm9zbmlmZg0KDQo=
1791347880137196546,503,25002225150,736965,0,503 Service Unavailable,,,726,POST,http://proxy:8080/extract,Q29udGVudC1MZW5ndGg6IDExNQ0KQ29udGVudC1UeXBlOiBhcHBsaWNhdGlvbi9qc29uDQpSZXRyeS1BZnRlcjogMg0KWC1Db250ZW50LVR5cGUtT3B0aW9uczogbm9zbmlmZg0KDQo=
1791347880157043335,503,25038474052,10063439,0,503 Service Unavailable,,,727,POST,http://proxy:8080/extract,Q29udGVudC1MZW5ndGg6IDExNQ0KQ29udGVudC1UeXBlOiBhcHBsaWNhdGlvbi9qc29uDQpSZXRyeS1BZnRlcjogMg0KWC1Db250ZW50LVR5cGUtT3B0aW9uczogbm9zbmlmZg0KDQo=
1791347880217333254,503,25006083400,736965,0,503 Service Unavailable,,,730,POST,http://proxy:8080/extract,Q29udGVudC1MZW5ndGg6IDExNQ0KQ29udGVudC1UeXBlOiBhcHBsaWNhdGlvbi9qc29uDQpSZXRyeS1BZnRlcjogMg0KWC1Db250ZW50LVR5cGUtT3B0aW9uczogbm9zbmlmZg0KDQo=
1791347880241141539,503,25012186376,10063439,0,503 Service Unavailable,,,731,POST,http://proxy:8080/extract,Q29udGVudC1MZW5ndGg6IDExNQ0KQ29udGVudC1UeXBlOiBhcHBsaWNhdGlvbi9qc29uDQpSZXRyeS1BZnRlcjogMg0KWC1Db250ZW50LVR5cGUtT3B0aW9uczogbm9zbmlmZg0KDQo=
1791347880297773522,503,25008100389,736965,0,503 Service Unavailable,,,734,POST,http://proxy:8080/extract,Q29udGVudC1MZW5ndGg6IDExNQ0KQ29udGVudC1UeXBlOiBhcHBsaWNhdGlvbi9qc29uDQpSZXRyeS1BZnRlcjogMg0KWC1Db250ZW50LVR5cGUtT3B0aW9uczogbm9zbmlmZg0KDQo=
1791347880324153125,503,25024595787,10063439,0,503 Service Unavailable,,,735,POST,http://proxy:8080/extract,Q29udGVudC1MZW5ndGg6IDExNQ0KQ29udGVudC1UeXBlOiBhcHBsaWNhdGlvbi9qc29uDQpSZXRyeS1BZnRlcjogMg0KWC1Db250ZW50LVR5cGUtT3B0aW9uczogbm9zbmlmZg0KDQo=
1791347879656840024,200,25707000345,736965,0,,,,702,POST,http://proxy:8080/extract,Q29udGVudC1MZW5ndGg6IDc5Mjg5NQ0KQ29udGVudC1UeXBlOiBhcHBsaWNhdGlvbi9qc29uDQpEYXRlOiBXZWQsIDA3IE9jdCAyMDI2IDA0OjM4OjI0IEdNVA0KU2VydmVyLVRpbWluZzogcXVldWU7ZHVyPTAuMCwgZXh0cmFjdDtkdXI9NzI3LjgNClgtQ29udGVudC1UeXBlLU9wdGlvbnM6IG5vc25pZmYNCg0K
1791347880397376543,503,25019398198,10063439,0,503 Service Unavailable,,,739,POST,http://proxy:8080/extract,Q29udGVudC1MZW5ndGg6IDExNQ0KQ29udGVudC1UeXBlOiBhcHBsaWNhdGlvbi9qc29uDQpSZXRyeS1BZnRlcjogMg0KWC1Db250ZW50LVR5cGUtT3B0aW9uczogbm9zbmlmZg0KDQo=
1791347880077273101,200,25375003196,10063439,0,,,,723,POST,http://proxy:8080/extract,Q29udGVudC1MZW5ndGg6IDQxMzA1DQpDb250ZW50LVR5cGU6IGFwcGxpY2F0aW9uL2pzb24NCkRhdGU6IFdlZCwgMDcgT2N0IDIwMjYgMDQ6Mzg6MjQgR01UDQpTZXJ2ZXItVGltaW5nOiBxdWV1ZTtkdXI9MC4xLCBleHRyYWN0O2R1cj0zMjAuNw0KWC1Db250ZW50LVR5cGUtT3B0aW9uczogbm9zbmlmZg0KDQo=
1791347880477589666,503,25042762570,10063439,0,503 Service Unavailable,,,743,POST,http://proxy:8080/extract,Q29udGVudC1MZW5ndGg6IDExNQ0KQ29udGVudC1UeXBlOiBhcHBsaWNhdGlvbi9qc29uDQpSZXRyeS1BZnRlcjogMg0KWC1Db250ZW50LVR5cGUtT3B0aW9uczogbm9zbmlmZg0KDQo=
1791347880545540524,503,25004089349,736965,0,503 Service Unavailable,,,746,POST,http://proxy:8080/extract,Q29udGVudC1MZW5ndGg6IDExNQ0KQ29udGVudC1UeXBlOiBhcHBsaWNhdGlvbi9qc29uDQpSZXRyeS1BZnRlcjogMg0KWC1Db250ZW50LVR5cGUtT3B0aW9uczogbm9zbmlmZg0KDQo=
1791347880559522034,503,25028076279,10063439,0,503 Service Unavailable,,,747,POST,http://proxy:8080/extract,Q29udGVudC1MZW5ndGg6IDExNQ0KQ29udGVudC1UeXBlOiBhcHBsaWNhdGlvbi9qc29uDQpSZXRyeS1BZnRlcjogMg0KWC1Db250ZW50LVR5cGUtT3B0aW9uczogbm9zbmlmZg0KDQo=
1791347880617902269,503,25004007367,736965,0,503 Service Unavailable,,,750,POST,http://proxy:8080/extract,Q29udGVudC1MZW5ndGg6IDExNQ0KQ29udGVudC1UeXBlOiBhcHBsaWNhdGlvbi9qc29uDQpSZXRyeS1BZnRlcjogMg0KWC1Db250ZW50LVR5cGUtT3B0aW9uczogbm9zbmlmZg0KDQo=
1791347880637748658,503,25008922730,10063439,0,503 Service Unavailable,,,751,POST,http://proxy:8080/extract,Q29udGVudC1MZW5ndGg6IDExNQ0KQ29udGVudC1UeXBlOiBhcHBsaWNhdGlvbi9qc29uDQpSZXRyeS1BZnRlcjogMg0KWC1Db250ZW50LVR5cGUtT3B0aW9uczogbm9zbmlmZg0KDQo=
1791347879817149120,200,25845337166,736965,0,,,,710,POST,http://proxy:8080/extract,Q29udGVudC1MZW5ndGg6IDc5Mjg5NQ0KQ29udGVudC1UeXBlOiBhcHBsaWNhdGlvbi9qc29uDQpEYXRlOiBXZWQsIDA3IE9jdCAyMDI2IDA0OjM4OjIzIEdNVA0KU2VydmVyLVRpbWluZzogcXVldWU7ZHVyPTAuMCwgZXh0cmFjdDtkdXI9ODc3LjcNClgtQ29udGVudC1UeXBlLU9wdGlvbnM6IG5vc25pZmYNCg0K
1791347880062242680,200,25678982535,736965,0,,,,722,POST,http://proxy:8080/extract,Q29udGVudC1MZW5ndGg6IDc5Mjg5NQ0KQ29udGVudC1UeXBlOiBhcHBsaWNhdGlvbi9qc29uDQpEYXRlOiBXZWQsIDA3IE9jdCAyMDI2IDA0OjM4OjI0IEdNVA0KU2VydmVyLVRpbWluZzogcXVldWU7ZHVyPTAuMCwgZXh0cmFjdDtkdXI9NjY5LjANClgtQ29udGVudC1UeXBlLU9wdGlvbnM6IG5vc25pZmYNCg0K
1791347880722402174,503,25028060351,10063439,0,503 Service Unavailable,,,755,POST,http://proxy:8080/extract,Q29udGVudC1MZW5ndGg6IDExNQ0KQ29udGVudC1UeXBlOiBhcHBsaWNhdGlvbi9qc29uDQpSZXRyeS1BZnRlcjogMg0KWC1Db250ZW50LVR5cGUtT3B0aW9uczogbm9zbmlmZg0KDQo=
1791347880800150801,503,25015651727,10063439,0,503 Service Unavailable,,,759,POST,http://proxy:8080/extract,Q29udGVudC1MZW5ndGg6IDExNQ0KQ29udGVudC1UeXBlOiBhcHBsaWNhdGlvbi9qc29uDQpSZXRyeS1BZnRlcjogMg0KWC1Db250ZW50LVR5cGUtT3B0aW9uczogbm9zbmlmZg0KDQo=
1791347880857660161,503,25009571244,736965,0,503 Service Unavailable,,,762,POST,http://proxy:8080/extract,Q29udGVudC1MZW5ndGg6IDExNQ0KQ29udGVudC1UeXBlOiBhcHBsaWNhdGlvbi9qc29uDQpSZXRyeS1BZnRlcjogMg0KWC1Db250ZW50LVR5cGUtT3B0aW9uczogbm9zbmlmZg0KDQo=
1791347880877919633,503,25008841899,10063439,0,503 Service Unavailable,,,763,POST,http://proxy:8080/extract,Q29udGVudC1MZW5ndGg6IDExNQ0KQ29udGVudC1UeXBlOiBhcHBsaWNhdGlvbi9qc29uDQpSZXRyeS1BZnRlcjogMg0KWC1Db250ZW50LVR5cGUtT3B0aW9uczogbm9zbmlmZg0KDQo=
1791347880937289667,503,25013927594,736965,0,503 Service Unavailable,,,766,POST,http://proxy:8080/extract,Q29udGVudC1MZW5ndGg6IDExNQ0KQ29udGVudC1UeXBlOiBhcHBsaWNhdGlvbi9qc29uDQpSZXRyeS1BZnRlcjogMg0KWC1Db250ZW50LVR5cGUtT3B0aW9uczogbm9zbmlmZg0KDQo=
1791347880377206989,200,25579469142,736965,0,,,,738,POST,http://proxy:8080/extract,Q29udGVudC1MZW5ndGg6IDc5Mjg5NQ0KQ29udGVudC1UeXBlOiBhcHBsaWNhdGlvbi9qc29uDQpEYXRlOiBXZWQsIDA3IE9jdCAyMDI2IDA0OjM4OjI0IEdNVA0KU2VydmVyLVRpbWluZzogcXVldWU7ZHVyPTAuMCwgZXh0cmFjdDtkdXI9NTg0LjANClgtQ29udGVudC1UeXBlLU9wdGlvbnM6IG5vc25pZmYNCg0K
1791347881017501990,503,25006150865,736965,0,503 Service Unavailable,,,770,POST,http://proxy:8080/extract,Q29udGVudC1MZW5ndGg6IDExNQ0KQ29udGVudC1UeXBlOiBhcHBsaWNhdGlvbi9qc29uDQpSZXRyeS1BZnRlcjogMg0KWC1Db250ZW50LVR5cGUtT3B0aW9uczogbm9zbmlmZg0KDQo=
1791347879897110688,200,26142160627,736965,0,,,,714,POST,http://proxy:8080/extract,Q29udGVudC1MZW5ndGg6IDc5Mjg5NQ0KQ29udGVudC1UeXBlOiBhcHBsaWNhdGlvbi9qc29uDQpEYXRlOiBXZWQsIDA3IE9jdCAyMDI2IDA0OjM4OjI0IEdNVA0KU2VydmVyLVRpbWluZzogcXVldWU7ZHVyPTAuMiwgZXh0cmFjdDtkdXI9MTA2OS4yDQpYLUNvbnRlbnQtVHlwZS1PcHRpb25zOiBub3NuaWZmDQoNCg==
1791347881096867242,503,25004007444,736965,0,503 Service Unavailable,,,774,POST,http://proxy:8080/extract,Q29udGVudC1MZW5ndGg6IDExNQ0KQ29udGVudC1UeXBlOiBhcHBsaWNhdGlvbi9qc29uDQpSZXRyeS1BZnRlcjogMg0KWC1Db250ZW50LVR5cGUtT3B0aW9uczogbm9zbmlmZg0KDQo=
1791347880457444717,200,25647575081,736965,0,,,,742,POST,http://proxy:8080/extract,Q29udGVudC1MZW5ndGg6IDc5Mjg5NQ0KQ29udGVudC1UeXBlOiBhcHBsaWNhdGlvbi9qc29uDQpEYXRlOiBXZWQsIDA3IE9jdCAyMDI2IDA0OjM4OjI1IEdNVA0KU2VydmVyLVRpbWluZzogcXVldWU7ZHVyPTAuMCwgZXh0cmFjdDtkdXI9NjQxLjYNClgtQ29udGVudC1UeXBlLU9wdGlvbnM6IG5vc25pZmYNCg0K
1791347881179043860,503,25008083526,736965,0,503 Service Unavailable,,,778,POST,http://proxy:8080/extract,Q29udGVudC1MZW5ndGg6IDExNQ0KQ29udGVudC1UeXBlOiBhcHBsaWNhdGlvbi9qc29uDQpSZXRyeS1BZnRlcjogMg0KWC1Db250ZW50LVR5cGUtT3B0aW9uczogbm9zbmlmZg0KDQo=
1791347881197717513,503,25024447639,10063439,0,503 Service Unavailable,,,779,POST,http://proxy:8080/extract,Q29udGVudC1MZW5ndGg6IDExNQ0KQ29udGVudC1UeXBlOiBhcHBsaWNhdGlvbi9qc29uDQpSZXRyeS1BZnRlcjogMg0KWC1Db250ZW50LVR5cGUtT3B0aW9uczogbm9zbmlmZg0KDQo=
1791347880697589686,200,25526569456,736965,0,,,,754,POST,http://proxy:8080/extract,Q29udGVudC1MZW5ndGg6IDc5Mjg5NQ0KQ29udGVudC1UeXBlOiBhcHBsaWNhdGlvbi9qc29uDQpEYXRlOiBXZWQsIDA3IE9jdCAyMDI2IDA0OjM4OjI0IEdNVA0KU2VydmVyLVRpbWluZzogcXVldWU7ZHVyPTAuMCwgZXh0cmFjdDtkdXI9NTM5LjcNClgtQ29udGVudC1UeXBlLU9wdGlvbnM6IG5vc25pZmYNCg0K
1791347880967292197,200,25299309962,10063439,0,,,,767,POST,http://proxy:8080/extract,Q29udGVudC1MZW5ndGg6IDQxMzA1DQpDb250ZW50LVR5cGU6IGFwcGxpY2F0aW9uL2pzb24NCkRhdGU6IFdlZCwgMDcgT2N0IDIwMjYgMDQ6Mzg6MjUgR01UDQpTZXJ2ZXItVGltaW5nOiBxdWV1ZTtkdXI9MC4wLCBleHRyYWN0O2R1cj0yODMuMA0KWC1Db250ZW50LVR5cGUtT3B0aW9uczogbm9zbmlmZg0KDQo=
1791347881037477505,200,25251097459,10063439,0,,,,771,POST,http://proxy:8080/extract,Q29udGVudC1MZW5ndGg6IDQxMzA1DQpDb250ZW50LVR5cGU6IGFwcGxpY2F0aW9uL2pzb24NCkRhdGU6IFdlZCwgMDcgT2N0IDIwMjYgMDQ6Mzg6MjUgR01UDQpTZXJ2ZXItVGltaW5nOiBxdWV1ZTtkdXI9MC4wLCBleHRyYWN0O2R1cj0yMDIuMA0KWC1Db250ZW50LVR5cGUtT3B0aW9uczogbm9zbmlmZg0KDQo=
1791347880776914531,200,25610337868,736965,0,,,,758,POST,http://proxy:8080/extract,Q29udGVudC1MZW5ndGg6IDc5Mjg5NQ0KQ29udGVudC1UeXBlOiBhcHBsaWNhdGlvbi9qc29uDQpEYXRlOiBXZWQsIDA3IE9jdCAyMDI2IDA0OjM4OjI0IEdNVA0KU2VydmVyLVRpbWluZzogcXVldWU7ZHVyPTAuMCwgZXh0cmFjdDtkdXI9NjI5LjQNClgtQ29udGVudC1UeXBlLU9wdGlvbnM6IG5vc25pZmYNCg0K
1791347881357953121,503,25030970306,10063439,0,503 Service Unavailable,,,787,POST,http://proxy:8080/extract,Q29udGVudC1MZW5ndGg6IDExNQ0KQ29udGVudC1UeXBlOiBhcHBsaWNhdGlvbi9qc29uDQpSZXRyeS1BZnRlcjogMg0KWC1Db250ZW50LVR5cGUtT3B0aW9uczogbm9zbmlmZg0KDQo=
1791347881125680934,200,25290368308,10063439,0,,,,775,POST,http://proxy:8080/extract,Q29udGVudC1MZW5ndGg6IDQxMzA1DQpDb250ZW50LVR5cGU6IGFwcGxpY2F0aW9uL2pzb24NCkRhdGU6IFdlZCwgMDcgT2N0IDIwMjYgMDQ6Mzg6MjUgR01UDQpTZXJ2ZXItVGltaW5nOiBxdWV1ZTtkdXI9MC4xLCBleHRyYWN0O2R1cj0yODAuMw0KWC1Db250ZW50LVR5cGUtT3B0aW9uczogbm9zbmlmZg0KDQo=
1791347881506235226,503,25007885232,736965,0,503 Service Unavailable,,,794,POST,http://proxy:8080/extract,Q29udGVudC1MZW5ndGg6IDExNQ0KQ29udGVudC1UeXBlOiBhcHBsaWNhdGlvbi9qc29uDQpSZXRyeS1BZnRlcjogMg0KWC1Db250ZW50LVR5cGUtT3B0aW9uczogbm9zbmlmZg0KDQo=
1791347881517729036,503,25019285408,10063439,0,503 Service Unavailable,,,795,POST,http://proxy:8080/extract,Q29udGVudC1MZW5ndGg6IDExNQ0KQ29udGVudC1UeXBlOiBhcHBsaWNhdGlvbi9qc29uDQpSZXRyeS1BZnRlcjogMg0KWC1Db250ZW50LVR5cGUtT3B0aW9uczogbm9zbmlmZg0KDQo=
1791347881277790608,200,25301180757,10063439,0,,,,783,POST,http://proxy:8080/extract,Q29udGVudC1MZW5ndGg6IDQxMzA1DQpDb250ZW50LVR5cGU6IGFwcGxpY2F0aW9uL2pzb24NCkRhdGU6IFdlZCwgMDcgT2N0IDIwMjYgMDQ6Mzg6MjUgR01UDQpTZXJ2ZXItVGltaW5nOiBxdWV1ZTtkdXI9MC4wLCBleHRyYWN0O2R1cj0yNzIuOQ0KWC1Db250ZW50LVR5cGUtT3B0aW9uczogbm9zbmlmZg0KDQo=
1791347881601804236,503,25015506542,10063439,0,503 Service Unavailable,,,799,POST,http://proxy:8080/extract,Q29udGVudC1MZW5ndGg6IDExNQ0KQ29udGVudC1UeXBlOiBhcHBsaWNhdGlvbi9qc29uDQpSZXRyeS1BZnRlcjogMg0KWC1Db250ZW50LVR5cGUtT3B0aW9uczogbm9zbmlmZg0KDQo=
1791347881664433624,503,25002606498,736965,0,503 Service Unavailable,,,802,POST,http://proxy:8080/extract,Q29udGVudC1MZW5ndGg6IDExNQ0KQ29udGVudC1UeXBlOiBhcHBsaWNhdGlvbi9qc29uDQpSZXRyeS1BZnRlcjogMg0KWC1Db250ZW50LVR5cGUtT3B0aW9uczogbm9zbmlmZg0KDQo=
1791347881679945242,503,25015892222,10063439,0,503 Service Unavailable,,,803,POST,http://proxy:8080/extract,Q29udGVudC1MZW5ndGg6IDExNQ0KQ29udGVudC1UeXBlOiBhcHBsaWNhdGlvbi9qc29uDQpSZXRyeS1BZnRlcjogMg0KWC1Db250ZW50LVR5cGUtT3B0aW9uczogbm9zbmlmZg0KDQo=
1791347881257424215,200,25453488603,736965,0,,,,782,POST,http://proxy:8080/extract,Q29udGVudC1MZW5ndGg6IDc5Mjg5NQ0KQ29udGVudC1UeXBlOiBhcHBsaWNhdGlvbi9qc29uDQpEYXRlOiBXZWQsIDA3IE9jdCAyMDI2IDA0OjM4OjI1IEdNVA0KU2VydmVyLVRpbWluZzogcXVldWU7ZHVyPTAuMCwgZXh0cmFjdDtkdXI9NDc1LjkNClgtQ29udGVudC1UeXBlLU9wdGlvbnM6IG5vc25pZmYNCg0K
1791347881342454006,200,25404260427,736965,0,,,,786,POST,http://proxy:8080/extract,Q29udGVudC1MZW5ndGg6IDc5Mjg5NQ0KQ29udGVudC1UeXBlOiBhcHBsaWNhdGlvbi9qc29uDQpEYXRlOiBXZWQsIDA3IE9jdCAyMDI2IDA0OjM4OjI1IEdNVA0KU2VydmVyLVRpbWluZzogcXVldWU7ZHVyPTAuMCwgZXh0cmFjdDtkdXI9NDU0LjENClgtQ29udGVudC1UeXBlLU9wdGlvbnM6IG5vc25pZmYNCg0K
1791347881437419494,200,25370160766,10063439,0,,,,791,POST,http://proxy:8080/extract,Q29udGVudC1MZW5ndGg6IDQxMzA1DQpDb250ZW50LVR5cGU6IGFwcGxpY2F0aW9uL2pzb24NCkRhdGU6IFdlZCwgMDcgT2N0IDIwMjYgMDQ6Mzg6MjYgR01UDQpTZXJ2ZXItVGltaW5nOiBxdWV1ZTtkdXI9MC4wLCBleHRyYWN0O2R1cj0zMzYuNQ0KWC1Db250ZW50LVR5cGUtT3B0aW9uczogbm9zbmlmZg0KDQo=
1791347881837661144,503,25010087086,10063439,0,503 Service Unavailable,,,811,POST,http://proxy:8080/extract,Q29udGVudC1MZW5ndGg6IDExNQ0KQ29udGVudC1UeXBlOiBhcHBsaWNhdGlvbi9qc29uDQpSZXRyeS1BZnRlcjogMg0KWC1Db250ZW50LVR5cGUtT3B0aW9uczogbm9zbmlmZg0KDQo=
1791347881897341439,503,25001842170,736965,0,503 Service Unavailable,,,814,POST,http://proxy:8080/extract,Q29udGVudC1MZW5ndGg6IDExNQ0KQ29udGVudC1UeXBlOiBhcHBsaWNhdGlvbi9qc29uDQpSZXRyeS1BZnRlcjogMg0KWC1Db250ZW50LVR5cGUtT3B0aW9uczogbm9zbmlmZg0KDQo=
1791347881917457783,503,25009003771,10063439,0,503 Service Unavailable,,,815,POST,http://proxy:8080/extract,Q29udGVudC1MZW5ndGg6IDExNQ0KQ29udGVudC1UeXBlOiBhcHBsaWNhdGlvbi9qc29uDQpSZXRyeS1BZnRlcjogMg0KWC1Db250ZW50LVR5cGUtT3B0aW9uczogbm9zbmlmZg0KDQo=
1791347881978349322,503,25004636207,736965,0,503 Service Unavailable,,,818,POST,http://proxy:8080/extract,Q29udGVudC1MZW5ndGg6IDExNQ0KQ29udGVudC1UeXBlOiBhcHBsaWNhdGlvbi9qc29uDQpSZXRyeS1BZnRlcjogMg0KWC1Db250ZW50LVR5cGUtT3B0aW9uczogbm9zbmlmZg0KDQo=
1791347881997899152,503,25009830726,10063439,0,503 Service Unavailable,,,819,POST,http://proxy:8080/extract,Q29udGVudC1MZW5ndGg6IDExNQ0KQ29udGVudC1UeXBlOiBhcHBsaWNhdGlvbi9qc29uDQpSZXRyeS1BZnRlcjogMg0KWC1Db250ZW50LVR5cGUtT3B0aW9uczogbm9zbmlmZg0KDQo=
1791347881757896811,200,25263423529,10063439,0,,,,807,POST,http://proxy:8080/extract,Q29udGVudC1MZW5ndGg6IDQxMzA1DQpDb250ZW50LVR5cGU6IGFwcGxpY2F0aW9uL2pzb24NCkRhdGU6IFdlZCwgMDcgT2N0IDIwMjYgMDQ6Mzg6MjUgR01UDQpTZXJ2ZXItVGltaW5nOiBxdWV1ZTtkdXI9MC4wLCBleHRyYWN0O2R1cj0yNDIuNw0KWC1Db250ZW50LVR5cGUtT3B0aW9uczogbm9zbmlmZg0KDQo=
1791347881417882867,200,25639562152,736965,0,,,,790,POST,http://proxy:8080/extract,Q29udGVudC1MZW5ndGg6IDc5Mjg5NQ0KQ29udGVudC1UeXBlOiBhcHBsaWNhdGlvbi9qc29uDQpEYXRlOiBXZWQsIDA3IE9jdCAyMDI2IDA0OjM4OjI1IEdNVA0KU2VydmVyLVRpbWluZzogcXVldWU7ZHVyPTAuMCwgZXh0cmFjdDtkdXI9NjY3LjENClgtQ29udGVudC1UeXBlLU9wdGlvbnM6IG5vc25pZmYNCg0K
1791347882143403799,503,25007396512,736965,0,503 Service Unavailable,,,826,POST,http://proxy:8080/extract,Q29udGVudC1MZW5ndGg6IDExNQ0KQ29udGVudC1UeXBlOiBhcHBsaWNhdGlvbi9qc29uDQpSZXRyeS1BZnRlcjogMg0KWC1Db250ZW50LVR5cGUtT3B0aW9uczogbm9zbmlmZg0KDQo=
1791347882159697374,503,25013238574,10063439,0,503 Service Unavailable,,,827,POST,http://proxy:8080/extract,Q29udGVudC1MZW5ndGg6IDExNQ0KQ29udGVudC1UeXBlOiBhcHBsaWNhdGlvbi9qc29uDQpSZXRyeS1BZnRlcjogMg0KWC1Db250ZW50LVR5cGUtT3B0aW9uczogbm9zbmlmZg0KDQo=
1791347882217666926,503,25009787305,736965,0,503 Service Unavailable,,,830,POST,http://proxy:8080/extract,Q29udGVudC1MZW5ndGg6IDExNQ0KQ29udGVudC1UeXBlOiBhcHBsaWNhdGlvbi9qc29uDQpSZXRyeS1BZnRlcjogMg0KWC1Db250ZW50LVR5cGUtT3B0aW9uczogbm9zbmlmZg0KDQo=
1791347881740350084,200,25504143886,736965,0,,,,806,POST,http://proxy:8080/extract,Q29udGVudC1MZW5ndGg6IDc5Mjg5NQ0KQ29udGVudC1UeXBlOiBhcHBsaWNhdGlvbi9qc29uDQpEYXRlOiBXZWQsIDA3IE9jdCAyMDI2IDA0OjM4OjI1IEdNVA0KU2VydmVyLVRpbWluZzogcXVldWU7ZHVyPTAuMCwgZXh0cmFjdDtkdXI9NTI2LjkNClgtQ29udGVudC1UeXBlLU9wdGlvbnM6IG5vc25pZmYNCg0K
1791347881578602872,200,25693306570,736965,0,,,,798,POST,http://proxy:8080/extract,Q29udGVudC1MZW5ndGg6IDc5Mjg5NQ0KQ29udGVudC1UeXBlOiBhcHBsaWNhdGlvbi9qc29uDQpEYXRlOiBXZWQsIDA3IE9jdCAyMDI2IDA0OjM4OjI1IEdNVA0KU2VydmVyLVRpbWluZzogcXVldWU7ZHVyPTAuMCwgZXh0cmFjdDtkdXI9NjgzLjENClgtQ29udGVudC1UeXBlLU9wdGlvbnM6IG5vc25pZmYNCg0K
1791347882325042408,503,25002893412,736965,0,503 Service Unavailable,,,834,POST,http://proxy:8080/extract,Q29udGVudC1MZW5ndGg6IDExNQ0KQ29udGVudC1UeXBlOiBhcHBsaWNhdGlvbi9qc29uDQpSZXRyeS1BZnRlcjogMg0KWC1Db250ZW50LVR5cGUtT3B0aW9uczogbm9zbmlmZg0KDQo=
1791347882385301021,503,25005445906,736965,0,503 Service Unavailable,,,838,POST,http://proxy:8080/extract,Q29udGVudC1MZW5ndGg6IDExNQ0KQ29udGVudC1UeXBlOiBhcHBsaWNhdGlvbi9qc29uDQpSZXRyeS1BZnRlcjogMg0KWC1Db250ZW50LVR5cGUtT3B0aW9uczogbm9zbmlmZg0KDQo=
1791347882079375029,200,25316151234,10063439,0,,,,823,POST,http://proxy:8080/extract,Q29udGVudC1MZW5ndGg6IDQxMzA1DQpDb250ZW50LVR5cGU6IGFwcGxpY2F0aW9uL2pzb24NCkRhdGU6IFdlZCwgMDcgT2N0IDIwMjYgMDQ6Mzg6MjcgR01UDQpTZXJ2ZXItVGltaW5nOiBxdWV1ZTtkdXI9MC4wLCBleHRyYWN0O2R1cj0zMDMuMA0KWC1Db250ZW50LVR5cGUtT3B0aW9uczogbm9zbmlmZg0KDQo=
1791347882459475530,503,25001741505,736965,0,503 Service Unavailable,,,842,POST,http://proxy:8080/extract,Q29udGVudC1MZW5ndGg6IDExNQ0KQ29udGVudC1UeXBlOiBhcHBsaWNhdGlvbi9qc29uDQpSZXRyeS1BZnRlcjogMg0KWC1Db250ZW50LVR5cGUtT3B0aW9uczogbm9zbmlmZg0KDQo=
1791347881817463784,200,25680029459,736965,0,,,,810,POST,http://proxy:8080/extract,Q29udGVudC1MZW5ndGg6IDc5Mjg5NQ0KQ29udGVudC1UeXBlOiBhcHBsaWNhdGlvbi9qc29uDQpEYXRlOiBXZWQsIDA3IE9jdCAyMDI2IDA0OjM4OjI2IEdNVA0KU2VydmVyLVRpbWluZzogcXVldWU7ZHVyPTAuMCwgZXh0cmFjdDtkdXI9Njc0LjINClgtQ29udGVudC1UeXBlLU9wdGlvbnM6IG5vc25pZmYNCg0K
1791347882065828906,200,25476589940,736965,0,,,,822,POST,http://proxy:8080/extract,Q29udGVudC1MZW5ndGg6IDc5Mjg5NQ0KQ29udGVudC1UeXBlOiBhcHBsaWNhdGlvbi9qc29uDQpEYXRlOiBXZWQsIDA3IE9jdCAyMDI2IDA0OjM4OjI2IEdNVA0KU2VydmVyLVRpbWluZzogcXVldWU7ZHVyPTAuMCwgZXh0cmFjdDtkdXI9NTE2LjENClgtQ29udGVudC1UeXBlLU9wdGlvbnM6IG5vc25pZmYNCg0K
1791347882238164746,200,25319478683,10063439,0,,,,831,POST,http://proxy:8080/extract,Q29udGVudC1MZW5ndGg6IDQxMzA1DQpDb250ZW50LVR5cGU6IGFwcGxpY2F0aW9uL2pzb24NCkRhdGU6IFdlZCwgMDcgT2N0IDIwMjYgMDQ6Mzg6MjYgR01UDQpTZXJ2ZXItVGltaW5nOiBxdWV1ZTtkdXI9MC4wLCBleHRyYWN0O2R1cj0yNTQuOA0KWC1Db250ZW50LVR5cGUtT3B0aW9uczogbm9zbmlmZg0KDQo=
1791347882325104021,200,25262783134,10063439,0,,,,835,POST,http://proxy:8080/extract,Q29udGVudC1MZW5ndGg6IDQxMzA1DQpDb250ZW50LVR5cGU6IGFwcGxpY2F0aW9uL2pzb24NCkRhdGU6IFdlZCwgMDcgT2N0IDIwMjYgMDQ6Mzg6MjYgR01UDQpTZXJ2ZXItVGltaW5nOiBxdWV1ZTtkdXI9MC4wLCBleHRyYWN0O2R1cj0yNzEuOQ0KWC1Db250ZW50LVR5cGUtT3B0aW9uczogbm9zbmlmZg0KDQo=
1791347882401261529,200,25234395586,10063439,0,,,,839,POST,http://proxy:8080/extract,Q29udGVudC1MZW5ndGg6IDQxMzA1DQpDb250ZW50LVR5cGU6IGFwcGxpY2F0aW9uL2pzb24NCkRhdGU6IFdlZCwgMDcgT2N0IDIwMjYgMDQ6Mzg6MjcgR01UDQpTZXJ2ZXItVGltaW5nOiBxdWV1ZTtkdXI9MC4xLCBleHRyYWN0O2R1cj0yMTcuNA0KWC1Db250ZW50LVR5cGUtT3B0aW9uczogbm9zbmlmZg0KDQo=
1791347882697771528,503,25002821711,736965,0,503 Service Unavailable,,,854,POST,http://proxy:8080/extract,Q29udGVudC1MZW5ndGg6IDExNQ0KQ29udGVudC1UeXBlOiBhcHBsaWNhdGlvbi9qc29uDQpSZXRyeS1BZnRlcjogMg0KWC1Db250ZW50LVR5cGUtT3B0aW9uczogbm9zbmlmZg0KDQo=
1791347882717754845,503,25013780257,10063439,0,503 Service Unavailable,,,855,POST,http://proxy:8080/extract,Q29udGVudC1MZW5ndGg6IDExNQ0KQ29udGVudC1UeXBlOiBhcHBsaWNhdGlvbi9qc29uDQpSZXRyeS1BZnRlcjogMg0KWC1Db250ZW50LVR5cGUtT3B0aW9uczogbm9zbmlmZg0KDQo=
1791347882503037186,200,25273747482,10063439,0,,,,843,POST,http://proxy:8080/extract,Q29udGVudC1MZW5ndGg6IDQxMzA1DQpDb250ZW50LVR5cGU6IGFwcGxpY2F0aW9uL2pzb24NCkRhdGU6IFdlZCwgMDcgT2N0IDIwMjYgMDQ6Mzg6MjcgR01UDQpTZXJ2ZXItVGltaW5nOiBxdWV1ZTtkdXI9MC4wLCBleHRyYWN0O2R1cj0yNDYuMA0KWC1Db250ZW50LVR5cGUtT3B0aW9uczogbm9zbmlmZg0KDQo=
1791347882804157312,503,25006318358,10063439,0,503 Service Unavailable,,,859,POST,http://proxy:8080/extract,Q29udGVudC1MZW5ndGg6IDExNQ0KQ29udGVudC1UeXBlOiBhcHBsaWNhdGlvbi9qc29uDQpSZXRyeS1BZnRlcjogMg0KWC1Db250ZW50LVR5cGUtT3B0aW9uczogbm9zbmlmZg0KDQo=
1791347882556969226,200,25270388452,10063439,0,,,,847,POST,http://proxy:8080/extract,Q29udGVudC1MZW5ndGg6IDQxMzA1DQpDb250ZW50LVR5cGU6IGFwcGxpY2F0aW9uL2pzb24NCkRhdGU6IFdlZCwgMDcgT2N0IDIwMjYgMDQ6Mzg6MjYgR01UDQpTZXJ2ZXItVGltaW5nOiBxdWV1ZTtkdXI9MC4xLCBleHRyYWN0O2R1cj0yMzIuMw0KWC1Db250ZW50LVR5cGUtT3B0aW9uczogbm9zbmlmZg0KDQo=
1791347882879029761,503,25022072267,10063439,0,503 Service Unavailable,,,863,POST,http://proxy:8080/extract,Q29udGVudC1MZW5ndGg6IDExNQ0KQ29udGVudC1UeXBlOiBhcHBsaWNhdGlvbi9qc29uDQpSZXRyeS1BZnRlcjogMg0KWC1Db250ZW50LVR5cGUtT3B0aW9uczogbm9zbmlmZg0KDQo=
1791347882637687051,200,25264759940,10063439,0,,,,851,POST,http://proxy:8080/extract,Q29udGVudC1MZW5ndGg6IDQxMzA1DQpDb250ZW50LVR5cGU6IGFwcGxpY2F0aW9uL2pzb24NCkRhdGU6IFdlZCwgMDcgT2N0IDIwMjYgMDQ6Mzg6MjcgR01UDQpTZXJ2ZXItVGltaW5nOiBxdWV1ZTtkdXI9MC4wLCBleHRyYWN0O2R1cj0yNDAuNQ0KWC1Db250ZW50LVR5cGUtT3B0aW9uczogbm9zbmlmZg0KDQo=
1791347882964819905,503,25014191788,10063439,0,503 Service Unavailable,,,867,POST,http://proxy:8080/extract,Q29udGVudC1MZW5ndGg6IDExNQ0KQ29udGVudC1UeXBlOiBhcHBsaWNhdGlvbi9qc29uDQpSZXRyeS1BZnRlcjogMg0KWC1Db250ZW50LVR5cGUtT3B0aW9uczogbm9zbmlmZg0KDQo=
1791347883020153728,503,25003171948,736965,0,503 Service Unavailable,,,870,POST,http://proxy:8080/extract,Q29udGVudC1MZW5ndGg6IDExNQ0KQ29udGVudC1UeXBlOiBhcHBsaWNhdGlvbi9qc29uDQpSZXRyeS1BZnRlcjogMg0KWC1Db250ZW50LVR5cGUtT3B0aW9uczogbm9zbmlmZg0KDQo=
1791347882539122439,200,25495978345,736965,0,,,,846,POST,http://proxy:8080/extract,Q29udGVudC1MZW5ndGg6IDc5Mjg5NQ0KQ29udGVudC1UeXBlOiBhcHBsaWNhdGlvbi9qc29uDQpEYXRlOiBXZWQsIDA3IE9jdCAyMDI2IDA0OjM4OjI2IEdNVA0KU2VydmVyLVRpbWluZzogcXVldWU7ZHVyPTAuMCwgZXh0cmFjdDtkdXI9NDgzLjUNClgtQ29udGVudC1UeXBlLU9wdGlvbnM6IG5vc25pZmYNCg0K
1791347883097353545,503,25025611655,736965,0,503 Service Unavailable,,,874,POST,http://proxy:8080/extract,Q29udGVudC1MZW5ndGg6IDExNQ0KQ29udGVudC1UeXBlOiBhcHBsaWNhdGlvbi9qc29uDQpSZXRyeS1BZnRlcjogMg0KWC1Db250ZW50LVR5cGUtT3B0aW9uczogbm9zbmlmZg0KDQo=
1791347883123255051,503,25007960166,10063439,0,503 Service Unavailable,,,875,POST,http://proxy:8080/extract,Q29udGVudC1MZW5ndGg6IDExNQ0KQ29udGVudC1UeXBlOiBhcHBsaWNhdGlvbi9qc29uDQpSZXRyeS1BZnRlcjogMg0KWC1Db250ZW50LVR5cGUtT3B0aW9uczogbm9zbmlmZg0KDQo=
1791347882620912979,200,25532546796,736965,0,,,,850,POST,http://proxy:8080/extract,Q29udGVudC1MZW5ndGg6IDc5Mjg5NQ0KQ29udGVudC1UeXBlOiBhcHBsaWNhdGlvbi9qc29uDQpEYXRlOiBXZWQsIDA3IE9jdCAyMDI2IDA0OjM4OjI2IEdNVA0KU2VydmVyLVRpbWluZzogcXVldWU7ZHVyPTAuMCwgZXh0cmFjdDtkdXI9NTU5LjgNClgtQ29udGVudC1UeXBlLU9wdGlvbnM6IG5vc25pZmYNCg0K
1791347883197435362,503,25024361503,10063439,0,503 Service Unavailable,,,879,POST,http://proxy:8080/extract,Q29udGVudC1MZW5ndGg6IDExNQ0KQ29udGVudC1UeXBlOiBhcHBsaWNhdGlvbi9qc29uDQpSZXRyeS1BZnRlcjogMg0KWC1Db250ZW50LVR5cGUtT3B0aW9uczogbm9zbmlmZg0KDQo=
1791347883042296178,200,25207936659,10063439,0,,,,871,POST,http://proxy:8080/extract,Q29udGVudC1MZW5ndGg6IDQxMzA1DQpDb250ZW50LVR5cGU6IGFwcGxpY2F0aW9uL2pzb24NCkRhdGU6IFdlZCwgMDcgT2N0IDIwMjYgMDQ6Mzg6MjcgR01UDQpTZXJ2ZXItVGltaW5nOiBxdWV1ZTtkdXI9MC4xLCBleHRyYWN0O2R1cj0xOTQuMg0KWC1Db250ZW50LVR5cGUtT3B0aW9uczogbm9zbmlmZg0KDQo=
1791347883277457346,503,25011469173,10063439,0,503 Service Unavailable,,,883,POST,http://proxy:8080/extract,Q29udGVudC1MZW5ndGg6IDExNQ0KQ29udGVudC1UeXBlOiBhcHBsaWNhdGlvbi9qc29uDQpSZXRyeS1BZnRlcjogMg0KWC1Db250ZW50LVR5cGUtT3B0aW9uczogbm9zbmlmZg0KDQo=
1791347882859697575,200,25467611365,736965,0,,,,862,POST,http://proxy:8080/extract,Q29udGVudC1MZW5ndGg6IDc5Mjg5NQ0KQ29udGVudC1UeXBlOiBhcHBsaWNhdGlvbi9qc29uDQpEYXRlOiBXZWQsIDA3IE9jdCAyMDI2IDA0OjM4OjI2IEdNVA0KU2VydmVyLVRpbWluZzogcXVldWU7ZHVyPTAuMCwgZXh0cmFjdDtkdXI9NDk1LjQNClgtQ29udGVudC1UeXBlLU9wdGlvbnM6IG5vc25pZmYNCg0K
1791347883357199074,503,25009491282,10063439,0,503 Service Unavailable,,,887,POST,http://proxy:8080/extract,Q29udGVudC1MZW5ndGg6IDExNQ0KQ29udGVudC1UeXBlOiBhcHBsaWNhdGlvbi9qc29uDQpSZXRyeS1BZnRlcjogMg0KWC1Db250ZW50LVR5cGUtT3B0aW9uczogbm9zbmlmZg0KDQo=
1791347882787460656,200,25588658748,736965,0,,,,858,POST,http://proxy:8080/extract,Q29udGVudC1MZW5ndGg6IDc5Mjg5NQ0KQ29udGVudC1UeXBlOiBhcHBsaWNhdGlvbi9qc29uDQpEYXRlOiBXZWQsIDA3IE9jdCAyMDI2IDA0OjM4OjI3IEdNVA0KU2VydmVyLVRpbWluZzogcXVldWU7ZHVyPTAuMCwgZXh0cmFjdDtkdXI9NTkwLjANClgtQ29udGVudC1UeXBlLU9wdGlvbnM6IG5vc25pZmYNCg0K
1791347883443391799,503,25009627873,10063439,0,503 Service Unavailable,,,891,POST,http://proxy:8080/extract,Q29udGVudC1MZW5ndGg6IDExNQ0KQ29udGVudC1UeXBlOiBhcHBsaWNhdGlvbi9qc29uDQpSZXRyeS1BZnRlcjogMg0KWC1Db250ZW50LVR5cGUtT3B0aW9uczogbm9zbmlmZg0KDQo=
1791347882938096534,200,25545317393,736965,0,,,,866,POST,http://proxy:8080/extract,Q29udGVudC1MZW5ndGg6IDc5Mjg5NQ0KQ29udGVudC1UeXBlOiBhcHBsaWNhdGlvbi9qc29uDQpEYXRlOiBXZWQsIDA3IE9jdCAyMDI2IDA0OjM4OjI3IEdNVA0KU2VydmVyLVRpbWluZzogcXVldWU7ZHVyPTAuMCwgZXh0cmFjdDtkdXI9NTY5LjgNClgtQ29udGVudC1UeXBlLU9wdGlvbnM6IG5vc25pZmYNCg0K
1791347883518987994,503,25009622489,10063439,0,503 Service Unavailable,,,895,POST,http://proxy:8080/extract,Q29udGVudC1MZW5ndGg6IDExNQ0KQ29udGVudC1UeXBlOiBhcHBsaWNhdGlvbi9qc29uDQpSZXRyeS1BZnRlcjogMg0KWC1Db250ZW50LVR5cGUtT3B0aW9uczogbm9zbmlmZg0KDQo=
1791347883583168895,503,25004006464,736965,0,503 Service Unavailable,,,898,POST,http://proxy:8080/extract,Q29udGVudC1MZW5ndGg6IDExNQ0KQ29udGVudC1UeXBlOiBhcHBsaWNhdGlvbi9qc29uDQpSZXRyeS1BZnRlcjogMg0KWC1Db250ZW50LVR5cGUtT3B0aW9uczogbm9zbmlmZg0KDQo=
1791347883597351646,503,25016559351,10063439,0,503 Service Unavailable,,,899,POST,http://proxy:8080/extract,Q29udGVudC1MZW5ndGg6IDExNQ0KQ29udGVudC1UeXBlOiBhcHBsaWNhdGlvbi9qc29uDQpSZXRyeS1BZnRlcjogMg0KWC1Db250ZW50LVR5cGUtT3B0aW9uczogbm9zbmlmZg0KDQo=
1791347883657427721,503,25006100899,736965,0,503 Service Unavailable,,,902,POST,http://proxy:8080/extract,Q29udGVudC1MZW5ndGg6IDExNQ0KQ29udGVudC1UeXBlOiBhcHBsaWNhdGlvbi9qc29uDQpSZXRyeS1BZnRlcjogMg0KWC1Db250ZW50LVR5cGUtT3B0aW9uczogbm9zbmlmZg0KDQo=
1791347883677498555,503,25023864878,10063439,0,503 Service Unavailable,,,903,POST,http://proxy:8080/extract,Q29udGVudC1MZW5ndGg6IDExNQ0KQ29udGVudC1UeXBlOiBhcHBsaWNhdGlvbi9qc29uDQpSZXRyeS1BZnRlcjogMg0KWC1Db250ZW50LVR5cGUtT3B0aW9uczogbm9zbmlmZg0KDQo=
1791347883259121961,200,25460243600,736965,0,,,,882,POST,http://proxy:8080/extract,Q29udGVudC1MZW5ndGg6IDc5Mjg5NQ0KQ29udGVudC1UeXBlOiBhcHBsaWNhdGlvbi9qc29uDQpEYXRlOiBXZWQsIDA3IE9jdCAyMDI2IDA0OjM4OjI3IEdNVA0KU2VydmVyLVRpbWluZzogcXVldWU7ZHVyPTAuMCwgZXh0cmFjdDtkdXI9NDUyLjYNClgtQ29udGVudC1UeXBlLU9wdGlvbnM6IG5vc25pZmYNCg0K
1791347883177213397,200,25560574273,736965,0,,,,878,POST,http://proxy:8080/extract,Q29udGVudC1MZW5ndGg6IDc5Mjg5NQ0KQ29udGVudC1UeXBlOiBhcHBsaWNhdGlvbi9qc29uDQpEYXRlOiBXZWQsIDA3IE9jdCAyMDI2IDA0OjM4OjI3IEdNVA0KU2VydmVyLVRpbWluZzogcXVldWU7ZHVyPTAuMCwgZXh0cmFjdDtkdXI9NTgwLjcNClgtQ29udGVudC1UeXBlLU9wdGlvbnM6IG5vc25pZmYNCg0K
1791347883338316479,200,25473390675,736965,0,,,,886,POST,http://proxy:8080/extract,Q29udGVudC1MZW5ndGg6IDc5Mjg5NQ0KQ29udGVudC1UeXBlOiBhcHBsaWNhdGlvbi9qc29uDQpEYXRlOiBXZWQsIDA3IE9jdCAyMDI2IDA0OjM4OjI3IEdNVA0KU2VydmVyLVRpbWluZzogcXVldWU7ZHVyPTAuMCwgZXh0cmFjdDtkdXI9NDc3LjENClgtQ29udGVudC1UeXBlLU9wdGlvbnM6IG5vc25pZmYNCg0K
1791347883836933202,503,25011443537,10063439,0,503 Service Unavailable,,,911,POST,http://proxy:8080/extract,Q29udGVudC1MZW5ndGg6IDExNQ0KQ29udGVudC1UeXBlOiBhcHBsaWNhdGlvbi9qc29uDQpSZXRyeS1BZnRlcjogMg0KWC1Db250ZW50LVR5cGUtT3B0aW9uczogbm9zbmlmZg0KDQo=
1791347883902591300,503,25007875005,736965,0,503 Service Unavailable,,,914,POST,http://proxy:8080/extract,Q29udGVudC1MZW5ndGg6IDExNQ0KQ29udGVudC1UeXBlOiBhcHBsaWNhdGlvbi9qc29uDQpSZXRyeS1BZnRlcjogMg0KWC1Db250ZW50LVR5cGUtT3B0aW9uczogbm9zbmlmZg0KDQo=
1791347883919405879,503,25013659455,10063439,0,503 Service Unavailable,,,915,POST,http://proxy:8080/extract,Q29udGVudC1MZW5ndGg6IDExNQ0KQ29udGVudC1UeXBlOiBhcHBsaWNhdGlvbi9qc29uDQpSZXRyeS1BZnRlcjogMg0KWC1Db250ZW50LVR5cGUtT3B0aW9uczogbm9zbmlmZg0KDQo=
1791347883985617888,503,25002617856,736965,0,503 Service Unavailable,,,918,POST,http://proxy:8080/extract,Q29udGVudC1MZW5ndGg6IDExNQ0KQ29udGVudC1UeXBlOiBhcHBsaWNhdGlvbi9qc29uDQpSZXRyeS1BZnRlcjogMg0KWC1Db250ZW50LVR5cGUtT3B0aW9uczogbm9zbmlmZg0KDQo=
1791347883431469603,200,25568365414,736965,0,,,,890,POST,http://proxy:8080/extract,Q29udGVudC1MZW5ndGg6IDc5Mjg5NQ0KQ29udGVudC1UeXBlOiBhcHBsaWNhdGlvbi9qc29uDQpEYXRlOiBXZWQsIDA3IE9jdCAyMDI2IDA0OjM4OjI4IEdNVA0KU2VydmVyLVRpbWluZzogcXVldWU7ZHVyPTAuMCwgZXh0cmFjdDtkdXI9NjE4LjMNClgtQ29udGVudC1UeXBlLU9wdGlvbnM6IG5vc25pZmYNCg0K
1791347883997224021,503,25014965416,10063439,0,503 Service Unavailable,,,919,POST,http://proxy:8080/extract,Q29udGVudC1MZW5ndGg6IDExNQ0KQ29udGVudC1UeXBlOiBhcHBsaWNhdGlvbi9qc29uDQpSZXRyeS1BZnRlcjogMg0KWC1Db250ZW50LVR5cGUtT3B0aW9uczogbm9zbmlmZg0KDQo=
1791347884077799817,503,25016984804,10063439,0,503 Service Unavailable,,,923,POST,http://proxy:8080/extract,Q29udGVudC1MZW5ndGg6IDExNQ0KQ29udGVudC1UeXBlOiBhcHBsaWNhdGlvbi9qc29uDQpSZXRyeS1BZnRlcjogMg0KWC1Db250ZW50LVR5cGUtT3B0aW9uczogbm9zbmlmZg0KDQo=
1791347884137556428,503,25001848436,736965,0,503 Service Unavailable,,,926,POST,http://proxy:8080/extract,Q29udGVudC1MZW5ndGg6IDExNQ0KQ29udGVudC1UeXBlOiBhcHBsaWNhdGlvbi9qc29uDQpSZXRyeS1BZnRlcjogMg0KWC1Db250ZW50LVR5cGUtT3B0aW9uczogbm9zbmlmZg0KDQo=
1791347884157121861,503,25007970837,10063439,0,503 Service Unavailable,,,927,POST,http://proxy:8080/extract,Q29udGVudC1MZW5ndGg6IDExNQ0KQ29udGVudC1UeXBlOiBhcHBsaWNhdGlvbi9qc29uDQpSZXRyeS1BZnRlcjogMg0KWC1Db250ZW50LVR5cGUtT3B0aW9uczogbm9zbmlmZg0KDQo=
1791347883757380512,200,25425094992,10063439,0,,,,907,POST,http://proxy:8080/extract,Q29udGVudC1MZW5ndGg6IDQxMzA1DQpDb250ZW50LVR5cGU6IGFwcGxpY2F0aW9uL2pzb24NCkRhdGU6IFdlZCwgMDcgT2N0IDIwMjYgMDQ6Mzg6MjggR01UDQpTZXJ2ZXItVGltaW5nOiBxdWV1ZTtkdXI9MC4wLCBleHRyYWN0O2R1cj0zOTQuNQ0KWC1Db250ZW50LVR5cGUtT3B0aW9uczogbm9zbmlmZg0KDQo=
1791347883505388861,200,25692237111,736965,0,,,,894,POST,http://proxy:8080/extract,Q29udGVudC1MZW5ndGg6IDc5Mjg5NQ0KQ29udGVudC1UeXBlOiBhcHBsaWNhdGlvbi9qc29uDQpEYXRlOiBXZWQsIDA3IE9jdCAyMDI2IDA0OjM4OjI4IEdNVA0KU2VydmVyLVRpbWluZzogcXVldWU7ZHVyPTAuMCwgZXh0cmFjdDtkdXI9NzA5LjANClgtQ29udGVudC1UeXBlLU9wdGlvbnM6IG5vc25pZmYNCg0K
1791347883737424301,200,25477143591,736965,0,,,,906,POST,http://proxy:8080/extract,Q29udGVudC1MZW5ndGg6IDc5Mjg5NQ0KQ29udGVudC1UeXBlOiBhcHBsaWNhdGlvbi9qc29uDQpEYXRlOiBXZWQsIDA3IE9jdCAyMDI2IDA0OjM4OjI3IEdNVA0KU2VydmVyLVRpbWluZzogcXVldWU7ZHVyPTAuMCwgZXh0cmFjdDtkdXI9NDgwLjINClgtQ29udGVudC1UeXBlLU9wdGlvbnM6IG5vc25pZmYNCg0K
1791347883819136125,200,25505685270,736965,0,,,,910,POST,http://proxy:8080/extract,Q29udGVudC1MZW5ndGg6IDc5Mjg5NQ0KQ29udGVudC1UeXBlOiBhcHBsaWNhdGlvbi9qc29uDQpEYXRlOiBXZWQsIDA3IE9jdCAyMDI2IDA0OjM4OjI3IEdNVA0KU2VydmVyLVRpbWluZzogcXVldWU7ZHVyPTAuMCwgZXh0cmFjdDtkdXI9NDk4LjENClgtQ29udGVudC1UeXBlLU9wdGlvbnM6IG5vc25pZmYNCg0K
1791347884316995096,503,25011550629,10063439,0,503 Service Unavailable,,,935,POST,http://proxy:8080/extract,Q29udGVudC1MZW5ndGg6IDExNQ0KQ29udGVudC1UeXBlOiBhcHBsaWNhdGlvbi9qc29uDQpSZXRyeS1BZnRlcjogMg0KWC1Db250ZW50LVR5cGUtT3B0aW9uczogbm9zbmlmZg0KDQo=
1791347884399206821,503,25015246737,10063439,0,503 Service Unavailable,,,939,POST,http://proxy:8080/extract,Q29udGVudC1MZW5ndGg6IDExNQ0KQ29udGVudC1UeXBlOiBhcHBsaWNhdGlvbi9qc29uDQpSZXRyeS1BZnRlcjogMg0KWC1Db250ZW50LVR5cGUtT3B0aW9uczogbm9zbmlmZg0KDQo=
1791347884457247787,503,25002176183,736965,0,503 Service Unavailable,,,942,POST,http://proxy:8080/extract,Q29udGVudC1MZW5ndGg6IDExNQ0KQ29udGVudC1UeXBlOiBhcHBsaWNhdGlvbi9qc29uDQpSZXRyeS1BZnRlcjogMg0KWC1Db250ZW50LVR5cGUtT3B0aW9uczogbm9zbmlmZg0KDQo=
1791347884477454449,503,25013086418,10063439,0,503 Service Unavailable,,,943,POST,http://proxy:8080/extract,Q29udGVudC1MZW5ndGg6IDExNQ0KQ29udGVudC1UeXBlOiBhcHBsaWNhdGlvbi9qc29uDQpSZXRyeS1BZnRlcjogMg0KWC1Db250ZW50LVR5cGUtT3B0aW9uczogbm9zbmlmZg0KDQo=
1791347884537688256,503,25002207282,736965,0,503 Service Unavailable,,,946,POST,http://proxy:8080/extract,Q29udGVudC1MZW5ndGg6IDExNQ0KQ29udGVudC1UeXBlOiBhcHBsaWNhdGlvbi9qc29uDQpSZXRyeS1BZnRlcjogMg0KWC1Db250ZW50LVR5cGUtT3B0aW9uczogbm9zbmlmZg0KDQo=
1791347884557376813,503,25011102125,10063439,0,503 Service Unavailable,,,947,POST,http://proxy:8080/extract,Q29udGVudC1MZW5ndGg6IDExNQ0KQ29udGVudC1UeXBlOiBhcHBsaWNhdGlvbi9qc29uDQpSZXRyeS1BZnRlcjogMg0KWC1Db250ZW50LVR5cGUtT3B0aW9uczogbm9zbmlmZg0KDQo=
1791347884617253949,503,25002012441,736965,0,503 Service Unavailable,,,950,POST,http://proxy:8080/extract,Q29udGVudC1MZW5ndGg6IDExNQ0KQ29udGVudC1UeXBlOiBhcHBsaWNhdGlvbi9qc29uDQpSZXRyeS1BZnRlcjogMg0KWC1Db250ZW50LVR5cGUtT3B0aW9uczogbm9zbmlmZg0KDQo=
1791347884307232133,200,25335158788,736965,0,,,,934,POST,http://proxy:8080/extract,Q29udGVudC1MZW5ndGg6IDc5Mjg5NQ0KQ29udGVudC1UeXBlOiBhcHBsaWNhdGlvbi9qc29uDQpEYXRlOiBXZWQsIDA3IE9jdCAyMDI2IDA0OjM4OjI4IEdNVA0KU2VydmVyLVRpbWluZzogcXVldWU7ZHVyPTAuMCwgZXh0cmFjdDtkdXI9NDIwLjANClgtQ29udGVudC1UeXBlLU9wdGlvbnM6IG5vc25pZmYNCg0K
1791347884637634745,503,25025761392,10063439,0,503 Service Unavailable,,,951,POST,http://proxy:8080/extract,Q29udGVudC1MZW5ndGg6IDExNQ0KQ29udGVudC1UeXBlOiBhcHBsaWNhdGlvbi9qc29uDQpSZXRyeS1BZnRlcjogMg0KWC1Db250ZW50LVR5cGUtT3B0aW9uczogbm9zbmlmZg0KDQo=
1791347884239174154,200,25437224130,10063439,0,,,,931,POST,http://proxy:8080/extract,Q29udGVudC1MZW5ndGg6IDQxMzA1DQpDb250ZW50LVR5cGU6IGFwcGxpY2F0aW9uL2pzb24NCkRhdGU6IFdlZCwgMDcgT2N0IDIwMjYgMDQ6Mzg6MjkgR01UDQpTZXJ2ZXItVGltaW5nOiBxdWV1ZTtkdXI9MC4wLCBleHRyYWN0O2R1cj00MzEuMQ0KWC1Db250ZW50LVR5cGUtT3B0aW9uczogbm9zbmlmZg0KDQo=
1791347884779321625,503,25002798375,736965,0,503 Service Unavailable,,,958,POST,http://proxy:8080/extract,Q29udGVudC1MZW5ndGg6IDExNQ0KQ29udGVudC1UeXBlOiBhcHBsaWNhdGlvbi9qc29uDQpSZXRyeS1BZnRlcjogMg0KWC1Db250ZW50LVR5cGUtT3B0aW9uczogbm9zbmlmZg0KDQo=
1791347884798453770,503,25024988727,10063439,0,503 Service Unavailable,,,959,POST,http://proxy:8080/extract,Q29udGVudC1MZW5ndGg6IDExNQ0KQ29udGVudC1UeXBlOiBhcHBsaWNhdGlvbi9qc29uDQpSZXRyeS1BZnRlcjogMg0KWC1Db250ZW50LVR5cGUtT3B0aW9uczogbm9zbmlmZg0KDQo=
1791347884376840025,200,25474060552,736965,0,,,,938,POST,http://proxy:8080/extract,Q29udGVudC1MZW5ndGg6IDc5Mjg5NQ0KQ29udGVudC1UeXBlOiBhcHBsaWNhdGlvbi9qc29uDQpEYXRlOiBXZWQsIDA3IE9jdCAyMDI2IDA0OjM4OjI4IEdNVA0KU2VydmVyLVRpbWluZzogcXVldWU7ZHVyPTAuMCwgZXh0cmFjdDtkdXI9NTE3LjkNClgtQ29udGVudC1UeXBlLU9wdGlvbnM6IG5vc25pZmYNCg0K
1791347884877139386,503,25009018299,10063439,0,503 Service Unavailable,,,963,POST,http://proxy:8080/extract,Q29udGVudC1MZW5ndGg6IDExNQ0KQ29udGVudC1UeXBlOiBhcHBsaWNhdGlvbi9qc29uDQpSZXRyeS1BZnRlcjogMg0KWC1Db250ZW50LVR5cGUtT3B0aW9uczogbm9zbmlmZg0KDQo=
1791347884941364796,503,25004605509,736965,0,503 Service Unavailable,,,966,POST,http://proxy:8080/extract,Q29udGVudC1MZW5ndGg6IDExNQ0KQ29udGVudC1UeXBlOiBhcHBsaWNhdGlvbi9qc29uDQpSZXRyeS1BZnRlcjogMg0KWC1Db250ZW50LVR5cGUtT3B0aW9uczogbm9zbmlmZg0KDQo=
1791347884956940126,503,25038370247,10063439,0,503 Service Unavailable,,,967,POST,http://proxy:8080/extract,Q29udGVudC1MZW5ndGg6IDExNQ0KQ29udGVudC1UeXBlOiBhcHBsaWNhdGlvbi9qc29uDQpSZXRyeS1BZnRlcjogMg0KWC1Db250ZW50LVR5cGUtT3B0aW9uczogbm9zbmlmZg0KDQo=
1791347884057137964,200,25939916751,736965,0,,,,922,POST,http://proxy:8080/extract,Q29udGVudC1MZW5ndGg6IDc5Mjg5NQ0KQ29udGVudC1UeXBlOiBhcHBsaWNhdGlvbi9qc29uDQpEYXRlOiBXZWQsIDA3IE9jdCAyMDI2IDA0OjM4OjI4IEdNVA0KU2VydmVyLVRpbWluZzogcXVldWU7ZHVyPTAuMCwgZXh0cmFjdDtkdXI9OTc5LjENClgtQ29udGVudC1UeXBlLU9wdGlvbnM6IG5vc25pZmYNCg0K
1791347885041222067,503,25015334607,10063439,0,503 Service Unavailable,,,971,POST,http://proxy:8080/extract,Q29udGVudC1MZW5ndGg6IDExNQ0KQ29udGVudC1UeXBlOiBhcHBsaWNhdGlvbi9qc29uDQpSZXRyeS1BZnRlcjogMg0KWC1Db250ZW50LVR5cGUtT3B0aW9uczogbm9zbmlmZg0KDQo=
1791347884717703839,200,25351055826,10063439,0,,,,955,POST,http://proxy:8080/extract,Q29udGVudC1MZW5ndGg6IDQxMzA1DQpDb250ZW50LVR5cGU6IGFwcGxpY2F0aW9uL2pzb24NCkRhdGU6IFdlZCwgMDcgT2N0IDIwMjYgMDQ6Mzg6MjkgR01UDQpTZXJ2ZXItVGltaW5nOiBxdWV1ZTtkdXI9MC4xLCBleHRyYWN0O2R1cj0zMzguMQ0KWC1Db250ZW50LVR5cGUtT3B0aW9uczogbm9zbmlmZg0KDQo=
1791347884217712240,200,25882274644,736965,0,,,,930,POST,http://proxy:8080/extract,Q29udGVudC1MZW5ndGg6IDc5Mjg5NQ0KQ29udGVudC1UeXBlOiBhcHBsaWNhdGlvbi9qc29uDQpEYXRlOiBXZWQsIDA3IE9jdCAyMDI2IDA0OjM4OjI4IEdNVA0KU2VydmVyLVRpbWluZzogcXVldWU7ZHVyPTAuMCwgZXh0cmFjdDtkdXI9OTExLjMNClgtQ29udGVudC1UeXBlLU9wdGlvbnM6IG5vc25pZmYNCg0K
1791347885177507261,503,25000243860,736965,0,503 Service Unavailable,,,978,POST,http://proxy:8080/extract,Q29udGVudC1MZW5ndGg6IDExNQ0KQ29udGVudC1UeXBlOiBhcHBsaWNhdGlvbi9qc29uDQpSZXRyeS1BZnRlcjogMg0KWC1Db250ZW50LVR5cGUtT3B0aW9uczogbm9zbmlmZg0KDQo=
1791347885202786742,503,25017330780,10063439,0,503 Service Unavailable,,,979,POST,http://proxy:8080/extract,Q29udGVudC1MZW5ndGg6IDExNQ0KQ29udGVudC1UeXBlOiBhcHBsaWNhdGlvbi9qc29uDQpSZXRyeS1BZnRlcjogMg0KWC1Db250ZW50LVR5cGUtT3B0aW9uczogbm9zbmlmZg0KDQo=
1791347884697380054,200,25537106784,736965,0,,,,954,POST,http://proxy:8080/extract,Q29udGVudC1MZW5ndGg6IDc5Mjg5NQ0KQ29udGVudC1UeXBlOiBhcHBsaWNhdGlvbi9qc29uDQpEYXRlOiBXZWQsIDA3IE9jdCAyMDI2IDA0OjM4OjI4IEdNVA0KU2VydmVyLVRpbWluZzogcXVldWU7ZHVyPTAuMCwgZXh0cmFjdDtkdXI9NTc2LjkNClgtQ29udGVudC1UeXBlLU9wdGlvbnM6IG5vc25pZmYNCg0K
1791347885276857931,503,25039562561,10063439,0,503 Service Unavailable,,,983,POST,http://proxy:8080/extract,Q29udGVudC1MZW5ndGg6IDExNQ0KQ29udGVudC1UeXBlOiBhcHBsaWNhdGlvbi9qc29uDQpSZXRyeS1BZnRlcjogMg0KWC1Db250ZW50LVR5cGUtT3B0aW9uczogbm9zbmlmZg0KDQo=
1791347885337855591,503,25001505296,736965,0,503 Service Unavailable,,,986,POST,http://proxy:8080/extract,Q29udGVudC1MZW5ndGg6IDExNQ0KQ29udGVudC1UeXBlOiBhcHBsaWNhdGlvbi9qc29uDQpSZXRyeS1BZnRlcjogMg0KWC1Db250ZW50LVR5cGUtT3B0aW9uczogbm9zbmlmZg0KDQo=
1791347885362809807,503,25010759783,10063439,0,503 Service Unavailable,,,987,POST,http://proxy:8080/extract,Q29udGVudC1MZW5ndGg6IDExNQ0KQ29udGVudC1UeXBlOiBhcHBsaWNhdGlvbi9qc29uDQpSZXRyeS1BZnRlcjogMg0KWC1Db250ZW50LVR5cGUtT3B0aW9uczogbm9zbmlmZg0KDQo=
1791347885418239549,503,25004951364,736965,0,503 Service Unavailable,,,990,POST,http://proxy:8080/extract,Q29udGVudC1MZW5ndGg6IDExNQ0KQ29udGVudC1UeXBlOiBhcHBsaWNhdGlvbi9qc29uDQpSZXRyeS1BZnRlcjogMg0KWC1Db250ZW50LVR5cGUtT3B0aW9uczogbm9zbmlmZg0KDQo=
1791347885438583638,503,25018454807,10063439,0,503 Service Unavailable,,,991,POST,http://proxy:8080/extract,Q29udGVudC1MZW5ndGg6IDExNQ0KQ29udGVudC1UeXBlOiBhcHBsaWNhdGlvbi9qc29uDQpSZXRyeS1BZnRlcjogMg0KWC1Db250ZW50LVR5cGUtT3B0aW9uczogbm9zbmlmZg0KDQo=
1791347885497553691,503,25002974376,736965,0,503 Service Unavailable,,,994,POST,http://proxy:8080/extract,Q29udGVudC1MZW5ndGg6IDExNQ0KQ29udGVudC1UeXBlOiBhcHBsaWNhdGlvbi9qc29uDQpSZXRyeS1BZnRlcjogMg0KWC1Db250ZW50LVR5cGUtT3B0aW9uczogbm9zbmlmZg0KDQo=
1791347885519797262,503,25008887822,10063439,0,503 Service Unavailable,,,995,POST,http://proxy:8080/extract,Q29udGVudC1MZW5ndGg6IDExNQ0KQ29udGVudC1UeXBlOiBhcHBsaWNhdGlvbi9qc29uDQpSZXRyeS1BZnRlcjogMg0KWC1Db250ZW50LVR5cGUtT3B0aW9uczogbm9zbmlmZg0KDQo=
1791347884857563451,200,25714320297,736965,0,,,,962,POST,http://proxy:8080/extract,Q29udGVudC1MZW5ndGg6IDc5Mjg5NQ0KQ29udGVudC1UeXBlOiBhcHBsaWNhdGlvbi9qc29uDQpEYXRlOiBXZWQsIDA3IE9jdCAyMDI2IDA0OjM4OjI4IEdNVA0KU2VydmVyLVRpbWluZzogcXVldWU7ZHVyPTAuMCwgZXh0cmFjdDtkdXI9NzA5LjcNClgtQ29udGVudC1UeXBlLU9wdGlvbnM6IG5vc25pZmYNCg0K
1791347885599983580,503,25020805951,10063439,0,503 Service Unavailable,,,999,POST,http://proxy:8080/extract,Q29udGVudC1MZW5ndGg6IDExNQ0KQ29udGVudC1UeXBlOiBhcHBsaWNhdGlvbi9qc29uDQpSZXRyeS1BZnRlcjogMg0KWC1Db250ZW50LVR5cGUtT3B0aW9uczogbm9zbmlmZg0KDQo=
1791347885117563312,200,25552225820,10063439,0,,,,975,POST,http://proxy:8080/extract,Q29udGVudC1MZW5ndGg6IDQxMzA1DQpDb250ZW50LVR5cGU6IGFwcGxpY2F0aW9uL2pzb24NCkRhdGU6IFdlZCwgMDcgT2N0IDIwMjYgMDQ6Mzg6MjkgR01UDQpTZXJ2ZXItVGltaW5nOiBxdWV1ZTtkdXI9MC4wLCBleHRyYWN0O2R1cj00NDYuMQ0KWC1Db250ZW50LVR5cGUtT3B0aW9uczogbm9zbmlmZg0KDQo=
1791347885676852731,503,25042245863,10063439,0,503 Service Unavailable,,,1003,POST,http://proxy:8080/extract,Q29udGVudC1MZW5ndGg6IDExNQ0KQ29udGVudC1UeXBlOiBhcHBsaWNhdGlvbi9qc29uDQpSZXRyeS1BZnRlcjogMg0KWC1Db250ZW50LVR5cGUtT3B0aW9uczogbm9zbmlmZg0KDQo=
1791347885099409163,200,25635255281,736965,0,,,,974,POST,http://proxy:8080/extract,Q29udGVudC1MZW5ndGg6IDc5Mjg5NQ0KQ29udGVudC1UeXBlOiBhcHBsaWNhdGlvbi9qc29uDQpEYXRlOiBXZWQsIDA3IE9jdCAyMDI2IDA0OjM4OjMwIEdNVA0KU2VydmVyLVRpbWluZzogcXVldWU7ZHVyPTAuMCwgZXh0cmFjdDtkdXI9NjQ5LjYNClgtQ29udGVudC1UeXBlLU9wdGlvbnM6IG5vc25pZmYNCg0K
1791347885757145070,503,25043663635,10063439,0,503 Service Unavailable,,,1007,POST,http://proxy:8080/extract,Q29udGVudC1MZW5ndGg6IDExNQ0KQ29udGVudC1UeXBlOiBhcHBsaWNhdGlvbi9qc29uDQpSZXRyeS1BZnRlcjogMg0KWC1Db250ZW50LVR5cGUtT3B0aW9uczogbm9zbmlmZg0KDQo=
1791347885817047710,503,25004284816,736965,0,503 Service Unavailable,,,1010,POST,http://proxy:8080/extract,Q29udGVudC1MZW5ndGg6IDExNQ0KQ29udGVudC1UeXBlOiBhcHBsaWNhdGlvbi9qc29uDQpSZXRyeS1BZnRlcjogMg0KWC1Db250ZW50LVR5cGUtT3B0aW9uczogbm9zbmlmZg0KDQo=
1791347885257655871,200,25586542136,736965,0,,,,982,POST,http://proxy:8080/extract,Q29udGVudC1MZW5ndGg6IDc5Mjg5NQ0KQ29udGVudC1UeXBlOiBhcHBsaWNhdGlvbi9qc29uDQpEYXRlOiBXZWQsIDA3IE9jdCAyMDI2IDA0OjM4OjMwIEdNVA0KU2VydmVyLVRpbWluZzogcXVldWU7ZHVyPTAuMCwgZXh0cmFjdDtkdXI9NjAwLjkNClgtQ29udGVudC1UeXBlLU9wdGlvbnM6IG5vc25pZmYNCg0K
1791347885898251832,503,25018693029,736965,0,503 Service Unavailable,,,1014,POST,http://proxy:8080/extract,Q29udGVudC1MZW5ndGg6IDExNQ0KQ29udGVudC1UeXBlOiBhcHBsaWNhdGlvbi9qc29uDQpSZXRyeS1BZnRlcjogMg0KWC1Db250ZW50LVR5cGUtT3B0aW9uczogbm9zbmlmZg0KDQo=
1791347885917558213,503,25013970905,10063439,0,503 Service Unavailable,,,1015,POST,http://proxy:8080/extract,Q29udGVudC1MZW5ndGg6IDExNQ0KQ29udGVudC1UeXBlOiBhcHBsaWNhdGlvbi9qc29uDQpSZXRyeS1BZnRlcjogMg0KWC1Db250ZW50LVR5cGUtT3B0aW9uczogbm9zbmlmZg0KDQo=
1791347885977756113,503,25001952746,736965,0,503 Service Unavailable,,,1018,POST,http://proxy:8080/extract,Q29udGVudC1MZW5ndGg6IDExNQ0KQ29udGVudC1UeXBlOiBhcHBsaWNhdGlvbi9qc29uDQpSZXRyeS1BZnRlcjogMg0KWC1Db250ZW50LVR5cGUtT3B0aW9uczogbm9zbmlmZg0KDQo=
1791347885997442470,503,25015865973,10063439,0,503 Service Unavailable,,,1019,POST,http://proxy:8080/extract,Q29udGVudC1MZW5ndGg6IDExNQ0KQ29udGVudC1UeXBlOiBhcHBsaWNhdGlvbi9qc29uDQpSZXRyeS1BZnRlcjogMg0KWC1Db250ZW50LVR5cGUtT3B0aW9uczogbm9zbmlmZg0KDQo=
1791347885017512802,200,26021473072,736965,0,,,,970,POST,http://proxy:8080/extract,Q29udGVudC1MZW5ndGg6IDc5Mjg5NQ0KQ29udGVudC1UeXBlOiBhcHBsaWNhdGlvbi9qc29uDQpEYXRlOiBXZWQsIDA3IE9jdCAyMDI2IDA0OjM4OjI5IEdNVA0KU2VydmVyLVRpbWluZzogcXVldWU7ZHVyPTAuMCwgZXh0cmFjdDtkdXI9MTAyMS4xDQpYLUNvbnRlbnQtVHlwZS1PcHRpb25zOiBub3NuaWZmDQoNCg==
1791347886139507225,503,25001534846,736965,0,503 Service Unavailable,,,1026,POST,http://proxy:8080/extract,Q29udGVudC1MZW5ndGg6IDExNQ0KQ29udGVudC1UeXBlOiBhcHBsaWNhdGlvbi9qc29uDQpSZXRyeS1BZnRlcjogMg0KWC1Db250ZW50LVR5cGUtT3B0aW9uczogbm9zbmlmZg0KDQo=
1791347885838646652,200,25310950595,10063439,0,,,,1011,POST,http://proxy:8080/extract,Q29udGVudC1MZW5ndGg6IDQxMzA1DQpDb250ZW50LVR5cGU6IGFwcGxpY2F0aW9uL2pzb24NCkRhdGU6IFdlZCwgMDcgT2N0IDIwMjYgMDQ6Mzg6MzAgR01UDQpTZXJ2ZXItVGltaW5nOiBxdWV1ZTtkdXI9MC4wLCBleHRyYWN0O2R1cj0yNjkuNA0KWC1Db250ZW50LVR5cGUtT3B0aW9uczogbm9zbmlmZg0KDQo=
1791347886077333428,503,25094138506,10063439,0,503 Service Unavailable,,,1023,POST,http://proxy:8080/extract,Q29udGVudC1MZW5ndGg6IDExNQ0KQ29udGVudC1UeXBlOiBhcHBsaWNhdGlvbi9qc29uDQpSZXRyeS1BZnRlcjogMg0KWC1Db250ZW50LVR5cGUtT3B0aW9uczogbm9zbmlmZg0KDQo=
1791347886217057113,503,25032544430,736965,0,503 Service Unavailable,,,1030,POST,http://proxy:8080/extract,Q29udGVudC1MZW5ndGg6IDExNQ0KQ29udGVudC1UeXBlOiBhcHBsaWNhdGlvbi9qc29uDQpSZXRyeS1BZnRlcjogMg0KWC1Db250ZW50LVR5cGUtT3B0aW9uczogbm9zbmlmZg0KDQo=
1791347886237657454,503,25018554184,10063439,0,503 Service Unavailable,,,1031,POST,http://proxy:8080/extract,Q29udGVudC1MZW5ndGg6IDExNQ0KQ29udGVudC1UeXBlOiBhcHBsaWNhdGlvbi9qc29uDQpSZXRyeS1BZnRlcjogMg0KWC1Db250ZW50LVR5cGUtT3B0aW9uczogbm9zbmlmZg0KDQo=
1791347885577294519,200,25726083661,736965,0,,,,998,POST,http://proxy:8080/extract,Q29udGVudC1MZW5ndGg6IDc5Mjg5NQ0KQ29udGVudC1UeXBlOiBhcHBsaWNhdGlvbi9qc29uDQpEYXRlOiBXZWQsIDA3IE9jdCAyMDI2IDA0OjM4OjI5IEdNVA0KU2VydmVyLVRpbWluZzogcXVldWU7ZHVyPTAuMCwgZXh0cmFjdDtkdXI9NzE4LjENClgtQ29udGVudC1UeXBlLU9wdGlvbnM6IG5vc25pZmYNCg0K
1791347886317451793,503,25024330612,10063439,0,503 Service Unavailable,,,1035,POST,http://proxy:8080/extract,Q29udGVudC1MZW5ndGg6IDExNQ0KQ29udGVudC1UeXBlOiBhcHBsaWNhdGlvbi9qc29uDQpSZXRyeS1BZnRlcjogMg0KWC1Db250ZW50LVR5cGUtT3B0aW9uczogbm9zbmlmZg0KDQo=
1791347886397712525,503,25008057718,10063439,0,503 Service Unavailable,,,1039,POST,http://proxy:8080/extract,Q29udGVudC1MZW5ndGg6IDExNQ0KQ29udGVudC1UeXBlOiBhcHBsaWNhdGlvbi9qc29uDQpSZXRyeS1BZnRlcjogMg0KWC1Db250ZW50LVR5cGUtT3B0aW9uczogbm9zbmlmZg0KDQo=
1791347886382284224,503,25028402382,736965,0,503 Service Unavailable,,,1038,POST,http://proxy:8080/extract,Q29udGVudC1MZW5ndGg6IDExNQ0KQ29udGVudC1UeXBlOiBhcHBsaWNhdGlvbi9qc29uDQpSZXRyeS1BZnRlcjogMg0KWC1Db250ZW50LVR5cGUtT3B0aW9uczogbm9zbmlmZg0KDQo=
1791347885656936527,200,25779844292,736965,0,,,,1002,POST,http://proxy:8080/extract,Q29udGVudC1MZW5ndGg6IDc5Mjg5NQ0KQ29udGVudC1UeXBlOiBhcHBsaWNhdGlvbi9qc29uDQpEYXRlOiBXZWQsIDA3IE9jdCAyMDI2IDA0OjM4OjI5IEdNVA0KU2VydmVyLVRpbWluZzogcXVldWU7ZHVyPTAuMCwgZXh0cmFjdDtkdXI9NzYyLjgNClgtQ29udGVudC1UeXBlLU9wdGlvbnM6IG5vc25pZmYNCg0K
1791347886159447033,200,25308580909,10063439,0,,,,1027,POST,http://proxy:8080/extract,Q29udGVudC1MZW5ndGg6IDQxMzA1DQpDb250ZW50LVR5cGU6IGFwcGxpY2F0aW9uL2pzb24NCkRhdGU6IFdlZCwgMDcgT2N0IDIwMjYgMDQ6Mzg6MzEgR01UDQpTZXJ2ZXItVGltaW5nOiBxdWV1ZTtkdXI9MC4wLCBleHRyYWN0O2R1cj0yNzkuNw0KWC1Db250ZW50LVR5cGUtT3B0aW9uczogbm9zbmlmZg0KDQo=
1791347886536920206,503,25001223374,736965,0,503 Service Unavailable,,,1046,POST,http://proxy:8080/extract,Q29udGVudC1MZW5ndGg6IDExNQ0KQ29udGVudC1UeXBlOiBhcHBsaWNhdGlvbi9qc29uDQpSZXRyeS1BZnRlcjogMg0KWC1Db250ZW50LVR5cGUtT3B0aW9uczogbm9zbmlmZg0KDQo=
1791347886557818207,503,25043010356,10063439,0,503 Service Unavailable,,,1047,POST,http://proxy:8080/extract,Q29udGVudC1MZW5ndGg6IDExNQ0KQ29udGVudC1UeXBlOiBhcHBsaWNhdGlvbi9qc29uDQpSZXRyeS1BZnRlcjogMg0KWC1Db250ZW50LVR5cGUtT3B0aW9uczogbm9zbmlmZg0KDQo=
1791347886618928990,503,25001523218,736965,0,503 Service Unavailable,,,1050,POST,http://proxy:8080/extract,Q29udGVudC1MZW5ndGg6IDExNQ0KQ29udGVudC1UeXBlOiBhcHBsaWNhdGlvbi9qc29uDQpSZXRyeS1BZnRlcjogMg0KWC1Db250ZW50LVR5cGUtT3B0aW9uczogbm9zbmlmZg0KDQo=
1791347885741822290,200,25880052997,736965,0,,,,1006,POST,http://proxy:8080/extract,Q29udGVudC1MZW5ndGg6IDc5Mjg5NQ0KQ29udGVudC1UeXBlOiBhcHBsaWNhdGlvbi9qc29uDQpEYXRlOiBXZWQsIDA3IE9jdCAyMDI2IDA0OjM4OjMwIEdNVA0KU2VydmVyLVRpbWluZzogcXVldWU7ZHVyPTAuMCwgZXh0cmFjdDtkdXI9ODY3LjgNClgtQ29udGVudC1UeXBlLU9wdGlvbnM6IG5vc25pZmYNCg0K
1791347886701132413,503,25011033366,736965,0,503 Service Unavailable,,,1054,POST,http://proxy:8080/extract,Q29udGVudC1MZW5ndGg6IDExNQ0KQ29udGVudC1UeXBlOiBhcHBsaWNhdGlvbi9qc29uDQpSZXRyeS1BZnRlcjogMg0KWC1Db250ZW50LVR5cGUtT3B0aW9uczogbm9zbmlmZg0KDQo=
1791347886719463998,503,25011562576,10063439,0,503 Service Unavailable,,,1055,POST,http://proxy:8080/extract,Q29udGVudC1MZW5ndGg6IDExNQ0KQ29udGVudC1UeXBlOiBhcHBsaWNhdGlvbi9qc29uDQpSZXRyeS1BZnRlcjogMg0KWC1Db250ZW50LVR5cGUtT3B0aW9uczogbm9zbmlmZg0KDQo=
1791347886777421948,503,25008572097,736965,0,503 Service Unavailable,,,1058,POST,http://proxy:8080/extract,Q29udGVudC1MZW5ndGg6IDExNQ0KQ29udGVudC1UeXBlOiBhcHBsaWNhdGlvbi9qc29uDQpSZXRyeS1BZnRlcjogMg0KWC1Db250ZW50LVR5cGUtT3B0aW9uczogbm9zbmlmZg0KDQo=
1791347886479246614,200,25307052491,10063439,0,,,,1043,POST,http://proxy:8080/extract,Q29udGVudC1MZW5ndGg6IDQxMzA1DQpDb250ZW50LVR5cGU6IGFwcGxpY2F0aW9uL2pzb24NCkRhdGU6IFdlZCwgMDcgT2N0IDIwMjYgMDQ6Mzg6MzEgR01UDQpTZXJ2ZXItVGltaW5nOiBxdWV1ZTtkdXI9MTAuMywgZXh0cmFjdDtkdXI9Mjg4LjQNClgtQ29udGVudC1UeXBlLU9wdGlvbnM6IG5vc25pZmYNCg0K
1791347886857437231,503,25013742605,736965,0,503 Service Unavailable,,,1062,POST,http://proxy:8080/extract,Q29udGVudC1MZW5ndGg6IDExNQ0KQ29udGVudC1UeXBlOiBhcHBsaWNhdGlvbi9qc29uDQpSZXRyeS1BZnRlcjogMg0KWC1Db250ZW50LVR5cGUtT3B0aW9uczogbm9zbmlmZg0KDQo=
1791347886877212606,503,25025677344,10063439,0,503 Service Unavailable,,,1063,POST,http://proxy:8080/extract,Q29udGVudC1MZW5ndGg6IDExNQ0KQ29udGVudC1UeXBlOiBhcHBsaWNhdGlvbi9qc29uDQpSZXRyeS1BZnRlcjogMg0KWC1Db250ZW50LVR5cGUtT3B0aW9uczogbm9zbmlmZg0KDQo=
1791347886936871398,503,25003916878,736965,0,503 Service Unavailable,,,1066,POST,http://proxy:8080/extract,Q29udGVudC1MZW5ndGg6IDExNQ0KQ29udGVudC1UeXBlOiBhcHBsaWNhdGlvbi9qc29uDQpSZXRyeS1BZnRlcjogMg0KWC1Db250ZW50LVR5cGUtT3B0aW9uczogbm9zbmlmZg0KDQo=
1791347886957605765,503,25033505671,10063439,0,503 Service Unavailable,,,1067,POST,http://proxy:8080/extract,Q29udGVudC1MZW5ndGg6IDExNQ0KQ29udGVudC1UeXBlOiBhcHBsaWNhdGlvbi9qc29uDQpSZXRyeS1BZnRlcjogMg0KWC1Db250ZW50LVR5cGUtT3B0aW9uczogbm9zbmlmZg0KDQo=
1791347887020591826,503,25001693419,736965,0,503 Service Unavailable,,,1070,POST,http://proxy:8080/extract,Q29udGVudC1MZW5ndGg6IDExNQ0KQ29udGVudC1UeXBlOiBhcHBsaWNhdGlvbi9qc29uDQpSZXRyeS1BZnRlcjogMg0KWC1Db250ZW50LVR5cGUtT3B0aW9uczogbm9zbmlmZg0KDQo=
1791347886297661015,200,25766150466,736965,0,,,,1034,POST,http://proxy:8080/extract,Q29udGVudC1MZW5ndGg6IDc5Mjg5NQ0KQ29udGVudC1UeXBlOiBhcHBsaWNhdGlvbi9qc29uDQpEYXRlOiBXZWQsIDA3IE9jdCAyMDI2IDA0OjM4OjMwIEdNVA0KU2VydmVyLVRpbWluZzogcXVldWU7ZHVyPTAuMCwgZXh0cmFjdDtkdXI9NzE2LjINClgtQ29udGVudC1UeXBlLU9wdGlvbnM6IG5vc25pZmYNCg0K
1791347886800029792,200,25279872542,10063439,0,,,,1059,POST,http://proxy:8080/extract,Q29udGVudC1MZW5ndGg6IDQxMzA1DQpDb250ZW50LVR5cGU6IGFwcGxpY2F0aW9uL2pzb24NCkRhdGU6IFdlZCwgMDcgT2N0IDIwMjYgMDQ6Mzg6MzEgR01UDQpTZXJ2ZXItVGltaW5nOiBxdWV1ZTtkdXI9MC4wLCBleHRyYWN0O2R1cj0yNTQuOA0KWC1Db250ZW50LVR5cGUtT3B0aW9uczogbm9zbmlmZg0KDQo=
1791347886061678182,200,26020187737,736965,0,,,,1022,POST,http://proxy:8080/extract,Q29udGVudC1MZW5ndGg6IDc5Mjg5NQ0KQ29udGVudC1UeXBlOiBhcHBsaWNhdGlvbi9qc29uDQpEYXRlOiBXZWQsIDA3IE9jdCAyMDI2IDA0OjM4OjMwIEdNVA0KU2VydmVyLVRpbWluZzogcXVldWU7ZHVyPTAuMSwgZXh0cmFjdDtkdXI9MTAxOC43DQpYLUNvbnRlbnQtVHlwZS1PcHRpb25zOiBub3NuaWZmDQoNCg==
1791347887037798284,503,25054105102,10063439,0,503 Service Unavailable,,,1071,POST,http://proxy:8080/extract,Q29udGVudC1MZW5ndGg6IDExNQ0KQ29udGVudC1UeXBlOiBhcHBsaWNhdGlvbi9qc29uDQpSZXRyeS1BZnRlcjogMg0KWC1Db250ZW50LVR5cGUtT3B0aW9uczogbm9zbmlmZg0KDQo=
1791347886637387000,200,25561039726,10063439,0,,,,1051,POST,http://proxy:8080/extract,Q29udGVudC1MZW5ndGg6IDQxMzA1DQpDb250ZW50LVR5cGU6IGFwcGxpY2F0aW9uL2pzb24NCkRhdGU6IFdlZCwgMDcgT2N0IDIwMjYgMDQ6Mzg6MzEgR01UDQpTZXJ2ZXItVGltaW5nOiBxdWV1ZTtkdXI9MC4wLCBleHRyYWN0O2R1cj01MjQuNA0KWC1Db250ZW50LVR5cGUtT3B0aW9uczogbm9zbmlmZg0KDQo=
1791347887257614668,503,25008028126,736965,0,503 Service Unavailable,,,1082,POST,http://proxy:8080/extract,Q29udGVudC1MZW5ndGg6IDExNQ0KQ29udGVudC1UeXBlOiBhcHBsaWNhdGlvbi9qc29uDQpSZXRyeS1BZnRlcjogMg0KWC1Db250ZW50LVR5cGUtT3B0aW9uczogbm9zbmlmZg0KDQo=
1791347887276942753,503,25017534133,10063439,0,503 Service Unavailable,,,1083,POST,http://proxy:8080/extract,Q29udGVudC1MZW5ndGg6IDExNQ0KQ29udGVudC1UeXBlOiBhcHBsaWNhdGlvbi9qc29uDQpSZXRyeS1BZnRlcjogMg0KWC1Db250ZW50LVR5cGUtT3B0aW9uczogbm9zbmlmZg0KDQo=
1791347887337030130,503,25011346296,736965,0,503 Service Unavailable,,,1086,POST,http://proxy:8080/extract,Q29udGVudC1MZW5ndGg6IDExNQ0KQ29udGVudC1UeXBlOiBhcHBsaWNhdGlvbi9qc29uDQpSZXRyeS1BZnRlcjogMg0KWC1Db250ZW50LVR5cGUtT3B0aW9uczogbm9zbmlmZg0KDQo=
1791347887357523250,503,25024077335,10063439,0,503 Service Unavailable,,,1087,POST,http://proxy:8080/extract,Q29udGVudC1MZW5ndGg6IDExNQ0KQ29udGVudC1UeXBlOiBhcHBsaWNhdGlvbi9qc29uDQpSZXRyeS1BZnRlcjogMg0KWC1Db250ZW50LVR5cGUtT3B0aW9uczogbm9zbmlmZg0KDQo=
1791347887117178240,200,25277998725,10063439,0,,,,1075,POST,http://proxy:8080/extract,Q29udGVudC1MZW5ndGg6IDQxMzA1DQpDb250ZW50LVR5cGU6IGFwcGxpY2F0aW9uL2pzb24NCkRhdGU6IFdlZCwgMDcgT2N0IDIwMjYgMDQ6Mzg6MzEgR01UDQpTZXJ2ZXItVGltaW5nOiBxdWV1ZTtkdXI9MC4wLCBleHRyYWN0O2R1cj0yNTguMg0KWC1Db250ZW50LVR5cGUtT3B0aW9uczogbm9zbmlmZg0KDQo=
1791347887437368799,503,25006403359,10063439,0,503 Service Unavailable,,,1091,POST,http://proxy:8080/extract,Q29udGVudC1MZW5ndGg6IDExNQ0KQ29udGVudC1UeXBlOiBhcHBsaWNhdGlvbi9qc29uDQpSZXRyeS1BZnRlcjogMg0KWC1Db250ZW50LVR5cGUtT3B0aW9uczogbm9zbmlmZg0KDQo=
1791347887506791853,503,25004743381,736965,0,503 Service Unavailable,,,1094,POST,http://proxy:8080/extract,Q29udGVudC1MZW5ndGg6IDExNQ0KQ29udGVudC1UeXBlOiBhcHBsaWNhdGlvbi9qc29uDQpSZXRyeS1BZnRlcjogMg0KWC1Db250ZW50LVR5cGUtT3B0aW9uczogbm9zbmlmZg0KDQo=
1791347887516842973,503,25009768237,10063439,0,503 Service Unavailable,,,1095,POST,http://proxy:8080/extract,Q29udGVudC1MZW5ndGg6IDExNQ0KQ29udGVudC1UeXBlOiBhcHBsaWNhdGlvbi9qc29uDQpSZXRyeS1BZnRlcjogMg0KWC1Db250ZW50LVR5cGUtT3B0aW9uczogbm9zbmlmZg0KDQo=
1791347886457363315,200,26080855387,736965,0,,,,1042,POST,http://proxy:8080/extract,Q29udGVudC1MZW5ndGg6IDc5Mjg5NQ0KQ29udGVudC1UeXBlOiBhcHBsaWNhdGlvbi9qc29uDQpEYXRlOiBXZWQsIDA3IE9jdCAyMDI2IDA0OjM4OjMwIEdNVA0KU2VydmVyLVRpbWluZzogcXVldWU7ZHVyPTAuMCwgZXh0cmFjdDtkdXI9MTA5Ni4zDQpYLUNvbnRlbnQtVHlwZS1PcHRpb25zOiBub3NuaWZmDQoNCg==
1791347887597547195,503,25009283251,10063439,0,503 Service Unavailable,,,1099,POST,http://proxy:8080/extract,Q29udGVudC1MZW5ndGg6IDExNQ0KQ29udGVudC1UeXBlOiBhcHBsaWNhdGlvbi9qc29uDQpSZXRyeS1BZnRlcjogMg0KWC1Db250ZW50LVR5cGUtT3B0aW9uczogbm9zbmlmZg0KDQo=
1791347887657176981,503,25001568713,736965,0,503 Service Unavailable,,,1102,POST,http://proxy:8080/extract,Q29udGVudC1MZW5ndGg6IDExNQ0KQ29udGVudC1UeXBlOiBhcHBsaWNhdGlvbi9qc29uDQpSZXRyeS1BZnRlcjogMg0KWC1Db250ZW50LVR5cGUtT3B0aW9uczogbm9zbmlmZg0KDQo=
1791347887197255035,200,25485961890,10063439,0,,,,1079,POST,http://proxy:8080/extract,Q29udGVudC1MZW5ndGg6IDQxMzA1DQpDb250ZW50LVR5cGU6IGFwcGxpY2F0aW9uL2pzb24NCkRhdGU6IFdlZCwgMDcgT2N0IDIwMjYgMDQ6Mzg6MzIgR01UDQpTZXJ2ZXItVGltaW5nOiBxdWV1ZTtkdXI9MC4xLCBleHRyYWN0O2R1cj00MDUuNQ0KWC1Db250ZW50LVR5cGUtT3B0aW9uczogbm9zbmlmZg0KDQo=
1791347887739126753,503,25033616045,736965,0,503 Service Unavailable,,,1106,POST,http://proxy:8080/extract,Q29udGVudC1MZW5ndGg6IDExNQ0KQ29udGVudC1UeXBlOiBhcHBsaWNhdGlvbi9qc29uDQpSZXRyeS1BZnRlcjogMg0KWC1Db250ZW50LVR5cGUtT3B0aW9uczogbm9zbmlmZg0KDQo=
1791347887756837513,503,25032863732,10063439,0,503 Service Unavailable,,,1107,POST,http://proxy:8080/extract,Q29udGVudC1MZW5ndGg6IDExNQ0KQ29udGVudC1UeXBlOiBhcHBsaWNhdGlvbi9qc29uDQpSZXRyeS1BZnRlcjogMg0KWC1Db250ZW50LVR5cGUtT3B0aW9uczogbm9zbmlmZg0KDQo=
1791347887817291764,503,25002087240,736965,0,503 Service Unavailable,,,1110,POST,http://proxy:8080/extract,Q29udGVudC1MZW5ndGg6IDExNQ0KQ29udGVudC1UeXBlOiBhcHBsaWNhdGlvbi9qc29uDQpSZXRyeS1BZnRlcjogMg0KWC1Db250ZW50LVR5cGUtT3B0aW9uczogbm9zbmlmZg0KDQo=
1791347887841844499,503,25009530421,10063439,0,503 Service Unavailable,,,1111,POST,http://proxy:8080/extract,Q29udGVudC1MZW5ndGg6IDExNQ0KQ29udGVudC1UeXBlOiBhcHBsaWNhdGlvbi9qc29uDQpSZXRyeS1BZnRlcjogMg0KWC1Db250ZW50LVR5cGUtT3B0aW9uczogbm9zbmlmZg0KDQo=
1791347887097564097,200,25765167065,736965,0,,,,1074,POST,http://proxy:8080/extract,Q29udGVudC1MZW5ndGg6IDc5Mjg5NQ0KQ29udGVudC1UeXBlOiBhcHBsaWNhdGlvbi9qc29uDQpEYXRlOiBXZWQsIDA3IE9jdCAyMDI2IDA0OjM4OjMxIEdNVA0KU2VydmVyLVRpbWluZzogcXVldWU7ZHVyPTAuMCwgZXh0cmFjdDtkdXI9NzY4LjINClgtQ29udGVudC1UeXBlLU9wdGlvbnM6IG5vc25pZmYNCg0K
1791347887917706348,503,25008688081,10063439,0,503 Service Unavailable,,,1115,POST,http://proxy:8080/extract,Q29udGVudC1MZW5ndGg6IDExNQ0KQ29udGVudC1UeXBlOiBhcHBsaWNhdGlvbi9qc29uDQpSZXRyeS1BZnRlcjogMg0KWC1Db250ZW50LVR5cGUtT3B0aW9uczogbm9zbmlmZg0KDQo=
1791347887417196444,200,25525675338,736965,0,,,,1090,POST,http://proxy:8080/extract,Q29udGVudC1MZW5ndGg6IDc5Mjg5NQ0KQ29udGVudC1UeXBlOiBhcHBsaWNhdGlvbi9qc29uDQpEYXRlOiBXZWQsIDA3IE9jdCAyMDI2IDA0OjM4OjMyIEdNVA0KU2VydmVyLVRpbWluZzogcXVldWU7ZHVyPTAuMCwgZXh0cmFjdDtkdXI9NTM3LjkNClgtQ29udGVudC1UeXBlLU9wdGlvbnM6IG5vc25pZmYNCg0K
1791347887178138293,200,25767969128,736965,0,,,,1078,POST,http://proxy:8080/extract,Q29udGVudC1MZW5ndGg6IDc5Mjg5NQ0KQ29udGVudC1UeXBlOiBhcHBsaWNhdGlvbi9qc29uDQpEYXRlOiBXZWQsIDA3IE9jdCAyMDI2IDA0OjM4OjMxIEdNVA0KU2VydmVyLVRpbWluZzogcXVldWU7ZHVyPTAuMCwgZXh0cmFjdDtkdXI9ODQyLjYNClgtQ29udGVudC1UeXBlLU9wdGlvbnM6IG5vc25pZmYNCg0K
1791347887677435053,200,25357780158,10063439,0,,,,1103,POST,http://proxy:8080/extract,Q29udGVudC1MZW5ndGg6IDQxMzA1DQpDb250ZW50LVR5cGU6IGFwcGxpY2F0aW9uL2pzb24NCkRhdGU6IFdlZCwgMDcgT2N0IDIwMjYgMDQ6Mzg6MzIgR01UDQpTZXJ2ZXItVGltaW5nOiBxdWV1ZTtkdXI9MC4wLCBleHRyYWN0O2R1cj0zMTEuNg0KWC1Db250ZW50LVR5cGUtT3B0aW9uczogbm9zbmlmZg0KDQo=
1791347887579427953,200,25500876159,736965,0,,,,1098,POST,http://proxy:8080/extract,Q29udGVudC1MZW5ndGg6IDc5Mjg5NQ0KQ29udGVudC1UeXBlOiBhcHBsaWNhdGlvbi9qc29uDQpEYXRlOiBXZWQsIDA3IE9jdCAyMDI2IDA0OjM4OjMxIEdNVA0KU2VydmVyLVRpbWluZzogcXVldWU7ZHVyPTAuMCwgZXh0cmFjdDtkdXI9NTIwLjYNClgtQ29udGVudC1UeXBlLU9wdGlvbnM6IG5vc25pZmYNCg0K
1791347888137316124,503,25010428601,736965,0,503 Service Unavailable,,,1126,POST,http://proxy:8080/extract,Q29udGVudC1MZW5ndGg6IDExNQ0KQ29udGVudC1UeXBlOiBhcHBsaWNhdGlvbi9qc29uDQpSZXRyeS1BZnRlcjogMg0KWC1Db250ZW50LVR5cGUtT3B0aW9uczogbm9zbmlmZg0KDQo=
1791347888157587950,503,25027810808,10063439,0,503 Service Unavailable,,,1127,POST,http://proxy:8080/extract,Q29udGVudC1MZW5ndGg6IDExNQ0KQ29udGVudC1UeXBlOiBhcHBsaWNhdGlvbi9qc29uDQpSZXRyeS1BZnRlcjogMg0KWC1Db250ZW50LVR5cGUtT3B0aW9uczogbm9zbmlmZg0KDQo=
1791347888217644291,503,25002315989,736965,0,503 Service Unavailable,,,1130,POST,http://proxy:8080/extract,Q29udGVudC1MZW5ndGg6IDExNQ0KQ29udGVudC1UeXBlOiBhcHBsaWNhdGlvbi9qc29uDQpSZXRyeS1BZnRlcjogMg0KWC1Db250ZW50LVR5cGUtT3B0aW9uczogbm9zbmlmZg0KDQo=
1791347888236876230,503,25017077961,10063439,0,503 Service Unavailable,,,1131,POST,http://proxy:8080/extract,Q29udGVudC1MZW5ndGg6IDExNQ0KQ29udGVudC1UeXBlOiBhcHBsaWNhdGlvbi9qc29uDQpSZXRyeS1BZnRlcjogMg0KWC1Db250ZW50LVR5cGUtT3B0aW9uczogbm9zbmlmZg0KDQo=
1791347887997252475,200,25280609335,10063439,0,,,,1119,POST,http://proxy:8080/extract,Q29udGVudC1MZW5ndGg6IDQxMzA1DQpDb250ZW50LVR5cGU6IGFwcGxpY2F0aW9uL2pzb24NCkRhdGU6IFdlZCwgMDcgT2N0IDIwMjYgMDQ6Mzg6MzIgR01UDQpTZXJ2ZXItVGltaW5nOiBxdWV1ZTtkdXI9MC4wLCBleHRyYWN0O2R1cj0yNzguMQ0KWC1Db250ZW50LVR5cGUtT3B0aW9uczogbm9zbmlmZg0KDQo=
1791347888317891020,503,25016102671,10063439,0,503 Service Unavailable,,,1135,POST,http://proxy:8080/extract,Q29udGVudC1MZW5ndGg6IDExNQ0KQ29udGVudC1UeXBlOiBhcHBsaWNhdGlvbi9qc29uDQpSZXRyeS1BZnRlcjogMg0KWC1Db250ZW50LVR5cGUtT3B0aW9uczogbm9zbmlmZg0KDQo=
1791347887900041497,200,25472255555,736965,0,,,,1114,POST,http://proxy:8080/extract,Q29udGVudC1MZW5ndGg6IDc5Mjg5NQ0KQ29udGVudC1UeXBlOiBhcHBsaWNhdGlvbi9qc29uDQpEYXRlOiBXZWQsIDA3IE9jdCAyMDI2IDA0OjM4OjMxIEdNVA0KU2VydmVyLVRpbWluZzogcXVldWU7ZHVyPTAuMCwgZXh0cmFjdDtkdXI9NTAxLjANClgtQ29udGVudC1UeXBlLU9wdGlvbnM6IG5vc25pZmYNCg0K
1791347888077913400,200,25311456122,10063439,0,,,,1123,POST,http://proxy:8080/extract,Q29udGVudC1MZW5ndGg6IDQxMzA1DQpDb250ZW50LVR5cGU6IGFwcGxpY2F0aW9uL2pzb24NCkRhdGU6IFdlZCwgMDcgT2N0IDIwMjYgMDQ6Mzg6MzIgR01UDQpTZXJ2ZXItVGltaW5nOiBxdWV1ZTtkdXI9MC4wLCBleHRyYWN0O2R1cj0yODMuOA0KWC1Db250ZW50LVR5cGUtT3B0aW9uczogbm9zbmlmZg0KDQo=
1791347888457142224,503,25001742521,736965,0,503 Service Unavailable,,,1142,POST,http://proxy:8080/extract,Q29udGVudC1MZW5ndGg6IDExNQ0KQ29udGVudC1UeXBlOiBhcHBsaWNhdGlvbi9qc29uDQpSZXRyeS1BZnRlcjogMg0KWC1Db250ZW50LVR5cGUtT3B0aW9uczogbm9zbmlmZg0KDQo=
1791347888479351996,503,25008014771,10063439,0,503 Service Unavailable,,,1143,POST,http://proxy:8080/extract,Q29udGVudC1MZW5ndGg6IDExNQ0KQ29udGVudC1UeXBlOiBhcHBsaWNhdGlvbi9qc29uDQpSZXRyeS1BZnRlcjogMg0KWC1Db250ZW50LVR5cGUtT3B0aW9uczogbm9zbmlmZg0KDQo=
1791347888056928247,200,25444139225,736965,0,,,,1122,POST,http://proxy:8080/extract,Q29udGVudC1MZW5ndGg6IDc5Mjg5NQ0KQ29udGVudC1UeXBlOiBhcHBsaWNhdGlvbi9qc29uDQpEYXRlOiBXZWQsIDA3IE9jdCAyMDI2IDA0OjM4OjMyIEdNVA0KU2VydmVyLVRpbWluZzogcXVldWU7ZHVyPTAuMCwgZXh0cmFjdDtkdXI9NDU5LjYNClgtQ29udGVudC1UeXBlLU9wdGlvbnM6IG5vc25pZmYNCg0K
1791347888540653660,503,25019431262,736965,0,503 Service Unavailable,,,1146,POST,http://proxy:8080/extract,Q29udGVudC1MZW5ndGg6IDExNQ0KQ29udGVudC1UeXBlOiBhcHBsaWNhdGlvbi9qc29uDQpSZXRyeS1BZnRlcjogMg0KWC1Db250ZW50LVR5cGUtT3B0aW9uczogbm9zbmlmZg0KDQo=
1791347888616912598,503,25002982131,736965,0,503 Service Unavailable,,,1150,POST,http://proxy:8080/extract,Q29udGVudC1MZW5ndGg6IDExNQ0KQ29udGVudC1UeXBlOiBhcHBsaWNhdGlvbi9qc29uDQpSZXRyeS1BZnRlcjogMg0KWC1Db250ZW50LVR5cGUtT3B0aW9uczogbm9zbmlmZg0KDQo=
1791347887986553861,200,25659599551,736965,0,,,,1118,POST,http://proxy:8080/extract,Q29udGVudC1MZW5ndGg6IDc5Mjg5NQ0KQ29udGVudC1UeXBlOiBhcHBsaWNhdGlvbi9qc29uDQpEYXRlOiBXZWQsIDA3IE9jdCAyMDI2IDA0OjM4OjMyIEdNVA0KU2VydmVyLVRpbWluZzogcXVldWU7ZHVyPTAuMCwgZXh0cmFjdDtkdXI9NjYzLjkNClgtQ29udGVudC1UeXBlLU9wdGlvbnM6IG5vc25pZmYNCg0K
1791347888637214529,503,25020379142,10063439,0,503 Service Unavailable,,,1151,POST,http://proxy:8080/extract,Q29udGVudC1MZW5ndGg6IDExNQ0KQ29udGVudC1UeXBlOiBhcHBsaWNhdGlvbi9qc29uDQpSZXRyeS1BZnRlcjogMg0KWC1Db250ZW50LVR5cGUtT3B0aW9uczogbm9zbmlmZg0KDQo=
1791347888396934956,200,25306617787,10063439,0,,,,1139,POST,http://proxy:8080/extract,Q29udGVudC1MZW5ndGg6IDQxMzA1DQpDb250ZW50LVR5cGU6IGFwcGxpY2F0aW9uL2pzb24NCkRhdGU6IFdlZCwgMDcgT2N0IDIwMjYgMDQ6Mzg6MzIgR01UDQpTZXJ2ZXItVGltaW5nOiBxdWV1ZTtkdXI9MC4wLCBleHRyYWN0O2R1cj0yNjQuOQ0KWC1Db250ZW50LVR5cGUtT3B0aW9uczogbm9zbmlmZg0KDQo=
1791347888778532003,503,25007107444,736965,0,503 Service Unavailable,,,1158,POST,http://proxy:8080/extract,Q29udGVudC1MZW5ndGg6IDExNQ0KQ29udGVudC1UeXBlOiBhcHBsaWNhdGlvbi9qc29uDQpSZXRyeS1BZnRlcjogMg0KWC1Db250ZW50LVR5cGUtT3B0aW9uczogbm9zbmlmZg0KDQo=
1791347888557592189,200,25236479123,10063439,0,,,,1147,POST,http://proxy:8080/extract,Q29udGVudC1MZW5ndGg6IDQxMzA1DQpDb250ZW50LVR5cGU6IGFwcGxpY2F0aW9uL2pzb24NCkRhdGU6IFdlZCwgMDcgT2N0IDIwMjYgMDQ6Mzg6MzMgR01UDQpTZXJ2ZXItVGltaW5nOiBxdWV1ZTtkdXI9MC4wLCBleHRyYWN0O2R1cj0yNjcuNg0KWC1Db250ZW50LVR5cGUtT3B0aW9uczogbm9zbmlmZg0KDQo=
1791347888376897773,200,25480934225,736965,0,,,,1138,POST,http://proxy:8080/extract,Q29udGVudC1MZW5ndGg6IDc5Mjg5NQ0KQ29udGVudC1UeXBlOiBhcHBsaWNhdGlvbi9qc29uDQpEYXRlOiBXZWQsIDA3IE9jdCAyMDI2IDA0OjM4OjMyIEdNVA0KU2VydmVyLVRpbWluZzogcXVldWU7ZHVyPTAuMCwgZXh0cmFjdDtkdXI9NDY4LjANClgtQ29udGVudC1UeXBlLU9wdGlvbnM6IG5vc25pZmYNCg0K
1791347888877730745,503,25016516842,10063439,0,503 Service Unavailable,,,1163,POST,http://proxy:8080/extract,Q29udGVudC1MZW5ndGg6IDExNQ0KQ29udGVudC1UeXBlOiBhcHBsaWNhdGlvbi9qc29uDQpSZXRyeS1BZnRlcjogMg0KWC1Db250ZW50LVR5cGUtT3B0aW9uczogbm9zbmlmZg0KDQo=
1791347888297551482,200,25618072325,736965,0,,,,1134,POST,http://proxy:8080/extract,Q29udGVudC1MZW5ndGg6IDc5Mjg5NQ0KQ29udGVudC1UeXBlOiBhcHBsaWNhdGlvbi9qc29uDQpEYXRlOiBXZWQsIDA3IE9jdCAyMDI2IDA0OjM4OjMyIEdNVA0KU2VydmVyLVRpbWluZzogcXVldWU7ZHVyPTAuMCwgZXh0cmFjdDtkdXI9NjI0LjYNClgtQ29udGVudC1UeXBlLU9wdGlvbnM6IG5vc25pZmYNCg0K
1791347888961960009,503,25026741023,10063439,0,503 Service Unavailable,,,1167,POST,http://proxy:8080/extract,Q29udGVudC1MZW5ndGg6IDExNQ0KQ29udGVudC1UeXBlOiBhcHBsaWNhdGlvbi9qc29uDQpSZXRyeS1BZnRlcjogMg0KWC1Db250ZW50LVR5cGUtT3B0aW9uczogbm9zbmlmZg0KDQo=
1791347889017103071,503,25002064776,736965,0,503 Service Unavailable,,,1170,POST,http://proxy:8080/extract,Q29udGVudC1MZW5ndGg6IDExNQ0KQ29udGVudC1UeXBlOiBhcHBsaWNhdGlvbi9qc29uDQpSZXRyeS1BZnRlcjogMg0KWC1Db250ZW50LVR5cGUtT3B0aW9uczogbm9zbmlmZg0KDQo=
1791347889037298983,503,25012257663,10063439,0,503 Service Unavailable,,,1171,POST,http://proxy:8080/extract,Q29udGVudC1MZW5ndGg6IDExNQ0KQ29udGVudC1UeXBlOiBhcHBsaWNhdGlvbi9qc29uDQpSZXRyeS1BZnRlcjogMg0KWC1Db250ZW50LVR5cGUtT3B0aW9uczogbm9zbmlmZg0KDQo=
1791347888799077478,200,25259644877,10063439,0,,,,1159,POST,http://proxy:8080/extract,Q29udGVudC1MZW5ndGg6IDQxMzA1DQpDb250ZW50LVR5cGU6IGFwcGxpY2F0aW9uL2pzb24NCkRhdGU6IFdlZCwgMDcgT2N0IDIwMjYgMDQ6Mzg6MzMgR01UDQpTZXJ2ZXItVGltaW5nOiBxdWV1ZTtkdXI9MC4wLCBleHRyYWN0O2R1cj0yMzYuNQ0KWC1Db250ZW50LVR5cGUtT3B0aW9uczogbm9zbmlmZg0KDQo=
1791347888717101817,200,25375070141,10063439,0,,,,1155,POST,http://proxy:8080/extract,Q29udGVudC1MZW5ndGg6IDQxMzA1DQpDb250ZW50LVR5cGU6IGFwcGxpY2F0aW9uL2pzb24NCkRhdGU6IFdlZCwgMDcgT2N0IDIwMjYgMDQ6Mzg6MzIgR01UDQpTZXJ2ZXItVGltaW5nOiBxdWV1ZTtkdXI9MC4wLCBleHRyYWN0O2R1cj0zMTIuMg0KWC1Db250ZW50LVR5cGUtT3B0aW9uczogbm9zbmlmZg0KDQo=
1791347889177337228,503,25014871378,736965,0,503 Service Unavailable,,,1178,POST,http://proxy:8080/extract,Q29udGVudC1MZW5ndGg6IDExNQ0KQ29udGVudC1UeXBlOiBhcHBsaWNhdGlvbi9qc29uDQpSZXRyeS1BZnRlcjogMg0KWC1Db250ZW50LVR5cGUtT3B0aW9uczogbm9zbmlmZg0KDQo=
1791347889197891404,503,25020825234,10063439,0,503 Service Unavailable,,,1179,POST,http://proxy:8080/extract,Q29udGVudC1MZW5ndGg6IDExNQ0KQ29udGVudC1UeXBlOiBhcHBsaWNhdGlvbi9qc29uDQpSZXRyeS1BZnRlcjogMg0KWC1Db250ZW50LVR5cGUtT3B0aW9uczogbm9zbmlmZg0KDQo=
1791347889262144196,503,25002302270,736965,0,503 Service Unavailable,,,1182,POST,http://proxy:8080/extract,Q29udGVudC1MZW5ndGg6IDExNQ0KQ29udGVudC1UeXBlOiBhcHBsaWNhdGlvbi9qc29uDQpSZXRyeS1BZnRlcjogMg0KWC1Db250ZW50LVR5cGUtT3B0aW9uczogbm9zbmlmZg0KDQo=
1791347888858637430,200,25411999458,736965,0,,,,1162,POST,http://proxy:8080/extract,Q29udGVudC1MZW5ndGg6IDc5Mjg5NQ0KQ29udGVudC1UeXBlOiBhcHBsaWNhdGlvbi9qc29uDQpEYXRlOiBXZWQsIDA3IE9jdCAyMDI2IDA0OjM4OjMyIEdNVA0KU2VydmVyLVRpbWluZzogcXVldWU7ZHVyPTAuMCwgZXh0cmFjdDtkdXI9NDA3LjMNClgtQ29udGVudC1UeXBlLU9wdGlvbnM6IG5vc25pZmYNCg0K
1791347888705911716,200,25574750851,736965,0,,,,1154,POST,http://proxy:8080/extract,Q29udGVudC1MZW5ndGg6IDc5Mjg5NQ0KQ29udGVudC1UeXBlOiBhcHBsaWNhdGlvbi9qc29uDQpEYXRlOiBXZWQsIDA3IE9jdCAyMDI2IDA0OjM4OjMzIEdNVA0KU2VydmVyLVRpbWluZzogcXVldWU7ZHVyPTAuMCwgZXh0cmFjdDtkdXI9NjI3LjUNClgtQ29udGVudC1UeXBlLU9wdGlvbnM6IG5vc25pZmYNCg0K
1791347889341693223,503,25027071635,736965,0,503 Service Unavailable,,,1186,POST,http://proxy:8080/extract,Q29udGVudC1MZW5ndGg6IDExNQ0KQ29udGVudC1UeXBlOiBhcHBsaWNhdGlvbi9qc29uDQpSZXRyeS1BZnRlcjogMg0KWC1Db250ZW50LVR5cGUtT3B0aW9uczogbm9zbmlmZg0KDQo=
1791347888936942835,200,25441320899,736965,0,,,,1166,POST,http://proxy:8080/extract,Q29udGVudC1MZW5ndGg6IDc5Mjg5NQ0KQ29udGVudC1UeXBlOiBhcHBsaWNhdGlvbi9qc29uDQpEYXRlOiBXZWQsIDA3IE9jdCAyMDI2IDA0OjM4OjMzIEdNVA0KU2VydmVyLVRpbWluZzogcXVldWU7ZHVyPTAuMCwgZXh0cmFjdDtkdXI9NDU4LjgNClgtQ29udGVudC1UeXBlLU9wdGlvbnM6IG5vc25pZmYNCg0K
1791347889121103971,200,25294499634,10063439,0,,,,1175,POST,http://proxy:8080/extract,Q29udGVudC1MZW5ndGg6IDQxMzA1DQpDb250ZW50LVR5cGU6IGFwcGxpY2F0aW9uL2pzb24NCkRhdGU6IFdlZCwgMDcgT2N0IDIwMjYgMDQ6Mzg6MzMgR01UDQpTZXJ2ZXItVGltaW5nOiBxdWV1ZTtkdXI9MC4wLCBleHRyYWN0O2R1cj0yOTUuOQ0KWC1Db250ZW50LVR5cGUtT3B0aW9uczogbm9zbmlmZg0KDQo=
1791347889499397928,503,25004446596,736965,0,503 Service Unavailable,,,1194,POST,http://proxy:8080/extract,Q29udGVudC1MZW5ndGg6IDExNQ0KQ29udGVudC1UeXBlOiBhcHBsaWNhdGlvbi9qc29uDQpSZXRyeS1BZnRlcjogMg0KWC1Db250ZW50LVR5cGUtT3B0aW9uczogbm9zbmlmZg0KDQo=
1791347889097701586,200,25420108495,736965,0,,,,1174,POST,http://proxy:8080/extract,Q29udGVudC1MZW5ndGg6IDc5Mjg5NQ0KQ29udGVudC1UeXBlOiBhcHBsaWNhdGlvbi9qc29uDQpEYXRlOiBXZWQsIDA3IE9jdCAyMDI2IDA0OjM4OjMzIEdNVA0KU2VydmVyLVRpbWluZzogcXVldWU7ZHVyPTAuMCwgZXh0cmFjdDtkdXI9NDUyLjYNClgtQ29udGVudC1UeXBlLU9wdGlvbnM6IG5vc25pZmYNCg0K
1791347889277959024,200,25257837207,10063439,0,,,,1183,POST,http://proxy:8080/extract,Q29udGVudC1MZW5ndGg6IDQxMzA1DQpDb250ZW50LVR5cGU6IGFwcGxpY2F0aW9uL2pzb24NCkRhdGU6IFdlZCwgMDcgT2N0IDIwMjYgMDQ6Mzg6MzMgR01UDQpTZXJ2ZXItVGltaW5nOiBxdWV1ZTtkdXI9MC4wLCBleHRyYWN0O2R1cj0yMDAuMg0KWC1Db250ZW50LVR5cGUtT3B0aW9uczogbm9zbmlmZg0KDQo=
1791347889367583653,200,25229455668,10063439,0,,,,1187,POST,http://proxy:8080/extract,Q29udGVudC1MZW5ndGg6IDQxMzA1DQpDb250ZW50LVR5cGU6IGFwcGxpY2F0aW9uL2pzb24NCkRhdGU6IFdlZCwgMDcgT2N0IDIwMjYgMDQ6Mzg6MzQgR01UDQpTZXJ2ZXItVGltaW5nOiBxdWV1ZTtkdXI9MC4wLCBleHRyYWN0O2R1cj0yNzAuNw0KWC1Db250ZW50LVR5cGUtT3B0aW9uczogbm9zbmlmZg0KDQo=
1791347889657399586,503,25010598942,736965,0,503 Service Unavailable,,,1202,POST,http://proxy:8080/extract,Q29udGVudC1MZW5ndGg6IDExNQ0KQ29udGVudC1UeXBlOiBhcHBsaWNhdGlvbi9qc29uDQpSZXRyeS1BZnRlcjogMg0KWC1Db250ZW50LVR5cGUtT3B0aW9uczogbm9zbmlmZg0KDQo=
1791347889677681313,503,25011281854,10063439,0,503 Service Unavailable,,,1203,POST,http://proxy:8080/extract,Q29udGVudC1MZW5ndGg6IDExNQ0KQ29udGVudC1UeXBlOiBhcHBsaWNhdGlvbi9qc29uDQpSZXRyeS1BZnRlcjogMg0KWC1Db250ZW50LVR5cGUtT3B0aW9uczogbm9zbmlmZg0KDQo=
1791347889737513014,503,25001733179,736965,0,503 Service Unavailable,,,1206,POST,http://proxy:8080/extract,Q29udGVudC1MZW5ndGg6IDExNQ0KQ29udGVudC1UeXBlOiBhcHBsaWNhdGlvbi9qc29uDQpSZXRyeS1BZnRlcjogMg0KWC1Db250ZW50LVR5cGUtT3B0aW9uczogbm9zbmlmZg0KDQo=
1791347889757865254,503,25008336460,10063439,0,503 Service Unavailable,,,1207,POST,http://proxy:8080/extract,Q29udGVudC1MZW5ndGg6IDExNQ0KQ29udGVudC1UeXBlOiBhcHBsaWNhdGlvbi9qc29uDQpSZXRyeS1BZnRlcjogMg0KWC1Db250ZW50LVR5cGUtT3B0aW9uczogbm9zbmlmZg0KDQo=
1791347889437407341,200,25342827843,10063439,0,,,,1191,POST,http://proxy:8080/extract,Q29udGVudC1MZW5ndGg6IDQxMzA1DQpDb250ZW50LVR5cGU6IGFwcGxpY2F0aW9uL2pzb24NCkRhdGU6IFdlZCwgMDcgT2N0IDIwMjYgMDQ6Mzg6MzMgR01UDQpTZXJ2ZXItVGltaW5nOiBxdWV1ZTtkdXI9MC4wLCBleHRyYWN0O2R1cj0zMDEuMg0KWC1Db250ZW50LVR5cGUtT3B0aW9uczogbm9zbmlmZg0KDQo=
1791347889521070704,200,25292027167,10063439,0,,,,1195,POST,http://proxy:8080/extract,Q29udGVudC1MZW5ndGg6IDQxMzA1DQpDb250ZW50LVR5cGU6IGFwcGxpY2F0aW9uL2pzb24NCkRhdGU6IFdlZCwgMDcgT2N0IDIwMjYgMDQ6Mzg6MzQgR01UDQpTZXJ2ZXItVGltaW5nOiBxdWV1ZTtkdXI9MC4xLCBleHRyYWN0O2R1cj0yNDIuMg0KWC1Db250ZW50LVR5cGUtT3B0aW9uczogbm9zbmlmZg0KDQo=
1791347889417813637,200,25424096422,736965,0,,,,1190,POST,http://proxy:8080/extract,Q29udGVudC1MZW5ndGg6IDc5Mjg5NQ0KQ29udGVudC1UeXBlOiBhcHBsaWNhdGlvbi9qc29uDQpEYXRlOiBXZWQsIDA3IE9jdCAyMDI2IDA0OjM4OjMzIEdNVA0KU2VydmVyLVRpbWluZzogcXVldWU7ZHVyPTAuMCwgZXh0cmFjdDtkdXI9NDI1LjgNClgtQ29udGVudC1UeXBlLU9wdGlvbnM6IG5vc25pZmYNCg0K
1791347889597920848,200,25322246459,10063439,0,,,,1199,POST,http://proxy:8080/extract,Q29udGVudC1MZW5ndGg6IDQxMzA1DQpDb250ZW50LVR5cGU6IGFwcGxpY2F0aW9uL2pzb24NCkRhdGU6IFdlZCwgMDcgT2N0IDIwMjYgMDQ6Mzg6MzQgR01UDQpTZXJ2ZXItVGltaW5nOiBxdWV1ZTtkdXI9MC4wLCBleHRyYWN0O2R1cj0yODAuMQ0KWC1Db250ZW50LVR5cGUtT3B0aW9uczogbm9zbmlmZg0KDQo=
1791347889577333966,200,25402621444,736965,0,,,,1198,POST,http://proxy:8080/extract,Q29udGVudC1MZW5ndGg6IDc5Mjg5NQ0KQ29udGVudC1UeXBlOiBhcHBsaWNhdGlvbi9qc29uDQpEYXRlOiBXZWQsIDA3IE9jdCAyMDI2IDA0OjM4OjMzIEdNVA0KU2VydmVyLVRpbWluZzogcXVldWU7ZHVyPTAuMCwgZXh0cmFjdDtkdXI9NDI2LjgNClgtQ29udGVudC1UeXBlLU9wdGlvbnM6IG5vc25pZmYNCg0K
1791347889997860576,503,25009650973,10063439,0,503 Service Unavailable,,,1219,POST,http://proxy:8080/extract,Q29udGVudC1MZW5ndGg6IDExNQ0KQ29udGVudC1UeXBlOiBhcHBsaWNhdGlvbi9qc29uDQpSZXRyeS1BZnRlcjogMg0KWC1Db250ZW50LVR5cGUtT3B0aW9uczogbm9zbmlmZg0KDQo=
1791347889836963700,200,25205300410,10063439,0,,,,1211,POST,http://proxy:8080/extract,Q29udGVudC1MZW5ndGg6IDQxMzA1DQpDb250ZW50LVR5cGU6IGFwcGxpY2F0aW9uL2pzb24NCkRhdGU6IFdlZCwgMDcgT2N0IDIwMjYgMDQ6Mzg6MzQgR01UDQpTZXJ2ZXItVGltaW5nOiBxdWV1ZTtkdXI9MC4wLCBleHRyYWN0O2R1cj0xODMuMQ0KWC1Db250ZW50LVR5cGUtT3B0aW9uczogbm9zbmlmZg0KDQo=
1791347890077086545,503,25005674459,10063439,0,503 Service Unavailable,,,1223,POST,http://proxy:8080/extract,Q29udGVudC1MZW5ndGg6IDExNQ0KQ29udGVudC1UeXBlOiBhcHBsaWNhdGlvbi9qc29uDQpSZXRyeS1BZnRlcjogMg0KWC1Db250ZW50LVR5cGUtT3B0aW9uczogbm9zbmlmZg0KDQo=
1791347890139210056,503,25002473279,736965,0,503 Service Unavailable,,,1226,POST,http://proxy:8080/extract,Q29udGVudC1MZW5ndGg6IDExNQ0KQ29udGVudC1UeXBlOiBhcHBsaWNhdGlvbi9qc29uDQpSZXRyeS1BZnRlcjogMg0KWC1Db250ZW50LVR5cGUtT3B0aW9uczogbm9zbmlmZg0KDQo=
1791347890156852611,503,25027529153,10063439,0,503 Service Unavailable,,,1227,POST,http://proxy:8080/extract,Q29udGVudC1MZW5ndGg6IDExNQ0KQ29udGVudC1UeXBlOiBhcHBsaWNhdGlvbi9qc29uDQpSZXRyeS1BZnRlcjogMg0KWC1Db250ZW50LVR5cGUtT3B0aW9uczogbm9zbmlmZg0KDQo=
1791347890217491056,503,25001106263,736965,0,503 Service Unavailable,,,1230,POST,http://proxy:8080/extract,Q29udGVudC1MZW5ndGg6IDExNQ0KQ29udGVudC1UeXBlOiBhcHBsaWNhdGlvbi9qc29uDQpSZXRyeS1BZnRlcjogMg0KWC1Db250ZW50LVR5cGUtT3B0aW9uczogbm9zbmlmZg0KDQo=
1791347890237375912,503,25010201027,10063439,0,503 Service Unavailable,,,1231,POST,http://proxy:8080/extract,Q29udGVudC1MZW5ndGg6IDExNQ0KQ29udGVudC1UeXBlOiBhcHBsaWNhdGlvbi9qc29uDQpSZXRyeS1BZnRlcjogMg0KWC1Db250ZW50LVR5cGUtT3B0aW9uczogbm9zbmlmZg0KDQo=
1791347889926071737,200,25354027622,10063439,0,,,,1215,POST,http://proxy:8080/extract,Q29udGVudC1MZW5ndGg6IDQxMzA1DQpDb250ZW50LVR5cGU6IGFwcGxpY2F0aW9uL2pzb24NCkRhdGU6IFdlZCwgMDcgT2N0IDIwMjYgMDQ6Mzg6MzQgR01UDQpTZXJ2ZXItVGltaW5nOiBxdWV1ZTtkdXI9MC4wLCBleHRyYWN0O2R1cj0zMzQuMQ0KWC1Db250ZW50LVR5cGUtT3B0aW9uczogbm9zbmlmZg0KDQo=
1791347890317279903,503,25014274714,10063439,0,503 Service Unavailable,,,1235,POST,http://proxy:8080/extract,Q29udGVudC1MZW5ndGg6IDExNQ0KQ29udGVudC1UeXBlOiBhcHBsaWNhdGlvbi9qc29uDQpSZXRyeS1BZnRlcjogMg0KWC1Db250ZW50LVR5cGUtT3B0aW9uczogbm9zbmlmZg0KDQo=
1791347890377215022,503,25006419275,736965,0,503 Service Unavailable,,,1238,POST,http://proxy:8080/extract,Q29udGVudC1MZW5ndGg6IDExNQ0KQ29udGVudC1UeXBlOiBhcHBsaWNhdGlvbi9qc29uDQpSZXRyeS1BZnRlcjogMg0KWC1Db250ZW50LVR5cGUtT3B0aW9uczogbm9zbmlmZg0KDQo=
1791347890397798703,503,25020343706,10063439,0,503 Service Unavailable,,,1239,POST,http://proxy:8080/extract,Q29udGVudC1MZW5ndGg6IDExNQ0KQ29udGVudC1UeXBlOiBhcHBsaWNhdGlvbi9qc29uDQpSZXRyeS1BZnRlcjogMg0KWC1Db250ZW50LVR5cGUtT3B0aW9uczogbm9zbmlmZg0KDQo=
1791347889976900827,200,25457759843,736965,0,,,,1218,POST,http://proxy:8080/extract,Q29udGVudC1MZW5ndGg6IDc5Mjg5NQ0KQ29udGVudC1UeXBlOiBhcHBsaWNhdGlvbi9qc29uDQpEYXRlOiBXZWQsIDA3IE9jdCAyMDI2IDA0OjM4OjMzIEdNVA0KU2VydmVyLVRpbWluZzogcXVldWU7ZHVyPTAuMCwgZXh0cmFjdDtkdXI9NDU4LjMNClgtQ29udGVudC1UeXBlLU9wdGlvbnM6IG5vc25pZmYNCg0K
1791347889817359194,200,25630373557,736965,0,,,,1210,POST,http://proxy:8080/extract,Q29udGVudC1MZW5ndGg6IDc5Mjg5NQ0KQ29udGVudC1UeXBlOiBhcHBsaWNhdGlvbi9qc29uDQpEYXRlOiBXZWQsIDA3IE9jdCAyMDI2IDA0OjM4OjMzIEdNVA0KU2VydmVyLVRpbWluZzogcXVldWU7ZHVyPTAuMCwgZXh0cmFjdDtkdXI9NjU5LjcNClgtQ29udGVudC1UeXBlLU9wdGlvbnM6IG5vc25pZmYNCg0K
1791347890057375220,200,25491125223,736965,0,,,,1222,POST,http://proxy:8080/extract,Q29udGVudC1MZW5ndGg6IDc5Mjg5NQ0KQ29udGVudC1UeXBlOiBhcHBsaWNhdGlvbi9qc29uDQpEYXRlOiBXZWQsIDA3IE9jdCAyMDI2IDA0OjM4OjM0IEdNVA0KU2VydmVyLVRpbWluZzogcXVldWU7ZHVyPTAuMCwgZXh0cmFjdDtkdXI9NDk5LjgNClgtQ29udGVudC1UeXBlLU9wdGlvbnM6IG5vc25pZmYNCg0K
1791347889905022872,200,25646392946,736965,0,,,,1214,POST,http://proxy:8080/extract,Q29udGVudC1MZW5ndGg6IDc5Mjg5NQ0KQ29udGVudC1UeXBlOiBhcHBsaWNhdGlvbi9qc29uDQpEYXRlOiBXZWQsIDA3IE9jdCAyMDI2IDA0OjM4OjM0IEdNVA0KU2VydmVyLVRpbWluZzogcXVldWU7ZHVyPTAuMCwgZXh0cmFjdDtkdXI9Njk5LjANClgtQ29udGVudC1UeXBlLU9wdGlvbnM6IG5vc25pZmYNCg0K
1791347890617339667,503,25002016263,736965,0,503 Service Unavailable,,,1250,POST,http://proxy:8080/extract,Q29udGVudC1MZW5ndGg6IDExNQ0KQ29udGVudC1UeXBlOiBhcHBsaWNhdGlvbi9qc29uDQpSZXRyeS1BZnRlcjogMg0KWC1Db250ZW50LVR5cGUtT3B0aW9uczogbm9zbmlmZg0KDQo=
1791347890646213831,503,25016639085,10063439,0,503 Service Unavailable,,,1251,POST,http://proxy:8080/extract,Q29udGVudC1MZW5ndGg6IDExNQ0KQ29udGVudC1UeXBlOiBhcHBsaWNhdGlvbi9qc29uDQpSZXRyeS1BZnRlcjogMg0KWC1Db250ZW50LVR5cGUtT3B0aW9uczogbm9zbmlmZg0KDQo=
1791347890696846687,503,25001203377,736965,0,503 Service Unavailable,,,1254,POST,http://proxy:8080/extract,Q29udGVudC1MZW5ndGg6IDExNQ0KQ29udGVudC1UeXBlOiBhcHBsaWNhdGlvbi9qc29uDQpSZXRyeS1BZnRlcjogMg0KWC1Db250ZW50LVR5cGUtT3B0aW9uczogbm9zbmlmZg0KDQo=
1791347890477581672,200,25237971247,10063439,0,,,,1243,POST,http://proxy:8080/extract,Q29udGVudC1MZW5ndGg6IDQxMzA1DQpDb250ZW50LVR5cGU6IGFwcGxpY2F0aW9uL2pzb24NCkRhdGU6IFdlZCwgMDcgT2N0IDIwMjYgMDQ6Mzg6MzQgR01UDQpTZXJ2ZXItVGltaW5nOiBxdWV1ZTtkdXI9MC4wLCBleHRyYWN0O2R1cj0yMzUuNQ0KWC1Db250ZW50LVR5cGUtT3B0aW9uczogbm9zbmlmZg0KDQo=
1791347890777646338,503,25002020738,736965,0,503 Service Unavailable,,,1258,POST,http://proxy:8080/extract,Q29udGVudC1MZW5ndGg6IDExNQ0KQ29udGVudC1UeXBlOiBhcHBsaWNhdGlvbi9qc29uDQpSZXRyeS1BZnRlcjogMg0KWC1Db250ZW50LVR5cGUtT3B0aW9uczogbm9zbmlmZg0KDQo=
1791347890796853273,503,25021748289,10063439,0,503 Service Unavailable,,,1259,POST,http://proxy:8080/extract,Q29udGVudC1MZW5ndGg6IDExNQ0KQ29udGVudC1UeXBlOiBhcHBsaWNhdGlvbi9qc29uDQpSZXRyeS1BZnRlcjogMg0KWC1Db250ZW50LVR5cGUtT3B0aW9uczogbm9zbmlmZg0KDQo=
1791347890857582834,503,25002430002,736965,0,503 Service Unavailable,,,1262,POST,http://proxy:8080/extract,Q29udGVudC1MZW5ndGg6IDExNQ0KQ29udGVudC1UeXBlOiBhcHBsaWNhdGlvbi9qc29uDQpSZXRyeS1BZnRlcjogMg0KWC1Db250ZW50LVR5cGUtT3B0aW9uczogbm9zbmlmZg0KDQo=
1791347890877388476,503,25026013325,10063439,0,503 Service Unavailable,,,1263,POST,http://proxy:8080/extract,Q29udGVudC1MZW5ndGg6IDExNQ0KQ29udGVudC1UeXBlOiBhcHBsaWNhdGlvbi9qc29uDQpSZXRyeS1BZnRlcjogMg0KWC1Db250ZW50LVR5cGUtT3B0aW9uczogbm9zbmlmZg0KDQo=
1791347890557429553,200,25402175543,10063439,0,,,,1247,POST,http://proxy:8080/extract,Q29udGVudC1MZW5ndGg6IDQxMzA1DQpDb250ZW50LVR5cGU6IGFwcGxpY2F0aW9uL2pzb24NCkRhdGU6IFdlZCwgMDcgT2N0IDIwMjYgMDQ6Mzg6MzUgR01UDQpTZXJ2ZXItVGltaW5nOiBxdWV1ZTtkdXI9MC4wLCBleHRyYWN0O2R1cj0zNTAuNA0KWC1Db250ZW50LVR5cGUtT3B0aW9uczogbm9zbmlmZg0KDQo=
1791347890957621025,503,25021884800,10063439,0,503 Service Unavailable,,,1267,POST,http://proxy:8080/extract,Q29udGVudC1MZW5ndGg6IDExNQ0KQ29udGVudC1UeXBlOiBhcHBsaWNhdGlvbi9qc29uDQpSZXRyeS1BZnRlcjogMg0KWC1Db250ZW50LVR5cGUtT3B0aW9uczogbm9zbmlmZg0KDQo=
1791347890717910454,200,25275165850,10063439,0,,,,1255,POST,http://proxy:8080/extract,Q29udGVudC1MZW5ndGg6IDQxMzA1DQpDb250ZW50LVR5cGU6IGFwcGxpY2F0aW9uL2pzb24NCkRhdGU6IFdlZCwgMDcgT2N0IDIwMjYgMDQ6Mzg6MzQgR01UDQpTZXJ2ZXItVGltaW5nOiBxdWV1ZTtkdXI9MC4wLCBleHRyYWN0O2R1cj0yMzUuMA0KWC1Db250ZW50LVR5cGUtT3B0aW9uczogbm9zbmlmZg0KDQo=
1791347890299376801,200,25773891333,736965,0,,,,1234,POST,http://proxy:8080/extract,Q29udGVudC1MZW5ndGg6IDc5Mjg5NQ0KQ29udGVudC1UeXBlOiBhcHBsaWNhdGlvbi9qc29uDQpEYXRlOiBXZWQsIDA3IE9jdCAyMDI2IDA0OjM4OjM1IEdNVA0KU2VydmVyLVRpbWluZzogcXVldWU7ZHVyPTAuMSwgZXh0cmFjdDtkdXI9NzY4LjENClgtQ29udGVudC1UeXBlLU9wdGlvbnM6IG5vc25pZmYNCg0K
1791347891037759858,503,25035627099,10063439,0,503 Service Unavailable,,,1271,POST,http://proxy:8080/extract,Q29udGVudC1MZW5ndGg6IDExNQ0KQ29udGVudC1UeXBlOiBhcHBsaWNhdGlvbi9qc29uDQpSZXRyeS1BZnRlcjogMg0KWC1Db250ZW50LVR5cGUtT3B0aW9uczogbm9zbmlmZg0KDQo=
1791347890541115935,200,25548806286,736965,0,,,,1246,POST,http://proxy:8080/extract,Q29udGVudC1MZW5ndGg6IDc5Mjg5NQ0KQ29udGVudC1UeXBlOiBhcHBsaWNhdGlvbi9qc29uDQpEYXRlOiBXZWQsIDA3IE9jdCAyMDI2IDA0OjM4OjM1IEdNVA0KU2VydmVyLVRpbWluZzogcXVldWU7ZHVyPTAuMCwgZXh0cmFjdDtkdXI9NTIwLjANClgtQ29udGVudC1UeXBlLU9wdGlvbnM6IG5vc25pZmYNCg0K
1791347891177353724,503,25001929838,736965,0,503 Service Unavailable,,,1278,POST,http://proxy:8080/extract,Q29udGVudC1MZW5ndGg6IDExNQ0KQ29udGVudC1UeXBlOiBhcHBsaWNhdGlvbi9qc29uDQpSZXRyeS1BZnRlcjogMg0KWC1Db250ZW50LVR5cGUtT3B0aW9uczogbm9zbmlmZg0KDQo=
1791347891197501027,503,25016940675,10063439,0,503 Service Unavailable,,,1279,POST,http://proxy:8080/extract,Q29udGVudC1MZW5ndGg6IDExNQ0KQ29udGVudC1UeXBlOiBhcHBsaWNhdGlvbi9qc29uDQpSZXRyeS1BZnRlcjogMg0KWC1Db250ZW50LVR5cGUtT3B0aW9uczogbm9zbmlmZg0KDQo=
1791347890458226711,200,25771982203,736965,0,,,,1242,POST,http://proxy:8080/extract,Q29udGVudC1MZW5ndGg6IDc5Mjg5NQ0KQ29udGVudC1UeXBlOiBhcHBsaWNhdGlvbi9qc29uDQpEYXRlOiBXZWQsIDA3IE9jdCAyMDI2IDA0OjM4OjM1IEdNVA0KU2VydmVyLVRpbWluZzogcXVldWU7ZHVyPTAuMCwgZXh0cmFjdDtkdXI9NzkyLjENClgtQ29udGVudC1UeXBlLU9wdGlvbnM6IG5vc25pZmYNCg0K
1791347891281491848,503,25021207276,10063439,0,503 Service Unavailable,,,1283,POST,http://proxy:8080/extract,Q29udGVudC1MZW5ndGg6IDExNQ0KQ29udGVudC1UeXBlOiBhcHBsaWNhdGlvbi9qc29uDQpSZXRyeS1BZnRlcjogMg0KWC1Db250ZW50LVR5cGUtT3B0aW9uczogbm9zbmlmZg0KDQo=
1791347891336949667,503,25000995015,736965,0,503 Service Unavailable,,,1286,POST,http://proxy:8080/extract,Q29udGVudC1MZW5ndGg6IDExNQ0KQ29udGVudC1UeXBlOiBhcHBsaWNhdGlvbi9qc29uDQpSZXRyeS1BZnRlcjogMg0KWC1Db250ZW50LVR5cGUtT3B0aW9uczogbm9zbmlmZg0KDQo=
1791347891127375485,200,25210654814,10063439,0,,,,1275,POST,http://proxy:8080/extract,Q29udGVudC1MZW5ndGg6IDQxMzA1DQpDb250ZW50LVR5cGU6IGFwcGxpY2F0aW9uL2pzb24NCkRhdGU6IFdlZCwgMDcgT2N0IDIwMjYgMDQ6Mzg6MzUgR01UDQpTZXJ2ZXItVGltaW5nOiBxdWV1ZTtkdXI9MC4wLCBleHRyYWN0O2R1cj0yMzAuMA0KWC1Db250ZW50LVR5cGUtT3B0aW9uczogbm9zbmlmZg0KDQo=
1791347891417069296,503,25001789559,736965,0,503 Service Unavailable,,,1290,POST,http://proxy:8080/extract,Q29udGVudC1MZW5ndGg6IDExNQ0KQ29udGVudC1UeXBlOiBhcHBsaWNhdGlvbi9qc29uDQpSZXRyeS1BZnRlcjogMg0KWC1Db250ZW50LVR5cGUtT3B0aW9uczogbm9zbmlmZg0KDQo=
1791347891442911618,503,25029601628,10063439,0,503 Service Unavailable,,,1291,POST,http://proxy:8080/extract,Q29udGVudC1MZW5ndGg6IDExNQ0KQ29udGVudC1UeXBlOiBhcHBsaWNhdGlvbi9qc29uDQpSZXRyeS1BZnRlcjogMg0KWC1Db250ZW50LVR5cGUtT3B0aW9uczogbm9zbmlmZg0KDQo=
1791347891497449772,503,25005028089,736965,0,503 Service Unavailable,,,1294,POST,http://proxy:8080/extract,Q29udGVudC1MZW5ndGg6IDExNQ0KQ29udGVudC1UeXBlOiBhcHBsaWNhdGlvbi9qc29uDQpSZXRyeS1BZnRlcjogMg0KWC1Db250ZW50LVR5cGUtT3B0aW9uczogbm9zbmlmZg0KDQo=
1791347891519180358,503,25009379252,10063439,0,503 Service Unavailable,,,1295,POST,http://proxy:8080/extract,Q29udGVudC1MZW5ndGg6IDExNQ0KQ29udGVudC1UeXBlOiBhcHBsaWNhdGlvbi9qc29uDQpSZXRyeS1BZnRlcjogMg0KWC1Db250ZW50LVR5cGUtT3B0aW9uczogbm9zbmlmZg0KDQo=
1791347891359173642,200,25216062982,10063439,0,,,,1287,POST,http://proxy:8080/extract,Q29udGVudC1MZW5ndGg6IDQxMzA1DQpDb250ZW50LVR5cGU6IGFwcGxpY2F0aW9uL2pzb24NCkRhdGU6IFdlZCwgMDcgT2N0IDIwMjYgMDQ6Mzg6MzYgR01UDQpTZXJ2ZXItVGltaW5nOiBxdWV1ZTtkdXI9MC4wLCBleHRyYWN0O2R1cj0yMTMuMQ0KWC1Db250ZW50LVR5cGUtT3B0aW9uczogbm9zbmlmZg0KDQo=
1791347891596909360,503,25018100216,10063439,0,503 Service Unavailable,,,1299,POST,http://proxy:8080/extract,Q29udGVudC1MZW5ndGg6IDExNQ0KQ29udGVudC1UeXBlOiBhcHBsaWNhdGlvbi9qc29uDQpSZXRyeS1BZnRlcjogMg0KWC1Db250ZW50LVR5cGUtT3B0aW9uczogbm9zbmlmZg0KDQo=
1791347891017796888,200,25641369004,736965,0,,,,1270,POST,http://proxy:8080/extract,Q29udGVudC1MZW5ndGg6IDc5Mjg5NQ0KQ29udGVudC1UeXBlOiBhcHBsaWNhdGlvbi9qc29uDQpEYXRlOiBXZWQsIDA3IE9jdCAyMDI2IDA0OjM4OjM1IEdNVA0KU2VydmVyLVRpbWluZzogcXVldWU7ZHVyPTAuMCwgZXh0cmFjdDtkdXI9NjYyLjINClgtQ29udGVudC1UeXBlLU9wdGlvbnM6IG5vc25pZmYNCg0K
1791347891677288835,503,25006932103,10063439,0,503 Service Unavailable,,,1303,POST,http://proxy:8080/extract,Q29udGVudC1MZW5ndGg6IDExNQ0KQ29udGVudC1UeXBlOiBhcHBsaWNhdGlvbi9qc29uDQpSZXRyeS1BZnRlcjogMg0KWC1Db250ZW50LVR5cGUtT3B0aW9uczogbm9zbmlmZg0KDQo=
1791347890941857506,200,25779054075,736965,0,,,,1266,POST,http://proxy:8080/extract,Q29udGVudC1MZW5ndGg6IDc5Mjg5NQ0KQ29udGVudC1UeXBlOiBhcHBsaWNhdGlvbi9qc29uDQpEYXRlOiBXZWQsIDA3IE9jdCAyMDI2IDA0OjM4OjM1IEdNVA0KU2VydmVyLVRpbWluZzogcXVldWU7ZHVyPTAuMCwgZXh0cmFjdDtkdXI9NzM0LjINClgtQ29udGVudC1UeXBlLU9wdGlvbnM6IG5vc25pZmYNCg0K
1791347891757495380,503,25048617320,10063439,0,503 Service Unavailable,,,1307,POST,http://proxy:8080/extract,Q29udGVudC1MZW5ndGg6IDExNQ0KQ29udGVudC1UeXBlOiBhcHBsaWNhdGlvbi9qc29uDQpSZXRyeS1BZnRlcjogMg0KWC1Db250ZW50LVR5cGUtT3B0aW9uczogbm9zbmlmZg0KDQo=
1791347891823122217,503,25002528140,736965,0,503 Service Unavailable,,,1310,POST,http://proxy:8080/extract,Q29udGVudC1MZW5ndGg6IDExNQ0KQ29udGVudC1UeXBlOiBhcHBsaWNhdGlvbi9qc29uDQpSZXRyeS1BZnRlcjogMg0KWC1Db250ZW50LVR5cGUtT3B0aW9uczogbm9zbmlmZg0KDQo=
1791347891837825247,503,25025302508,10063439,0,503 Service Unavailable,,,1311,POST,http://proxy:8080/extract,Q29udGVudC1MZW5ndGg6IDExNQ0KQ29udGVudC1UeXBlOiBhcHBsaWNhdGlvbi9qc29uDQpSZXRyeS1BZnRlcjogMg0KWC1Db250ZW50LVR5cGUtT3B0aW9uczogbm9zbmlmZg0KDQo=
1791347891896990428,503,25001567521,736965,0,503 Service Unavailable,,,1314,POST,http://proxy:8080/extract,Q29udGVudC1MZW5ndGg6IDExNQ0KQ29udGVudC1UeXBlOiBhcHBsaWNhdGlvbi9qc29uDQpSZXRyeS1BZnRlcjogMg0KWC1Db250ZW50LVR5cGUtT3B0aW9uczogbm9zbmlmZg0KDQo=
1791347891917943675,503,25010437861,10063439,0,503 Service Unavailable,,,1315,POST,http://proxy:8080/extract,Q29udGVudC1MZW5ndGg6IDExNQ0KQ29udGVudC1UeXBlOiBhcHBsaWNhdGlvbi9qc29uDQpSZXRyeS1BZnRlcjogMg0KWC1Db250ZW50LVR5cGUtT3B0aW9uczogbm9zbmlmZg0KDQo=
1791347891097923918,200,25871248571,736965,0,,,,1274,POST,http://proxy:8080/extract,Q29udGVudC1MZW5ndGg6IDc5Mjg5NQ0KQ29udGVudC1UeXBlOiBhcHBsaWNhdGlvbi9qc29uDQpEYXRlOiBXZWQsIDA3IE9jdCAyMDI2IDA0OjM4OjM1IEdNVA0KU2VydmVyLVRpbWluZzogcXVldWU7ZHVyPTAuMCwgZXh0cmFjdDtkdXI9ODk1LjcNClgtQ29udGVudC1UeXBlLU9wdGlvbnM6IG5vc25pZmYNCg0K
1791347891265393669,200,25759725464,736965,0,,,,1282,POST,http://proxy:8080/extract,Q29udGVudC1MZW5ndGg6IDc5Mjg5NQ0KQ29udGVudC1UeXBlOiBhcHBsaWNhdGlvbi9qc29uDQpEYXRlOiBXZWQsIDA3IE9jdCAyMDI2IDA0OjM4OjM2IEdNVA0KU2VydmVyLVRpbWluZzogcXVldWU7ZHVyPTAuMCwgZXh0cmFjdDtkdXI9NzU4LjkNClgtQ29udGVudC1UeXBlLU9wdGlvbnM6IG5vc25pZmYNCg0K
1791347892003031593,503,25037032090,10063439,0,503 Service Unavailable,,,1319,POST,http://proxy:8080/extract,Q29udGVudC1MZW5ndGg6IDExNQ0KQ29udGVudC1UeXBlOiBhcHBsaWNhdGlvbi9qc29uDQpSZXRyeS1BZnRlcjogMg0KWC1Db250ZW50LVR5cGUtT3B0aW9uczogbm9zbmlmZg0KDQo=
1791347892077348084,503,25014863293,10063439,0,503 Service Unavailable,,,1323,POST,http://proxy:8080/extract,Q29udGVudC1MZW5ndGg6IDExNQ0KQ29udGVudC1UeXBlOiBhcHBsaWNhdGlvbi9qc29uDQpSZXRyeS1BZnRlcjogMg0KWC1Db250ZW50LVR5cGUtT3B0aW9uczogbm9zbmlmZg0KDQo=
1791347891577001699,200,25552339407,736965,0,,,,1298,POST,http://proxy:8080/extract,Q29udGVudC1MZW5ndGg6IDc5Mjg5NQ0KQ29udGVudC1UeXBlOiBhcHBsaWNhdGlvbi9qc29uDQpEYXRlOiBXZWQsIDA3IE9jdCAyMDI2IDA0OjM4OjM2IEdNVA0KU2VydmVyLVRpbWluZzogcXVldWU7ZHVyPTAuMCwgZXh0cmFjdDtkdXI9NTMyLjMNClgtQ29udGVudC1UeXBlLU9wdGlvbnM6IG5vc25pZmYNCg0K
1791347892157477815,503,25007949915,10063439,0,503 Service Unavailable,,,1327,POST,http://proxy:8080/extract,Q29udGVudC1MZW5ndGg6IDExNQ0KQ29udGVudC1UeXBlOiBhcHBsaWNhdGlvbi9qc29uDQpSZXRyeS1BZnRlcjogMg0KWC1Db250ZW50LVR5cGUtT3B0aW9uczogbm9zbmlmZg0KDQo=
1791347892217579564,503,25002261007,736965,0,503 Service Unavailable,,,1330,POST,http://proxy:8080/extract,Q29udGVudC1MZW5ndGg6IDExNQ0KQ29udGVudC1UeXBlOiBhcHBsaWNhdGlvbi9qc29uDQpSZXRyeS1BZnRlcjogMg0KWC1Db250ZW50LVR5cGUtT3B0aW9uczogbm9zbmlmZg0KDQo=
1791347892237516430,503,25008606630,10063439,0,503 Service Unavailable,,,1331,POST,http://proxy:8080/extract,Q29udGVudC1MZW5ndGg6IDExNQ0KQ29udGVudC1UeXBlOiBhcHBsaWNhdGlvbi9qc29uDQpSZXRyeS1BZnRlcjogMg0KWC1Db250ZW50LVR5cGUtT3B0aW9uczogbm9zbmlmZg0KDQo=
1791347892301645499,503,25003329778,736965,0,503 Service Unavailable,,,1334,POST,http://proxy:8080/extract,Q29udGVudC1MZW5ndGg6IDExNQ0KQ29udGVudC1UeXBlOiBhcHBsaWNhdGlvbi9qc29uDQpSZXRyeS1BZnRlcjogMg0KWC1Db250ZW50LVR5cGUtT3B0aW9uczogbm9zbmlmZg0KDQo=
1791347892317558245,503,25014746227,10063439,0,503 Service Unavailable,,,1335,POST,http://proxy:8080/extract,Q29udGVudC1MZW5ndGg6IDExNQ0KQ29udGVudC1UeXBlOiBhcHBsaWNhdGlvbi9qc29uDQpSZXRyeS1BZnRlcjogMg0KWC1Db250ZW50LVR5cGUtT3B0aW9uczogbm9zbmlmZg0KDQo=
1791347892377146802,503,25007109026,736965,0,503 Service Unavailable,,,1338,POST,http://proxy:8080/extract,Q29udGVudC1MZW5ndGg6IDExNQ0KQ29udGVudC1UeXBlOiBhcHBsaWNhdGlvbi9qc29uDQpSZXRyeS1BZnRlcjogMg0KWC1Db250ZW50LVR5cGUtT3B0aW9uczogbm9zbmlmZg0KDQo=
1791347891661760158,200,25726876034,736965,0,,,,1302,POST,http://proxy:8080/extract,Q29udGVudC1MZW5ndGg6IDc5Mjg5NQ0KQ29udGVudC1UeXBlOiBhcHBsaWNhdGlvbi9qc29uDQpEYXRlOiBXZWQsIDA3IE9jdCAyMDI2IDA0OjM4OjM1IEdNVA0KU2VydmVyLVRpbWluZzogcXVldWU7ZHVyPTAuMCwgZXh0cmFjdDtkdXI9NzI0LjUNClgtQ29udGVudC1UeXBlLU9wdGlvbnM6IG5vc25pZmYNCg0K
1791347891737135639,200,25704164949,736965,0,,,,1306,POST,http://proxy:8080/extract,Q29udGVudC1MZW5ndGg6IDc5Mjg5NQ0KQ29udGVudC1UeXBlOiBhcHBsaWNhdGlvbi9qc29uDQpEYXRlOiBXZWQsIDA3IE9jdCAyMDI2IDA0OjM4OjM2IEdNVA0KU2VydmVyLVRpbWluZzogcXVldWU7ZHVyPTAuMywgZXh0cmFjdDtkdXI9NzA2LjkNClgtQ29udGVudC1UeXBlLU9wdGlvbnM6IG5vc25pZmYNCg0K
1791347891977833887,200,25464487303,736965,0,,,,1318,POST,http://proxy:8080/extract,Q29udGVudC1MZW5ndGg6IDc5Mjg5NQ0KQ29udGVudC1UeXBlOiBhcHBsaWNhdGlvbi9qc29uDQpEYXRlOiBXZWQsIDA3IE9jdCAyMDI2IDA0OjM4OjM2IEdNVA0KU2VydmVyLVRpbWluZzogcXVldWU7ZHVyPTAuMCwgZXh0cmFjdDtkdXI9NDY1LjENClgtQ29udGVudC1UeXBlLU9wdGlvbnM6IG5vc25pZmYNCg0K
1791347892058204661,200,25421580224,736965,0,,,,1322,POST,http://proxy:8080/extract,Q29udGVudC1MZW5ndGg6IDc5Mjg5NQ0KQ29udGVudC1UeXBlOiBhcHBsaWNhdGlvbi9qc29uDQpEYXRlOiBXZWQsIDA3IE9jdCAyMDI2IDA0OjM4OjM2IEdNVA0KU2VydmVyLVRpbWluZzogcXVldWU7ZHVyPTAuMCwgZXh0cmFjdDtkdXI9NDQ0LjgNClgtQ29udGVudC1UeXBlLU9wdGlvbnM6IG5vc25pZmYNCg0K
1791347892557497457,503,25016242075,10063439,0,503 Service Unavailable,,,1347,POST,http://proxy:8080/extract,Q29udGVudC1MZW5ndGg6IDExNQ0KQ29udGVudC1UeXBlOiBhcHBsaWNhdGlvbi9qc29uDQpSZXRyeS1BZnRlcjogMg0KWC1Db250ZW50LVR5cGUtT3B0aW9uczogbm9zbmlmZg0KDQo=
1791347892617179031,503,25004751815,736965,0,503 Service Unavailable,,,1350,POST,http://proxy:8080/extract,Q29udGVudC1MZW5ndGg6IDExNQ0KQ29udGVudC1UeXBlOiBhcHBsaWNhdGlvbi9qc29uDQpSZXRyeS1BZnRlcjogMg0KWC1Db250ZW50LVR5cGUtT3B0aW9uczogbm9zbmlmZg0KDQo=
1791347892146698287,200,25477699245,736965,0,,,,1326,POST,http://proxy:8080/extract,Q29udGVudC1MZW5ndGg6IDc5Mjg5NQ0KQ29udGVudC1UeXBlOiBhcHBsaWNhdGlvbi9qc29uDQpEYXRlOiBXZWQsIDA3IE9jdCAyMDI2IDA0OjM4OjM2IEdNVA0KU2VydmVyLVRpbWluZzogcXVldWU7ZHVyPTAuMCwgZXh0cmFjdDtkdXI9NDg1LjANClgtQ29udGVudC1UeXBlLU9wdGlvbnM6IG5vc25pZmYNCg0K
1791347892696906390,503,25003011050,736965,0,503 Service Unavailable,,,1354,POST,http://proxy:8080/extract,Q29udGVudC1MZW5ndGg6IDExNQ0KQ29udGVudC1UeXBlOiBhcHBsaWNhdGlvbi9qc29uDQpSZXRyeS1BZnRlcjogMg0KWC1Db250ZW50LVR5cGUtT3B0aW9uczogbm9zbmlmZg0KDQo=
1791347892477229202,200,25234813832,10063439,0,,,,1343,POST,http://proxy:8080/extract,Q29udGVudC1MZW5ndGg6IDQxMzA1DQpDb250ZW50LVR5cGU6IGFwcGxpY2F0aW9uL2pzb24NCkRhdGU6IFdlZCwgMDcgT2N0IDIwMjYgMDQ6Mzg6MzcgR01UDQpTZXJ2ZXItVGltaW5nOiBxdWV1ZTtkdXI9MC4wLCBleHRyYWN0O2R1cj0yMzMuNA0KWC1Db250ZW50LVR5cGUtT3B0aW9uczogbm9zbmlmZg0KDQo=
1791347892399725740,200,25357050224,10063439,0,,,,1339,POST,http://proxy:8080/extract,Q29udGVudC1MZW5ndGg6IDQxMzA1DQpDb250ZW50LVR5cGU6IGFwcGxpY2F0aW9uL2pzb24NCkRhdGU6IFdlZCwgMDcgT2N0IDIwMjYgMDQ6Mzg6MzYgR01UDQpTZXJ2ZXItVGltaW5nOiBxdWV1ZTtkdXI9MC4wLCBleHRyYWN0O2R1cj0yNjkuOQ0KWC1Db250ZW50LVR5cGUtT3B0aW9uczogbm9zbmlmZg0KDQo=
1791347892797376159,503,25009323761,10063439,0,503 Service Unavailable,,,1359,POST,http://proxy:8080/extract,Q29udGVudC1MZW5ndGg6IDExNQ0KQ29udGVudC1UeXBlOiBhcHBsaWNhdGlvbi9qc29uDQpSZXRyeS1BZnRlcjogMg0KWC1Db250ZW50LVR5cGUtT3B0aW9uczogbm9zbmlmZg0KDQo=
1791347892862711344,503,25012666933,736965,0,503 Service Unavailable,,,1362,POST,http://proxy:8080/extract,Q29udGVudC1MZW5ndGg6IDExNQ0KQ29udGVudC1UeXBlOiBhcHBsaWNhdGlvbi9qc29uDQpSZXRyeS1BZnRlcjogMg0KWC1Db250ZW50LVR5cGUtT3B0aW9uczogbm9zbmlmZg0KDQo=
1791347892637481162,200,25260146007,10063439,0,,,,1351,POST,http://proxy:8080/extract,Q29udGVudC1MZW5ndGg6IDQxMzA1DQpDb250ZW50LVR5cGU6IGFwcGxpY2F0aW9uL2pzb24NCkRhdGU6IFdlZCwgMDcgT2N0IDIwMjYgMDQ6Mzg6MzcgR01UDQpTZXJ2ZXItVGltaW5nOiBxdWV1ZTtkdXI9MC4wLCBleHRyYWN0O2R1cj0yMjguNQ0KWC1Db250ZW50LVR5cGUtT3B0aW9uczogbm9zbmlmZg0KDQo=
1791347892878224118,503,25021362838,10063439,0,503 Service Unavailable,,,1363,POST,http://proxy:8080/extract,Q29udGVudC1MZW5ndGg6IDExNQ0KQ29udGVudC1UeXBlOiBhcHBsaWNhdGlvbi9qc29uDQpSZXRyeS1BZnRlcjogMg0KWC1Db250ZW50LVR5cGUtT3B0aW9uczogbm9zbmlmZg0KDQo=
1791347892725212152,200,25235504971,10063439,0,,,,1355,POST,http://proxy:8080/extract,Q29udGVudC1MZW5ndGg6IDQxMzA1DQpDb250ZW50LVR5cGU6IGFwcGxpY2F0aW9uL2pzb24NCkRhdGU6IFdlZCwgMDcgT2N0IDIwMjYgMDQ6Mzg6MzcgR01UDQpTZXJ2ZXItVGltaW5nOiBxdWV1ZTtkdXI9MC4wLCBleHRyYWN0O2R1cj0yMjIuMw0KWC1Db250ZW50LVR5cGUtT3B0aW9uczogbm9zbmlmZg0KDQo=
1791347892959141590,503,25018371649,10063439,0,503 Service Unavailable,,,1367,POST,http://proxy:8080/extract,Q29udGVudC1MZW5ndGg6IDExNQ0KQ29udGVudC1UeXBlOiBhcHBsaWNhdGlvbi9qc29uDQpSZXRyeS1BZnRlcjogMg0KWC1Db250ZW50LVR5cGUtT3B0aW9uczogbm9zbmlmZg0KDQo=
1791347892537115012,200,25458690438,736965,0,,,,1346,POST,http://proxy:8080/extract,Q29udGVudC1MZW5ndGg6IDc5Mjg5NQ0KQ29udGVudC1UeXBlOiBhcHBsaWNhdGlvbi9qc29uDQpEYXRlOiBXZWQsIDA3IE9jdCAyMDI2IDA0OjM4OjM3IEdNVA0KU2VydmVyLVRpbWluZzogcXVldWU7ZHVyPTAuMCwgZXh0cmFjdDtkdXI9NTA3LjINClgtQ29udGVudC1UeXBlLU9wdGlvbnM6IG5vc25pZmYNCg0K
1791347893097485432,503,25002443872,736965,0,503 Service Unavailable,,,1374,POST,http://proxy:8080/extract,Q29udGVudC1MZW5ndGg6IDExNQ0KQ29udGVudC1UeXBlOiBhcHBsaWNhdGlvbi9qc29uDQpSZXRyeS1BZnRlcjogMg0KWC1Db250ZW50LVR5cGUtT3B0aW9uczogbm9zbmlmZg0KDQo=
1791347893117911885,503,25031175023,10063439,0,503 Service Unavailable,,,1375,POST,http://proxy:8080/extract,Q29udGVudC1MZW5ndGg6IDExNQ0KQ29udGVudC1UeXBlOiBhcHBsaWNhdGlvbi9qc29uDQpSZXRyeS1BZnRlcjogMg0KWC1Db250ZW50LVR5cGUtT3B0aW9uczogbm9zbmlmZg0KDQo=
1791347892459216880,200,25718198320,736965,0,,,,1342,POST,http://proxy:8080/extract,Q29udGVudC1MZW5ndGg6IDc5Mjg5NQ0KQ29udGVudC1UeXBlOiBhcHBsaWNhdGlvbi9qc29uDQpEYXRlOiBXZWQsIDA3IE9jdCAyMDI2IDA0OjM4OjM2IEdNVA0KU2VydmVyLVRpbWluZzogcXVldWU7ZHVyPTAuMCwgZXh0cmFjdDtkdXI9NzEzLjENClgtQ29udGVudC1UeXBlLU9wdGlvbnM6IG5vc25pZmYNCg0K
1791347893197155158,503,25039634663,10063439,0,503 Service Unavailable,,,1379,POST,http://proxy:8080/extract,Q29udGVudC1MZW5ndGg6IDExNQ0KQ29udGVudC1UeXBlOiBhcHBsaWNhdGlvbi9qc29uDQpSZXRyeS1BZnRlcjogMg0KWC1Db250ZW50LVR5cGUtT3B0aW9uczogbm9zbmlmZg0KDQo=
1791347893039162701,200,25218273896,10063439,0,,,,1371,POST,http://proxy:8080/extract,Q29udGVudC1MZW5ndGg6IDQxMzA1DQpDb250ZW50LVR5cGU6IGFwcGxpY2F0aW9uL2pzb24NCkRhdGU6IFdlZCwgMDcgT2N0IDIwMjYgMDQ6Mzg6MzcgR01UDQpTZXJ2ZXItVGltaW5nOiBxdWV1ZTtkdXI9MC4xLCBleHRyYWN0O2R1cj0yMjUuNw0KWC1Db250ZW50LVR5cGUtT3B0aW9uczogbm9zbmlmZg0KDQo=
1791347893277503628,503,25044388893,10063439,0,503 Service Unavailable,,,1383,POST,http://proxy:8080/extract,Q29udGVudC1MZW5ndGg6IDExNQ0KQ29udGVudC1UeXBlOiBhcHBsaWNhdGlvbi9qc29uDQpSZXRyeS1BZnRlcjogMg0KWC1Db250ZW50LVR5cGUtT3B0aW9uczogbm9zbmlmZg0KDQo=
1791347893339625938,503,25015678378,736965,0,503 Service Unavailable,,,1386,POST,http://proxy:8080/extract,Q29udGVudC1MZW5ndGg6IDExNQ0KQ29udGVudC1UeXBlOiBhcHBsaWNhdGlvbi9qc29uDQpSZXRyeS1BZnRlcjogMg0KWC1Db250ZW50LVR5cGUtT3B0aW9uczogbm9zbmlmZg0KDQo=
1791347893357188079,503,25013944862,10063439,0,503 Service Unavailable,,,1387,POST,http://proxy:8080/extract,Q29udGVudC1MZW5ndGg6IDExNQ0KQ29udGVudC1UeXBlOiBhcHBsaWNhdGlvbi9qc29uDQpSZXRyeS1BZnRlcjogMg0KWC1Db250ZW50LVR5cGUtT3B0aW9uczogbm9zbmlmZg0KDQo=
1791347892938150336,200,25441263740,736965,0,,,,1366,POST,http://proxy:8080/extract,Q29udGVudC1MZW5ndGg6IDc5Mjg5NQ0KQ29udGVudC1UeXBlOiBhcHBsaWNhdGlvbi9qc29uDQpEYXRlOiBXZWQsIDA3IE9jdCAyMDI2IDA0OjM4OjM3IEdNVA0KU2VydmVyLVRpbWluZzogcXVldWU7ZHVyPTAuMCwgZXh0cmFjdDtkdXI9NDkxLjANClgtQ29udGVudC1UeXBlLU9wdGlvbnM6IG5vc25pZmYNCg0K
1791347893017313294,200,25428455680,736965,0,,,,1370,POST,http://proxy:8080/extract,Q29udGVudC1MZW5ndGg6IDc5Mjg5NQ0KQ29udGVudC1UeXBlOiBhcHBsaWNhdGlvbi9qc29uDQpEYXRlOiBXZWQsIDA3IE9jdCAyMDI2IDA0OjM4OjM3IEdNVA0KU2VydmVyLVRpbWluZzogcXVldWU7ZHVyPTAuMCwgZXh0cmFjdDtkdXI9NDUzLjENClgtQ29udGVudC1UeXBlLU9wdGlvbnM6IG5vc25pZmYNCg0K
1791347893437229594,503,25012711204,10063439,0,503 Service Unavailable,,,1391,POST,http://proxy:8080/extract,Q29udGVudC1MZW5ndGg6IDExNQ0KQ29udGVudC1UeXBlOiBhcHBsaWNhdGlvbi9qc29uDQpSZXRyeS1BZnRlcjogMg0KWC1Db250ZW50LVR5cGUtT3B0aW9uczogbm9zbmlmZg0KDQo=
1791347892777865069,200,25725464468,736965,0,,,,1358,POST,http://proxy:8080/extract,Q29udGVudC1MZW5ndGg6IDc5Mjg5NQ0KQ29udGVudC1UeXBlOiBhcHBsaWNhdGlvbi9qc29uDQpEYXRlOiBXZWQsIDA3IE9jdCAyMDI2IDA0OjM4OjM2IEdNVA0KU2VydmVyLVRpbWluZzogcXVldWU7ZHVyPTAuMCwgZXh0cmFjdDtkdXI9NzQxLjQNClgtQ29udGVudC1UeXBlLU9wdGlvbnM6IG5vc25pZmYNCg0K
1791347893577375959,503,25010413751,736965,0,503 Service Unavailable,,,1398,POST,http://proxy:8080/extract,Q29udGVudC1MZW5ndGg6IDExNQ0KQ29udGVudC1UeXBlOiBhcHBsaWNhdGlvbi9qc29uDQpSZXRyeS1BZnRlcjogMg0KWC1Db250ZW50LVR5cGUtT3B0aW9uczogbm9zbmlmZg0KDQo=
1791347893596895350,503,25012856695,10063439,0,503 Service Unavailable,,,1399,POST,http://proxy:8080/extract,Q29udGVudC1MZW5ndGg6IDExNQ0KQ29udGVudC1UeXBlOiBhcHBsaWNhdGlvbi9qc29uDQpSZXRyeS1BZnRlcjogMg0KWC1Db250ZW50LVR5cGUtT3B0aW9uczogbm9zbmlmZg0KDQo=
1791347893657091616,503,25002135896,736965,0,503 Service Unavailable,,,1402,POST,http://proxy:8080/extract,Q29udGVudC1MZW5ndGg6IDExNQ0KQ29udGVudC1UeXBlOiBhcHBsaWNhdGlvbi9qc29uDQpSZXRyeS1BZnRlcjogMg0KWC1Db250ZW50LVR5cGUtT3B0aW9uczogbm9zbmlmZg0KDQo=
1791347893679220573,503,25009642289,10063439,0,503 Service Unavailable,,,1403,POST,http://proxy:8080/extract,Q29udGVudC1MZW5ndGg6IDExNQ0KQ29udGVudC1UeXBlOiBhcHBsaWNhdGlvbi9qc29uDQpSZXRyeS1BZnRlcjogMg0KWC1Db250ZW50LVR5cGUtT3B0aW9uczogbm9zbmlmZg0KDQo=
1791347893257906623,200,25443524420,736965,0,,,,1382,POST,http://proxy:8080/extract,Q29udGVudC1MZW5ndGg6IDc5Mjg5NQ0KQ29udGVudC1UeXBlOiBhcHBsaWNhdGlvbi9qc29uDQpEYXRlOiBXZWQsIDA3IE9jdCAyMDI2IDA0OjM4OjM4IEdNVA0KU2VydmVyLVRpbWluZzogcXVldWU7ZHVyPTAuMSwgZXh0cmFjdDtkdXI9NDMzLjINClgtQ29udGVudC1UeXBlLU9wdGlvbnM6IG5vc25pZmYNCg0K
1791347893758879820,503,25012438519,10063439,0,503 Service Unavailable,,,1407,POST,http://proxy:8080/extract,Q29udGVudC1MZW5ndGg6IDExNQ0KQ29udGVudC1UeXBlOiBhcHBsaWNhdGlvbi9qc29uDQpSZXRyeS1BZnRlcjogMg0KWC1Db250ZW50LVR5cGUtT3B0aW9uczogbm9zbmlmZg0KDQo=
1791347893517228102,200,25257315974,10063439,0,,,,1395,POST,http://proxy:8080/extract,Q29udGVudC1MZW5ndGg6IDQxMzA1DQpDb250ZW50LVR5cGU6IGFwcGxpY2F0aW9uL2pzb24NCkRhdGU6IFdlZCwgMDcgT2N0IDIwMjYgMDQ6Mzg6MzcgR01UDQpTZXJ2ZXItVGltaW5nOiBxdWV1ZTtkdXI9MC4wLCBleHRyYWN0O2R1cj0yNTEuOA0KWC1Db250ZW50LVR5cGUtT3B0aW9uczogbm9zbmlmZg0KDQo=
1791347893837386161,503,25030532447,10063439,0,503 Service Unavailable,,,1411,POST,http://proxy:8080/extract,Q29udGVudC1MZW5ndGg6IDExNQ0KQ29udGVudC1UeXBlOiBhcHBsaWNhdGlvbi9qc29uDQpSZXRyeS1BZnRlcjogMg0KWC1Db250ZW50LVR5cGUtT3B0aW9uczogbm9zbmlmZg0KDQo=
1791347893177487540,200,25704661077,736965,0,,,,1378,POST,http://proxy:8080/extract,Q29udGVudC1MZW5ndGg6IDc5Mjg5NQ0KQ29udGVudC1UeXBlOiBhcHBsaWNhdGlvbi9qc29uDQpEYXRlOiBXZWQsIDA3IE9jdCAyMDI2IDA0OjM4OjM3IEdNVA0KU2VydmVyLVRpbWluZzogcXVldWU7ZHVyPTAuMCwgZXh0cmFjdDtkdXI9Njg4LjINClgtQ29udGVudC1UeXBlLU9wdGlvbnM6IG5vc25pZmYNCg0K
1791347893918013380,503,25007576913,10063439,0,503 Service Unavailable,,,1415,POST,http://proxy:8080/extract,Q29udGVudC1MZW5ndGg6IDExNQ0KQ29udGVudC1UeXBlOiBhcHBsaWNhdGlvbi9qc29uDQpSZXRyeS1BZnRlcjogMg0KWC1Db250ZW50LVR5cGUtT3B0aW9uczogbm9zbmlmZg0KDQo=
1791347893977495219,503,25002170248,736965,0,503 Service Unavailable,,,1418,POST,http://proxy:8080/extract,Q29udGVudC1MZW5ndGg6IDExNQ0KQ29udGVudC1UeXBlOiBhcHBsaWNhdGlvbi9qc29uDQpSZXRyeS1BZnRlcjogMg0KWC1Db250ZW50LVR5cGUtT3B0aW9uczogbm9zbmlmZg0KDQo=
1791347894000297297,503,25042225879,10063439,0,503 Service Unavailable,,,1419,POST,http://proxy:8080/extract,Q29udGVudC1MZW5ndGg6IDExNQ0KQ29udGVudC1UeXBlOiBhcHBsaWNhdGlvbi9qc29uDQpSZXRyeS1BZnRlcjogMg0KWC1Db250ZW50LVR5cGUtT3B0aW9uczogbm9zbmlmZg0KDQo=
1791347893417741709,200,25625239557,736965,0,,,,1390,POST,http://proxy:8080/extract,Q29udGVudC1MZW5ndGg6IDc5Mjg5NQ0KQ29udGVudC1UeXBlOiBhcHBsaWNhdGlvbi9qc29uDQpEYXRlOiBXZWQsIDA3IE9jdCAyMDI2IDA0OjM4OjM4IEdNVA0KU2VydmVyLVRpbWluZzogcXVldWU7ZHVyPTAuMCwgZXh0cmFjdDtkdXI9NjQ0LjQNClgtQ29udGVudC1UeXBlLU9wdGlvbnM6IG5vc25pZmYNCg0K
1791347893498464346,200,25550430788,736965,0,,,,1394,POST,http://proxy:8080/extract,Q29udGVudC1MZW5ndGg6IDc5Mjg5NQ0KQ29udGVudC1UeXBlOiBhcHBsaWNhdGlvbi9qc29uDQpEYXRlOiBXZWQsIDA3IE9jdCAyMDI2IDA0OjM4OjM4IEdNVA0KU2VydmVyLVRpbWluZzogcXVldWU7ZHVyPTAuMCwgZXh0cmFjdDtkdXI9NTgwLjgNClgtQ29udGVudC1UeXBlLU9wdGlvbnM6IG5vc25pZmYNCg0K
1791347894137795688,503,25002036897,736965,0,503 Service Unavailable,,,1426,POST,http://proxy:8080/extract,Q29udGVudC1MZW5ndGg6IDExNQ0KQ29udGVudC1UeXBlOiBhcHBsaWNhdGlvbi9qc29uDQpSZXRyeS1BZnRlcjogMg0KWC1Db250ZW50LVR5cGUtT3B0aW9uczogbm9zbmlmZg0KDQo=
1791347893737643222,200,25423029477,736965,0,,,,1406,POST,http://proxy:8080/extract,Q29udGVudC1MZW5ndGg6IDc5Mjg5NQ0KQ29udGVudC1UeXBlOiBhcHBsaWNhdGlvbi9qc29uDQpEYXRlOiBXZWQsIDA3IE9jdCAyMDI2IDA0OjM4OjM4IEdNVA0KU2VydmVyLVRpbWluZzogcXVldWU7ZHVyPTAuMCwgZXh0cmFjdDtkdXI9NDUzLjUNClgtQ29udGVudC1UeXBlLU9wdGlvbnM6IG5vc25pZmYNCg0K
1791347894223785167,503,25005452167,736965,0,503 Service Unavailable,,,1430,POST,http://proxy:8080/extract,Q29udGVudC1MZW5ndGg6IDExNQ0KQ29udGVudC1UeXBlOiBhcHBsaWNhdGlvbi9qc29uDQpSZXRyeS1BZnRlcjogMg0KWC1Db250ZW50LVR5cGUtT3B0aW9uczogbm9zbmlmZg0KDQo=
1791347893826172655,200,25407513457,736965,0,,,,1410,POST,http://proxy:8080/extract,Q29udGVudC1MZW5ndGg6IDc5Mjg5NQ0KQ29udGVudC1UeXBlOiBhcHBsaWNhdGlvbi9qc29uDQpEYXRlOiBXZWQsIDA3IE9jdCAyMDI2IDA0OjM4OjM3IEdNVA0KU2VydmVyLVRpbWluZzogcXVldWU7ZHVyPTAuMCwgZXh0cmFjdDtkdXI9NDU1LjQNClgtQ29udGVudC1UeXBlLU9wdGlvbnM6IG5vc25pZmYNCg0K
1791347894086415199,200,25214736231,10063439,0,,,,1423,POST,http://proxy:8080/extract,Q29udGVudC1MZW5ndGg6IDQxMzA1DQpDb250ZW50LVR5cGU6IGFwcGxpY2F0aW9uL2pzb24NCkRhdGU6IFdlZCwgMDcgT2N0IDIwMjYgMDQ6Mzg6MzggR01UDQpTZXJ2ZXItVGltaW5nOiBxdWV1ZTtkdXI9MC4xLCBleHRyYWN0O2R1cj0yMTcuNA0KWC1Db250ZW50LVR5cGUtT3B0aW9uczogbm9zbmlmZg0KDQo=
1791347894319659113,503,25020160450,10063439,0,503 Service Unavailable,,,1435,POST,http://proxy:8080/extract,Q29udGVudC1MZW5ndGg6IDExNQ0KQ29udGVudC1UeXBlOiBhcHBsaWNhdGlvbi9qc29uDQpSZXRyeS1BZnRlcjogMg0KWC1Db250ZW50LVR5cGUtT3B0aW9uczogbm9zbmlmZg0KDQo=
1791347894157039729,200,25213025505,10063439,0,,,,1427,POST,http://proxy:8080/extract,Q29udGVudC1MZW5ndGg6IDQxMzA1DQpDb250ZW50LVR5cGU6IGFwcGxpY2F0aW9uL2pzb24NCkRhdGU6IFdlZCwgMDcgT2N0IDIwMjYgMDQ6Mzg6MzkgR01UDQpTZXJ2ZXItVGltaW5nOiBxdWV1ZTtkdXI9MC4wLCBleHRyYWN0O2R1cj0xODEuNg0KWC1Db250ZW50LVR5cGUtT3B0aW9uczogbm9zbmlmZg0KDQo=
1791347894397582750,503,25011201527,10063439,0,503 Service Unavailable,,,1439,POST,http://proxy:8080/extract,Q29udGVudC1MZW5ndGg6IDExNQ0KQ29udGVudC1UeXBlOiBhcHBsaWNhdGlvbi9qc29uDQpSZXRyeS1BZnRlcjogMg0KWC1Db250ZW50LVR5cGUtT3B0aW9uczogbm9zbmlmZg0KDQo=
1791347894456913361,503,25011031194,736965,0,503 Service Unavailable,,,1442,POST,http://proxy:8080/extract,Q29udGVudC1MZW5ndGg6IDExNQ0KQ29udGVudC1UeXBlOiBhcHBsaWNhdGlvbi9qc29uDQpSZXRyeS1BZnRlcjogMg0KWC1Db250ZW50LVR5cGUtT3B0aW9uczogbm9zbmlmZg0KDQo=
1791347894237716958,200,25230739198,10063439,0,,,,1431,POST,http://proxy:8080/extract,Q29udGVudC1MZW5ndGg6IDQxMzA1DQpDb250ZW50LVR5cGU6IGFwcGxpY2F0aW9uL2pzb24NCkRhdGU6IFdlZCwgMDcgT2N0IDIwMjYgMDQ6Mzg6MzggR01UDQpTZXJ2ZXItVGltaW5nOiBxdWV1ZTtkdXI9MC4wLCBleHRyYWN0O2R1cj0xODEuNg0KWC1Db250ZW50LVR5cGUtT3B0aW9uczogbm9zbmlmZg0KDQo=
1791347894536904067,503,25022268397,736965,0,503 Service Unavailable,,,1446,POST,http://proxy:8080/extract,Q29udGVudC1MZW5ndGg6IDExNQ0KQ29udGVudC1UeXBlOiBhcHBsaWNhdGlvbi9qc29uDQpSZXRyeS1BZnRlcjogMg0KWC1Db250ZW50LVR5cGUtT3B0aW9uczogbm9zbmlmZg0KDQo=
1791347894563154061,503,25020505337,10063439,0,503 Service Unavailable,,,1447,POST,http://proxy:8080/extract,Q29udGVudC1MZW5ndGg6IDExNQ0KQ29udGVudC1UeXBlOiBhcHBsaWNhdGlvbi9qc29uDQpSZXRyeS1BZnRlcjogMg0KWC1Db250ZW50LVR5cGUtT3B0aW9uczogbm9zbmlmZg0KDQo=
1791347894617477277,503,25001352564,736965,0,503 Service Unavailable,,,1450,POST,http://proxy:8080/extract,Q29udGVudC1MZW5ndGg6IDExNQ0KQ29udGVudC1UeXBlOiBhcHBsaWNhdGlvbi9qc29uDQpSZXRyeS1BZnRlcjogMg0KWC1Db250ZW50LVR5cGUtT3B0aW9uczogbm9zbmlmZg0KDQo=
1791347893896896504,200,25745491587,736965,0,,,,1414,POST,http://proxy:8080/extract,Q29udGVudC1MZW5ndGg6IDc5Mjg5NQ0KQ29udGVudC1UeXBlOiBhcHBsaWNhdGlvbi9qc29uDQpEYXRlOiBXZWQsIDA3IE9jdCAyMDI2IDA0OjM4OjM4IEdNVA0KU2VydmVyLVRpbWluZzogcXVldWU7ZHVyPTAuMCwgZXh0cmFjdDtkdXI9NzU2LjENClgtQ29udGVudC1UeXBlLU9wdGlvbnM6IG5vc25pZmYNCg0K
1791347894637552567,503,25016982522,10063439,0,503 Service Unavailable,,,1451,POST,http://proxy:8080/extract,Q29udGVudC1MZW5ndGg6IDExNQ0KQ29udGVudC1UeXBlOiBhcHBsaWNhdGlvbi9qc29uDQpSZXRyeS1BZnRlcjogMg0KWC1Db250ZW50LVR5cGUtT3B0aW9uczogbm9zbmlmZg0KDQo=
1791347894487906804,200,25213957228,10063439,0,,,,1443,POST,http://proxy:8080/extract,Q29udGVudC1MZW5ndGg6IDQxMzA1DQpDb250ZW50LVR5cGU6IGFwcGxpY2F0aW9uL2pzb24NCkRhdGU6IFdlZCwgMDcgT2N0IDIwMjYgMDQ6Mzg6MzggR01UDQpTZXJ2ZXItVGltaW5nOiBxdWV1ZTtkdXI9MC4wLCBleHRyYWN0O2R1cj0yMDEuMQ0KWC1Db250ZW50LVR5cGUtT3B0aW9uczogbm9zbmlmZg0KDQo=
1791347894299504609,200,25465309150,736965,0,,,,1434,POST,http://proxy:8080/extract,Q29udGVudC1MZW5ndGg6IDc5Mjg5NQ0KQ29udGVudC1UeXBlOiBhcHBsaWNhdGlvbi9qc29uDQpEYXRlOiBXZWQsIDA3IE9jdCAyMDI2IDA0OjM4OjM5IEdNVA0KU2VydmVyLVRpbWluZzogcXVldWU7ZHVyPTAuMCwgZXh0cmFjdDtkdXI9NDIyLjUNClgtQ29udGVudC1UeXBlLU9wdGlvbnM6IG5vc25pZmYNCg0K
1791347894797746717,503,25019524297,10063439,0,503 Service Unavailable,,,1459,POST,http://proxy:8080/extract,Q29udGVudC1MZW5ndGg6IDExNQ0KQ29udGVudC1UeXBlOiBhcHBsaWNhdGlvbi9qc29uDQpSZXRyeS1BZnRlcjogMg0KWC1Db250ZW50LVR5cGUtT3B0aW9uczogbm9zbmlmZg0KDQo=
1791347894057014040,200,25795787588,736965,0,,,,1422,POST,http://proxy:8080/extract,Q29udGVudC1MZW5ndGg6IDc5Mjg5NQ0KQ29udGVudC1UeXBlOiBhcHBsaWNhdGlvbi9qc29uDQpEYXRlOiBXZWQsIDA3IE9jdCAyMDI2IDA0OjM4OjM4IEdNVA0KU2VydmVyLVRpbWluZzogcXVldWU7ZHVyPTAuMCwgZXh0cmFjdDtkdXI9ODAxLjkNClgtQ29udGVudC1UeXBlLU9wdGlvbnM6IG5vc25pZmYNCg0K
1791347894377831117,200,25504981335,736965,0,,,,1438,POST,http://proxy:8080/extract,Q29udGVudC1MZW5ndGg6IDc5Mjg5NQ0KQ29udGVudC1UeXBlOiBhcHBsaWNhdGlvbi9qc29uDQpEYXRlOiBXZWQsIDA3IE9jdCAyMDI2IDA0OjM4OjM5IEdNVA0KU2VydmVyLVRpbWluZzogcXVldWU7ZHVyPTAuMCwgZXh0cmFjdDtkdXI9NTA4LjANClgtQ29udGVudC1UeXBlLU9wdGlvbnM6IG5vc25pZmYNCg0K
1791347894937353986,503,25008082628,736965,0,503 Service Unavailable,,,1466,POST,http://proxy:8080/extract,Q29udGVudC1MZW5ndGg6IDExNQ0KQ29udGVudC1UeXBlOiBhcHBsaWNhdGlvbi9qc29uDQpSZXRyeS1BZnRlcjogMg0KWC1Db250ZW50LVR5cGUtT3B0aW9uczogbm9zbmlmZg0KDQo=
1791347894956996999,503,25019282404,10063439,0,503 Service Unavailable,,,1467,POST,http://proxy:8080/extract,Q29udGVudC1MZW5ndGg6IDExNQ0KQ29udGVudC1UeXBlOiBhcHBsaWNhdGlvbi9qc29uDQpSZXRyeS1BZnRlcjogMg0KWC1Db250ZW50LVR5cGUtT3B0aW9uczogbm9zbmlmZg0KDQo=
1791347895017499419,503,25006810465,736965,0,503 Service Unavailable,,,1470,POST,http://proxy:8080/extract,Q29udGVudC1MZW5ndGg6IDExNQ0KQ29udGVudC1UeXBlOiBhcHBsaWNhdGlvbi9qc29uDQpSZXRyeS1BZnRlcjogMg0KWC1Db250ZW50LVR5cGUtT3B0aW9uczogbm9zbmlmZg0KDQo=
1791347894717111796,200,25322275164,10063439,0,,,,1455,POST,http://proxy:8080/extract,Q29udGVudC1MZW5ndGg6IDQxMzA1DQpDb250ZW50LVR5cGU6IGFwcGxpY2F0aW9uL2pzb24NCkRhdGU6IFdlZCwgMDcgT2N0IDIwMjYgMDQ6Mzg6MzggR01UDQpTZXJ2ZXItVGltaW5nOiBxdWV1ZTtkdXI9MC4wLCBleHRyYWN0O2R1cj0yOTIuOA0KWC1Db250ZW50LVR5cGUtT3B0aW9uczogbm9zbmlmZg0KDQo=
1791347895102046340,503,25009319929,736965,0,503 Service Unavailable,,,1474,POST,http://proxy:8080/extract,Q29udGVudC1MZW5ndGg6IDExNQ0KQ29udGVudC1UeXBlOiBhcHBsaWNhdGlvbi9qc29uDQpSZXRyeS1BZnRlcjogMg0KWC1Db250ZW50LVR5cGUtT3B0aW9uczogbm9zbmlmZg0KDQo=
1791347895125968719,503,25023025578,10063439,0,503 Service Unavailable,,,1475,POST,http://proxy:8080/extract,Q29udGVudC1MZW5ndGg6IDExNQ0KQ29udGVudC1UeXBlOiBhcHBsaWNhdGlvbi9qc29uDQpSZXRyeS1BZnRlcjogMg0KWC1Db250ZW50LVR5cGUtT3B0aW9uczogbm9zbmlmZg0KDQo=
1791347895177474030,503,25006373247,736965,0,503 Service Unavailable,,,1478,POST,http://proxy:8080/extract,Q29udGVudC1MZW5ndGg6IDExNQ0KQ29udGVudC1UeXBlOiBhcHBsaWNhdGlvbi9qc29uDQpSZXRyeS1BZnRlcjogMg0KWC1Db250ZW50LVR5cGUtT3B0aW9uczogbm9zbmlmZg0KDQo=
1791347895197801766,503,25010263007,10063439,0,503 Service Unavailable,,,1479,POST,http://proxy:8080/extract,Q29udGVudC1MZW5ndGg6IDExNQ0KQ29udGVudC1UeXBlOiBhcHBsaWNhdGlvbi9qc29uDQpSZXRyeS1BZnRlcjogMg0KWC1Db250ZW50LVR5cGUtT3B0aW9uczogbm9zbmlmZg0KDQo=
1791347894878263018,200,25348785274,10063439,0,,,,1463,POST,http://proxy:8080/extract,Q29udGVudC1MZW5ndGg6IDQxMzA1DQpDb250ZW50LVR5cGU6IGFwcGxpY2F0aW9uL2pzb24NCkRhdGU6IFdlZCwgMDcgT2N0IDIwMjYgMDQ6Mzg6MzkgR01UDQpTZXJ2ZXItVGltaW5nOiBxdWV1ZTtkdXI9MC4wLCBleHRyYWN0O2R1cj0yODkuNg0KWC1Db250ZW50LVR5cGUtT3B0aW9uczogbm9zbmlmZg0KDQo=
1791347894697902861,200,25549681145,736965,0,,,,1454,POST,http://proxy:8080/extract,Q29udGVudC1MZW5ndGg6IDc5Mjg5NQ0KQ29udGVudC1UeXBlOiBhcHBsaWNhdGlvbi9qc29uDQpEYXRlOiBXZWQsIDA3IE9jdCAyMDI2IDA0OjM4OjM5IEdNVA0KU2VydmVyLVRpbWluZzogcXVldWU7ZHVyPTAuMCwgZXh0cmFjdDtkdXI9NTk1LjANClgtQ29udGVudC1UeXBlLU9wdGlvbnM6IG5vc25pZmYNCg0K
1791347895337624373,503,25001966969,736965,0,503 Service Unavailable,,,1486,POST,http://proxy:8080/extract,Q29udGVudC1MZW5ndGg6IDExNQ0KQ29udGVudC1UeXBlOiBhcHBsaWNhdGlvbi9qc29uDQpSZXRyeS1BZnRlcjogMg0KWC1Db250ZW50LVR5cGUtT3B0aW9uczogbm9zbmlmZg0KDQo=
1791347895356948929,503,25017120085,10063439,0,503 Service Unavailable,,,1487,POST,http://proxy:8080/extract,Q29udGVudC1MZW5ndGg6IDExNQ0KQ29udGVudC1UeXBlOiBhcHBsaWNhdGlvbi9qc29uDQpSZXRyeS1BZnRlcjogMg0KWC1Db250ZW50LVR5cGUtT3B0aW9uczogbm9zbmlmZg0KDQo=
1791347894859241816,200,25520906857,736965,0,,,,1462,POST,http://proxy:8080/extract,Q29udGVudC1MZW5ndGg6IDc5Mjg5NQ0KQ29udGVudC1UeXBlOiBhcHBsaWNhdGlvbi9qc29uDQpEYXRlOiBXZWQsIDA3IE9jdCAyMDI2IDA0OjM4OjM5IEdNVA0KU2VydmVyLVRpbWluZzogcXVldWU7ZHVyPTAuMCwgZXh0cmFjdDtkdXI9NTAxLjENClgtQ29udGVudC1UeXBlLU9wdGlvbnM6IG5vc25pZmYNCg0K
1791347895037437985,200,25342988240,10063439,0,,,,1471,POST,http://proxy:8080/extract,Q29udGVudC1MZW5ndGg6IDQxMzA1DQpDb250ZW50LVR5cGU6IGFwcGxpY2F0aW9uL2pzb24NCkRhdGU6IFdlZCwgMDcgT2N0IDIwMjYgMDQ6Mzg6MzkgR01UDQpTZXJ2ZXItVGltaW5nOiBxdWV1ZTtkdXI9MC4wLCBleHRyYWN0O2R1cj0zMDEuOA0KWC1Db250ZW50LVR5cGUtT3B0aW9uczogbm9zbmlmZg0KDQo=
1791347894783819227,200,25642950432,736965,0,,,,1458,POST,http://proxy:8080/extract,Q29udGVudC1MZW5ndGg6IDc5Mjg5NQ0KQ29udGVudC1UeXBlOiBhcHBsaWNhdGlvbi9qc29uDQpEYXRlOiBXZWQsIDA3IE9jdCAyMDI2IDA0OjM4OjM5IEdNVA0KU2VydmVyLVRpbWluZzogcXVldWU7ZHVyPTAuMCwgZXh0cmFjdDtkdXI9NjIwLjYNClgtQ29udGVudC1UeXBlLU9wdGlvbnM6IG5vc25pZmYNCg0K
1791347895517207590,503,25008367101,10063439,0,503 Service Unavailable,,,1495,POST,http://proxy:8080/extract,Q29udGVudC1MZW5ndGg6IDExNQ0KQ29udGVudC1UeXBlOiBhcHBsaWNhdGlvbi9qc29uDQpSZXRyeS1BZnRlcjogMg0KWC1Db250ZW50LVR5cGUtT3B0aW9uczogbm9zbmlmZg0KDQo=
1791347895277955501,200,25248093980,10063439,0,,,,1483,POST,http://proxy:8080/extract,Q29udGVudC1MZW5ndGg6IDQxMzA1DQpDb250ZW50LVR5cGU6IGFwcGxpY2F0aW9uL2pzb24NCkRhdGU6IFdlZCwgMDcgT2N0IDIwMjYgMDQ6Mzg6MzkgR01UDQpTZXJ2ZXItVGltaW5nOiBxdWV1ZTtkdXI9MC4wLCBleHRyYWN0O2R1cj0yNDQuNg0KWC1Db250ZW50LVR5cGUtT3B0aW9uczogbm9zbmlmZg0KDQo=
1791347895597433438,503,25007368153,10063439,0,503 Service Unavailable,,,1499,POST,http://proxy:8080/extract,Q29udGVudC1MZW5ndGg6IDExNQ0KQ29udGVudC1UeXBlOiBhcHBsaWNhdGlvbi9qc29uDQpSZXRyeS1BZnRlcjogMg0KWC1Db250ZW50LVR5cGUtT3B0aW9uczogbm9zbmlmZg0KDQo=
1791347895259632524,200,25437758015,736965,0,,,,1482,POST,http://proxy:8080/extract,Q29udGVudC1MZW5ndGg6IDc5Mjg5NQ0KQ29udGVudC1UeXBlOiBhcHBsaWNhdGlvbi9qc29uDQpEYXRlOiBXZWQsIDA3IE9jdCAyMDI2IDA0OjM4OjQwIEdNVA0KU2VydmVyLVRpbWluZzogcXVldWU7ZHVyPTAuMCwgZXh0cmFjdDtkdXI9NDY1LjUNClgtQ29udGVudC1UeXBlLU9wdGlvbnM6IG5vc25pZmYNCg0K
1791347895437377213,200,25323554737,10063439,0,,,,1491,POST,http://proxy:8080/extract,Q29udGVudC1MZW5ndGg6IDQxMzA1DQpDb250ZW50LVR5cGU6IGFwcGxpY2F0aW9uL2pzb24NCkRhdGU6IFdlZCwgMDcgT2N0IDIwMjYgMDQ6Mzg6MzkgR01UDQpTZXJ2ZXItVGltaW5nOiBxdWV1ZTtkdXI9MC4wLCBleHRyYWN0O2R1cj0yOTAuNw0KWC1Db250ZW50LVR5cGUtT3B0aW9uczogbm9zbmlmZg0KDQo=
1791347895418653364,200,25426859607,736965,0,,,,1490,POST,http://proxy:8080/extract,Q29udGVudC1MZW5ndGg6IDc5Mjg5NQ0KQ29udGVudC1UeXBlOiBhcHBsaWNhdGlvbi9qc29uDQpEYXRlOiBXZWQsIDA3IE9jdCAyMDI2IDA0OjM4OjQwIEdNVA0KU2VydmVyLVRpbWluZzogcXVldWU7ZHVyPTAuMCwgZXh0cmFjdDtkdXI9NDYxLjgNClgtQ29udGVudC1UeXBlLU9wdGlvbnM6IG5vc25pZmYNCg0K
1791347895577529579,200,25394264561,736965,0,,,,1498,POST,http://proxy:8080/extract,Q29udGVudC1MZW5ndGg6IDc5Mjg5NQ0KQ29udGVudC1UeXBlOiBhcHBsaWNhdGlvbi9qc29uDQpEYXRlOiBXZWQsIDA3IE9jdCAyMDI2IDA0OjM4OjM5IEdNVA0KU2VydmVyLVRpbWluZzogcXVldWU7ZHVyPTAuMCwgZXh0cmFjdDtkdXI9NDQwLjMNClgtQ29udGVudC1UeXBlLU9wdGlvbnM6IG5vc25pZmYNCg0K
1791347895497303231,200,25527424998,736965,0,,,,1494,POST,http://proxy:8080/extract,Q29udGVudC1MZW5ndGg6IDc5Mjg5NQ0KQ29udGVudC1UeXBlOiBhcHBsaWNhdGlvbi9qc29uDQpEYXRlOiBXZWQsIDA3IE9jdCAyMDI2IDA0OjM4OjQwIEdNVA0KU2VydmVyLVRpbWluZzogcXVldWU7ZHVyPTAuMCwgZXh0cmFjdDtkdXI9NTc3LjUNClgtQ29udGVudC1UeXBlLU9wdGlvbnM6IG5vc25pZmYNCg0K
